#-----------------------------------------------------------
# Vivado v2025.2 (64-bit)
# SW Build 6299465 on Fri Nov 14 12:34:56 MST 2025
# IP Build 6300035 on Fri Nov 14 10:48:45 MST 2025
# SharedData Build 6298862 on Thu Nov 13 04:50:51 MST 2025
# Start of session at: Sun Sep  6 20:52:32 2026
# Process ID         : 224933
# Current directory  : /home/ryanb/Documents/MINA/hw/custom_ip
# Command line       : vivado
# Log file           : /home/ryanb/Documents/MINA/hw/custom_ip/vivado.log
# Journal file       : /home/ryanb/Documents/MINA/hw/custom_ip/vivado.jou
# Running On         : ryan-21k8s14n00
# Platform           : EndeavourOS
# Operating System   : EndeavourOS Linux
# Processor Detail   : AMD Ryzen 7 PRO 7840U w/ Radeon 780M Graphics
# CPU Frequency      : 5063.560 MHz
# CPU Physical cores : 8
# CPU Logical cores  : 16
# Host memory        : 32211 MB
# Swap memory        : 0 MB
# Total Virtual      : 32211 MB
# Available Virtual  : 19470 MB
#-----------------------------------------------------------
start_gui
WARNING: [Board 49-26] cannot add Board Part digilentinc.com:arty-a7-100:part0:1.0 available at /opt/Xilinx/2025.2/data/boards/board_files/arty-a7-100/E.0/1.0/board.xml as part xc7a100tcsg324-1 specified in board_part file is either invalid or not available
WARNING: [Board 49-26] cannot add Board Part digilentinc.com:arty-a7-100:part0:1.1 available at /opt/Xilinx/2025.2/data/boards/board_files/arty-a7-100/E.0/1.1/board.xml as part xc7a100tcsg324-1 specified in board_part file is either invalid or not available
WARNING: [Board 49-26] cannot add Board Part digilentinc.com:arty-a7-35:part0:1.0 available at /opt/Xilinx/2025.2/data/boards/board_files/arty-a7-35/E.0/1.0/board.xml as part xc7a35ticsg324-1l specified in board_part file is either invalid or not available
WARNING: [Board 49-26] cannot add Board Part digilentinc.com:arty-a7-35:part0:1.1 available at /opt/Xilinx/2025.2/data/boards/board_files/arty-a7-35/E.0/1.1/board.xml as part xc7a35ticsg324-1l specified in board_part file is either invalid or not available
WARNING: [Board 49-26] cannot add Board Part digilentinc.com:arty-z7-10:part0:1.1 available at /opt/Xilinx/2025.2/data/boards/board_files/arty-z7-10/A.0/board.xml as part xc7z010clg400-1 specified in board_part file is either invalid or not available
WARNING: [Board 49-26] cannot add Board Part digilentinc.com:arty-z7-20:part0:1.1 available at /opt/Xilinx/2025.2/data/boards/board_files/arty-z7-20/A.0/board.xml as part xc7z020clg400-1 specified in board_part file is either invalid or not available
WARNING: [Board 49-26] cannot add Board Part digilentinc.com:arty:part0:1.1 available at /opt/Xilinx/2025.2/data/boards/board_files/arty/C.0/board.xml as part xc7a35ticsg324-1l specified in board_part file is either invalid or not available
WARNING: [Board 49-26] cannot add Board Part digilentinc.com:basys3:part0:1.2 available at /opt/Xilinx/2025.2/data/boards/board_files/basys3/C.0/board.xml as part xc7a35tcpg236-1 specified in board_part file is either invalid or not available
WARNING: [Board 49-26] cannot add Board Part digilentinc.com:cmod_a7-15t:part0:1.2 available at /opt/Xilinx/2025.2/data/boards/board_files/cmod_a7-15t/B.0/board.xml as part xc7a15tcpg236-1 specified in board_part file is either invalid or not available
WARNING: [Board 49-26] cannot add Board Part digilentinc.com:cmod_a7-35t:part0:1.2 available at /opt/Xilinx/2025.2/data/boards/board_files/cmod_a7-35t/B.0/board.xml as part xc7a35tcpg236-1 specified in board_part file is either invalid or not available
WARNING: [Board 49-26] cannot add Board Part digilentinc.com:cora-z7-07s:part0:1.1 available at /opt/Xilinx/2025.2/data/boards/board_files/cora-z7-07s/B.0/board.xml as part xc7z007sclg400-1 specified in board_part file is either invalid or not available
WARNING: [Board 49-26] cannot add Board Part digilentinc.com:cora-z7-10:part0:1.1 available at /opt/Xilinx/2025.2/data/boards/board_files/cora-z7-10/B.0/board.xml as part xc7z010clg400-1 specified in board_part file is either invalid or not available
WARNING: [Board 49-26] cannot add Board Part digilentinc.com:eclypse-z7:part0:1.0 available at /opt/Xilinx/2025.2/data/boards/board_files/eclypse-z7/A.0/board.xml as part xc7z020clg484-1 specified in board_part file is either invalid or not available
WARNING: [Board 49-26] cannot add Board Part digilentinc.com:eclypse-z7:part0:1.1 available at /opt/Xilinx/2025.2/data/boards/board_files/eclypse-z7/B.0/board.xml as part xc7z020clg484-1 specified in board_part file is either invalid or not available
WARNING: [Board 49-26] cannot add Board Part digilentinc.com:genesys2:part0:1.1 available at /opt/Xilinx/2025.2/data/boards/board_files/genesys2/H/board.xml as part xc7k325tffg900-2 specified in board_part file is either invalid or not available
WARNING: [Board 49-26] cannot add Board Part digilentinc.com:gzu_3eg:part0:1.0 available at /opt/Xilinx/2025.2/data/boards/board_files/genesys-zu-3eg/B.0/board.xml as part xczu3eg-sfvc784-1-e specified in board_part file is either invalid or not available
WARNING: [Board 49-26] cannot add Board Part digilentinc.com:gzu_3eg:part0:1.1 available at /opt/Xilinx/2025.2/data/boards/board_files/genesys-zu-3eg/D.0/board.xml as part xczu3eg-sfvc784-1-e specified in board_part file is either invalid or not available
WARNING: [Board 49-26] cannot add Board Part digilentinc.com:gzu_5ev:part0:1.1 available at /opt/Xilinx/2025.2/data/boards/board_files/genesys-zu-5ev/C.0/board.xml as part xczu5ev-sfvc784-1-e specified in board_part file is either invalid or not available
WARNING: [Board 49-26] cannot add Board Part digilentinc.com:nexys-a7-100t:part0:1.0 available at /opt/Xilinx/2025.2/data/boards/board_files/nexys-a7-100t/D.0/1.0/board.xml as part xc7a100tcsg324-1 specified in board_part file is either invalid or not available
WARNING: [Board 49-26] cannot add Board Part digilentinc.com:nexys-a7-100t:part0:1.3 available at /opt/Xilinx/2025.2/data/boards/board_files/nexys-a7-100t/D.0/1.3/board.xml as part xc7a100tcsg324-1 specified in board_part file is either invalid or not available
WARNING: [Board 49-26] cannot add Board Part digilentinc.com:nexys-a7-50t:part0:1.0 available at /opt/Xilinx/2025.2/data/boards/board_files/nexys-a7-50t/D.0/1.0/board.xml as part xc7a50ticsg324-1l specified in board_part file is either invalid or not available
WARNING: [Board 49-26] cannot add Board Part digilentinc.com:nexys-a7-50t:part0:1.3 available at /opt/Xilinx/2025.2/data/boards/board_files/nexys-a7-50t/D.0/1.3/board.xml as part xc7a50ticsg324-1l specified in board_part file is either invalid or not available
WARNING: [Board 49-26] cannot add Board Part digilentinc.com:nexys4:part0:1.1 available at /opt/Xilinx/2025.2/data/boards/board_files/nexys4/B.1/board.xml as part xc7a100tcsg324-1 specified in board_part file is either invalid or not available
WARNING: [Board 49-26] cannot add Board Part digilentinc.com:nexys4_ddr:part0:1.1 available at /opt/Xilinx/2025.2/data/boards/board_files/nexys4_ddr/C.1/board.xml as part xc7a100tcsg324-1 specified in board_part file is either invalid or not available
WARNING: [Board 49-26] cannot add Board Part digilentinc.com:nexys_video:part0:1.1 available at /opt/Xilinx/2025.2/data/boards/board_files/nexys_video/A.0/1.1/board.xml as part xc7a200tsbg484-1 specified in board_part file is either invalid or not available
WARNING: [Board 49-26] cannot add Board Part digilentinc.com:nexys_video:part0:1.2 available at /opt/Xilinx/2025.2/data/boards/board_files/nexys_video/A.0/1.2/board.xml as part xc7a200tsbg484-1 specified in board_part file is either invalid or not available
WARNING: [Board 49-26] cannot add Board Part digilentinc.com:sword:part0:1.0 available at /opt/Xilinx/2025.2/data/boards/board_files/sword/C.0/board.xml as part xc7k325tffg900-2 specified in board_part file is either invalid or not available
WARNING: [Board 49-26] cannot add Board Part digilentinc.com:usb104-a7:part0:1.0 available at /opt/Xilinx/2025.2/data/boards/board_files/usb104-a7/B/1.0/board.xml as part xc7a100tcsg324-1 specified in board_part file is either invalid or not available
WARNING: [Board 49-26] cannot add Board Part digilentinc.com:usb104-a7:part0:1.1 available at /opt/Xilinx/2025.2/data/boards/board_files/usb104-a7/B/1.1/board.xml as part xc7a100tcsg324-1 specified in board_part file is either invalid or not available
WARNING: [Board 49-26] cannot add Board Part digilentinc.com:usb104-a7:part0:1.2 available at /opt/Xilinx/2025.2/data/boards/board_files/usb104-a7/B/1.2/board.xml as part xc7a100tcsg324-1 specified in board_part file is either invalid or not available
WARNING: [Board 49-26] cannot add Board Part digilentinc.com:usb104-a7:part0:1.3 available at /opt/Xilinx/2025.2/data/boards/board_files/usb104-a7/B/1.3/board.xml as part xc7a100tcsg324-1 specified in board_part file is either invalid or not available
WARNING: [Board 49-26] cannot add Board Part digilentinc.com:zedboard:part0:1.1 available at /opt/Xilinx/2025.2/data/boards/board_files/zedboard/1.3/board.xml as part xc7z020clg484-1 specified in board_part file is either invalid or not available
WARNING: [Board 49-26] cannot add Board Part digilentinc.com:zybo-z7-10:part0:1.2 available at /opt/Xilinx/2025.2/data/boards/board_files/zybo-z7-10/A.0/board.xml as part xc7z010clg400-1 specified in board_part file is either invalid or not available
WARNING: [Board 49-26] cannot add Board Part digilentinc.com:zybo-z7-20:part0:1.2 available at /opt/Xilinx/2025.2/data/boards/board_files/zybo-z7-20/A.0/board.xml as part xc7z020clg400-1 specified in board_part file is either invalid or not available
WARNING: [Board 49-26] cannot add Board Part digilentinc.com:zybo:part0:1.0 available at /opt/Xilinx/2025.2/data/boards/board_files/zybo/B.3/board.xml as part xc7z010clg400-1 specified in board_part file is either invalid or not available
WARNING: [Board 49-26] cannot add Board Part digilentinc.com:zybo:part0:2.0 available at /opt/Xilinx/2025.2/data/boards/board_files/zybo/B.4/board.xml as part xc7z010clg400-1 specified in board_part file is either invalid or not available
WARNING: [Board 49-26] cannot add Board Part xilinx.com:ac701:part0:1.4 available at /opt/Xilinx/2025.2/data/xhub/boards/XilinxBoardStore/boards/Xilinx/ac701/1.4/board.xml as part xc7a200tfbg676-2 specified in board_part file is either invalid or not available
WARNING: [Board 49-26] cannot add Board Part xilinx.com:emb-plus-vpr-4616:part0:1.0 available at /opt/Xilinx/2025.2/data/xhub/boards/XilinxBoardStore/boards/Xilinx/emb-plus-vpr-4616/1.0/board.xml as part xcve2302-sfva784-2mp-e-s specified in board_part file is either invalid or not available
WARNING: [Board 49-26] cannot add Board Part xilinx.com:emb-plus-vpr-4616:part0:1.1 available at /opt/Xilinx/2025.2/data/xhub/boards/XilinxBoardStore/boards/Xilinx/emb-plus-vpr-4616/1.1/board.xml as part xcve2302-sfva784-2mp-e-s specified in board_part file is either invalid or not available
WARNING: [Board 49-26] cannot add Board Part xilinx.com:k24c:part0:1.0 available at /opt/Xilinx/2025.2/data/xhub/boards/XilinxBoardStore/boards/Xilinx/k24c/1.0/board.xml as part xck24-ubva530-2lv-c specified in board_part file is either invalid or not available
WARNING: [Board 49-26] cannot add Board Part xilinx.com:k24c:part0:1.1 available at /opt/Xilinx/2025.2/data/xhub/boards/XilinxBoardStore/boards/Xilinx/k24c/1.1/board.xml as part xck24-ubva530-2lv-c specified in board_part file is either invalid or not available
WARNING: [Board 49-26] cannot add Board Part xilinx.com:k24i:part0:1.0 available at /opt/Xilinx/2025.2/data/xhub/boards/XilinxBoardStore/boards/Xilinx/k24i/1.0/board.xml as part xck24-ubva530-2lvi-i specified in board_part file is either invalid or not available
WARNING: [Board 49-26] cannot add Board Part xilinx.com:k26c:part0:1.2 available at /opt/Xilinx/2025.2/data/xhub/boards/XilinxBoardStore/boards/Xilinx/k26c/1.2/board.xml as part xck26-sfvc784-2lv-c specified in board_part file is either invalid or not available
WARNING: [Board 49-26] cannot add Board Part xilinx.com:k26c:part0:1.3 available at /opt/Xilinx/2025.2/data/xhub/boards/XilinxBoardStore/boards/Xilinx/k26c/1.3/board.xml as part xck26-sfvc784-2lv-c specified in board_part file is either invalid or not available
WARNING: [Board 49-26] cannot add Board Part xilinx.com:k26c:part0:1.4 available at /opt/Xilinx/2025.2/data/xhub/boards/XilinxBoardStore/boards/Xilinx/k26c/1.4/board.xml as part xck26-sfvc784-2lv-c specified in board_part file is either invalid or not available
WARNING: [Board 49-26] cannot add Board Part xilinx.com:k26i:part0:1.2 available at /opt/Xilinx/2025.2/data/xhub/boards/XilinxBoardStore/boards/Xilinx/k26i/1.2/board.xml as part xck26-sfvc784-2lvi-i specified in board_part file is either invalid or not available
WARNING: [Board 49-26] cannot add Board Part xilinx.com:k26i:part0:1.3 available at /opt/Xilinx/2025.2/data/xhub/boards/XilinxBoardStore/boards/Xilinx/k26i/1.3/board.xml as part xck26-sfvc784-2lvi-i specified in board_part file is either invalid or not available
WARNING: [Board 49-26] cannot add Board Part xilinx.com:k26i:part0:1.4 available at /opt/Xilinx/2025.2/data/xhub/boards/XilinxBoardStore/boards/Xilinx/k26i/1.4/board.xml as part xck26-sfvc784-2lvi-i specified in board_part file is either invalid or not available
WARNING: [Board 49-26] cannot add Board Part xilinx.com:kc705:part0:1.6 available at /opt/Xilinx/2025.2/data/xhub/boards/XilinxBoardStore/boards/Xilinx/kc705/1.6/board.xml as part xc7k325tffg900-2 specified in board_part file is either invalid or not available
WARNING: [Board 49-26] cannot add Board Part xilinx.com:kc705:part0:1.7 available at /opt/Xilinx/2025.2/data/xhub/boards/XilinxBoardStore/boards/Xilinx/kc705/1.7/board.xml as part xc7k325tffg900-2 specified in board_part file is either invalid or not available
WARNING: [Board 49-26] cannot add Board Part xilinx.com:kcu105:part0:1.6 available at /opt/Xilinx/2025.2/data/xhub/boards/XilinxBoardStore/boards/Xilinx/kcu105/1.6/board.xml as part xcku040-ffva1156-2-e specified in board_part file is either invalid or not available
WARNING: [Board 49-26] cannot add Board Part xilinx.com:kcu105:part0:1.7 available at /opt/Xilinx/2025.2/data/xhub/boards/XilinxBoardStore/boards/Xilinx/kcu105/1.7/board.xml as part xcku040-ffva1156-2-e specified in board_part file is either invalid or not available
WARNING: [Board 49-26] cannot add Board Part xilinx.com:kcu116:part0:1.4 available at /opt/Xilinx/2025.2/data/xhub/boards/XilinxBoardStore/boards/Xilinx/kcu116/1.4/board.xml as part xcku5p-ffvb676-2-e specified in board_part file is either invalid or not available
WARNING: [Board 49-26] cannot add Board Part xilinx.com:kcu116:part0:1.5 available at /opt/Xilinx/2025.2/data/xhub/boards/XilinxBoardStore/boards/Xilinx/kcu116/1.5/board.xml as part xcku5p-ffvb676-2-e specified in board_part file is either invalid or not available
WARNING: [Board 49-26] cannot add Board Part xilinx.com:kcu1500:part0:1.2 available at /opt/Xilinx/2025.2/data/xhub/boards/XilinxBoardStore/boards/Xilinx/kcu1500/1.2/board.xml as part xcku115-flvb2104-2-e specified in board_part file is either invalid or not available
WARNING: [Board 49-26] cannot add Board Part xilinx.com:kd240_som:part0:1.0 available at /opt/Xilinx/2025.2/data/xhub/boards/XilinxBoardStore/boards/Xilinx/kd240_som/1.0/board.xml as part xck24-ubva530-2lv-c specified in board_part file is either invalid or not available
WARNING: [Board 49-26] cannot add Board Part xilinx.com:kd240_som:part0:1.1 available at /opt/Xilinx/2025.2/data/xhub/boards/XilinxBoardStore/boards/Xilinx/kd240_som/1.1/board.xml as part xck24-ubva530-2lv-c specified in board_part file is either invalid or not available
WARNING: [Board 49-26] cannot add Board Part xilinx.com:kr260_som:part0:1.0 available at /opt/Xilinx/2025.2/data/xhub/boards/XilinxBoardStore/boards/Xilinx/kr260_som/1.0/board.xml as part xck26-sfvc784-2lv-c specified in board_part file is either invalid or not available
WARNING: [Board 49-26] cannot add Board Part xilinx.com:kr260_som:part0:1.1 available at /opt/Xilinx/2025.2/data/xhub/boards/XilinxBoardStore/boards/Xilinx/kr260_som/1.1/board.xml as part xck26-sfvc784-2lv-c specified in board_part file is either invalid or not available
WARNING: [Board 49-26] cannot add Board Part xilinx.com:kv260_som:part0:1.2 available at /opt/Xilinx/2025.2/data/xhub/boards/XilinxBoardStore/boards/Xilinx/kv260_som/1.2/board.xml as part xck26-sfvc784-2lv-c specified in board_part file is either invalid or not available
WARNING: [Board 49-26] cannot add Board Part xilinx.com:kv260_som:part0:1.3 available at /opt/Xilinx/2025.2/data/xhub/boards/XilinxBoardStore/boards/Xilinx/kv260_som/1.3/board.xml as part xck26-sfvc784-2lv-c specified in board_part file is either invalid or not available
WARNING: [Board 49-26] cannot add Board Part xilinx.com:kv260_som:part0:1.4 available at /opt/Xilinx/2025.2/data/xhub/boards/XilinxBoardStore/boards/Xilinx/kv260_som/1.4/board.xml as part xck26-sfvc784-2lv-c specified in board_part file is either invalid or not available
WARNING: [Board 49-26] cannot add Board Part xilinx.com:scu35:part0:1.0 available at /opt/Xilinx/2025.2/data/xhub/boards/XilinxBoardStore/boards/Xilinx/scu35/1.0/board.xml as part xcsu35p-sbvb625-2-e specified in board_part file is either invalid or not available
WARNING: [Board 49-26] cannot add Board Part xilinx.com:v80:part0:1.0 available at /opt/Xilinx/2025.2/data/xhub/boards/XilinxBoardStore/boards/Xilinx/v80/1.0/board.xml as part xcv80-lsva4737-2mhp-e-s specified in board_part file is either invalid or not available
WARNING: [Board 49-26] cannot add Board Part xilinx.com:vc707:part0:1.4 available at /opt/Xilinx/2025.2/data/xhub/boards/XilinxBoardStore/boards/Xilinx/vc707/1.4/board.xml as part xc7vx485tffg1761-2 specified in board_part file is either invalid or not available
WARNING: [Board 49-26] cannot add Board Part xilinx.com:vc707:part0:1.5 available at /opt/Xilinx/2025.2/data/xhub/boards/XilinxBoardStore/boards/Xilinx/vc707/1.5/board.xml as part xc7vx485tffg1761-2 specified in board_part file is either invalid or not available
WARNING: [Board 49-26] cannot add Board Part xilinx.com:vc709:part0:1.8 available at /opt/Xilinx/2025.2/data/xhub/boards/XilinxBoardStore/boards/Xilinx/vc709/1.8/board.xml as part xc7vx690tffg1761-2 specified in board_part file is either invalid or not available
WARNING: [Board 49-26] cannot add Board Part xilinx.com:vck190:part0:2.2 available at /opt/Xilinx/2025.2/data/xhub/boards/XilinxBoardStore/boards/Xilinx/vck190/production/2.2/board.xml as part xcvc1902-vsva2197-2mp-e-s specified in board_part file is either invalid or not available
WARNING: [Board 49-26] cannot add Board Part xilinx.com:vck190:part0:3.0 available at /opt/Xilinx/2025.2/data/xhub/boards/XilinxBoardStore/boards/Xilinx/vck190/production/3.0/board.xml as part xcvc1902-vsva2197-2mp-e-s specified in board_part file is either invalid or not available
WARNING: [Board 49-26] cannot add Board Part xilinx.com:vck190:part0:3.1 available at /opt/Xilinx/2025.2/data/xhub/boards/XilinxBoardStore/boards/Xilinx/vck190/production/3.1/board.xml as part xcvc1902-vsva2197-2mp-e-s specified in board_part file is either invalid or not available
WARNING: [Board 49-26] cannot add Board Part xilinx.com:vck190:part0:3.2 available at /opt/Xilinx/2025.2/data/xhub/boards/XilinxBoardStore/boards/Xilinx/vck190/production/3.2/board.xml as part xcvc1902-vsva2197-2mp-e-s specified in board_part file is either invalid or not available
WARNING: [Board 49-26] cannot add Board Part xilinx.com:vck190:part0:3.3 available at /opt/Xilinx/2025.2/data/xhub/boards/XilinxBoardStore/boards/Xilinx/vck190/production/3.3/board.xml as part xcvc1902-vsva2197-2mp-e-s specified in board_part file is either invalid or not available
WARNING: [Board 49-26] cannot add Board Part xilinx.com:vck190:part0:3.4 available at /opt/Xilinx/2025.2/data/xhub/boards/XilinxBoardStore/boards/Xilinx/vck190/production/3.4/board.xml as part xcvc1902-vsva2197-2mp-e-s specified in board_part file is either invalid or not available
WARNING: [Board 49-26] cannot add Board Part xilinx.com:vck190_newl:part0:1.0 available at /opt/Xilinx/2025.2/data/xhub/boards/XilinxBoardStore/boards/Xilinx/vck190_newl/production/1.0/board.xml as part xcvc1902-vsva2197-2mp-e-s specified in board_part file is either invalid or not available
WARNING: [Board 49-26] cannot add Board Part xilinx.com:vck190_newl:part0:1.1 available at /opt/Xilinx/2025.2/data/xhub/boards/XilinxBoardStore/boards/Xilinx/vck190_newl/production/1.1/board.xml as part xcvc1902-vsva2197-2mp-e-s specified in board_part file is either invalid or not available
WARNING: [Board 49-26] cannot add Board Part xilinx.com:vck190_newl:part0:1.2 available at /opt/Xilinx/2025.2/data/xhub/boards/XilinxBoardStore/boards/Xilinx/vck190_newl/production/1.2/board.xml as part xcvc1902-vsva2197-2mp-e-s specified in board_part file is either invalid or not available
WARNING: [Board 49-26] cannot add Board Part xilinx.com:vck190_newl:part0:1.3 available at /opt/Xilinx/2025.2/data/xhub/boards/XilinxBoardStore/boards/Xilinx/vck190_newl/production/1.3/board.xml as part xcvc1902-vsva2197-2mp-e-s specified in board_part file is either invalid or not available
WARNING: [Board 49-26] cannot add Board Part xilinx.com:vcu108:part0:1.6 available at /opt/Xilinx/2025.2/data/xhub/boards/XilinxBoardStore/boards/Xilinx/vcu108/1.6/board.xml as part xcvu095-ffva2104-2-e specified in board_part file is either invalid or not available
WARNING: [Board 49-26] cannot add Board Part xilinx.com:vcu108:part0:1.7 available at /opt/Xilinx/2025.2/data/xhub/boards/XilinxBoardStore/boards/Xilinx/vcu108/1.7/board.xml as part xcvu095-ffva2104-2-e specified in board_part file is either invalid or not available
WARNING: [Board 49-26] cannot add Board Part xilinx.com:vcu110:part0:1.4 available at /opt/Xilinx/2025.2/data/xhub/boards/XilinxBoardStore/boards/Xilinx/vcu110/1.4/board.xml as part xcvu190-flgc2104-2-e specified in board_part file is either invalid or not available
WARNING: [Board 49-26] cannot add Board Part xilinx.com:vcu118:part0:2.0 available at /opt/Xilinx/2025.2/data/xhub/boards/XilinxBoardStore/boards/Xilinx/vcu118/2.0/board.xml as part xcvu9p-flga2104-2l-e specified in board_part file is either invalid or not available
WARNING: [Board 49-26] cannot add Board Part xilinx.com:vcu118:part0:2.3 available at /opt/Xilinx/2025.2/data/xhub/boards/XilinxBoardStore/boards/Xilinx/vcu118/2.3/board.xml as part xcvu9p-flga2104-2l-e specified in board_part file is either invalid or not available
WARNING: [Board 49-26] cannot add Board Part xilinx.com:vcu118:part0:2.4 available at /opt/Xilinx/2025.2/data/xhub/boards/XilinxBoardStore/boards/Xilinx/vcu118/2.4/board.xml as part xcvu9p-flga2104-2l-e specified in board_part file is either invalid or not available
WARNING: [Board 49-26] cannot add Board Part xilinx.com:vcu128:part0:1.0 available at /opt/Xilinx/2025.2/data/xhub/boards/XilinxBoardStore/boards/Xilinx/vcu128/production/1.0/board.xml as part xcvu37p-fsvh2892-2l-e specified in board_part file is either invalid or not available
WARNING: [Board 49-26] cannot add Board Part xilinx.com:vcu129:part0:1.0 available at /opt/Xilinx/2025.2/data/xhub/boards/XilinxBoardStore/boards/Xilinx/vcu129/production/1.0/board.xml as part xcvu29p-fsga2577-2l-e specified in board_part file is either invalid or not available
WARNING: [Board 49-26] cannot add Board Part xilinx.com:vcu1525:part0:1.3 available at /opt/Xilinx/2025.2/data/xhub/boards/XilinxBoardStore/boards/Xilinx/vcu1525/1.3/board.xml as part xcvu9p-fsgd2104-2l-e specified in board_part file is either invalid or not available
WARNING: [Board 49-26] cannot add Board Part xilinx.com:vek280:part0:1.0 available at /opt/Xilinx/2025.2/data/xhub/boards/XilinxBoardStore/boards/Xilinx/vek280/production/1.0/board.xml as part xcve2802-vsvh1760-2mp-e-s specified in board_part file is either invalid or not available
WARNING: [Board 49-26] cannot add Board Part xilinx.com:vek280:part0:1.1 available at /opt/Xilinx/2025.2/data/xhub/boards/XilinxBoardStore/boards/Xilinx/vek280/production/1.1/board.xml as part xcve2802-vsvh1760-2mp-e-s specified in board_part file is either invalid or not available
WARNING: [Board 49-26] cannot add Board Part xilinx.com:vek280:part0:1.2 available at /opt/Xilinx/2025.2/data/xhub/boards/XilinxBoardStore/boards/Xilinx/vek280/production/1.2/board.xml as part xcve2802-vsvh1760-2mp-e-s specified in board_part file is either invalid or not available
WARNING: [Board 49-26] cannot add Board Part xilinx.com:vek385:part0:1.0 available at /opt/Xilinx/2025.2/data/xhub/boards/XilinxBoardStore/boards/Xilinx/vek385/1.0/board.xml as part xc2ve3858-ssva2112-2mp-e-s specified in board_part file is either invalid or not available
WARNING: [Board 49-26] cannot add Board Part xilinx.com:vek385:part0:1.1 available at /opt/Xilinx/2025.2/data/xhub/boards/XilinxBoardStore/boards/Xilinx/vek385/1.1/board.xml as part xc2ve3858-ssva2112-2mp-e-s specified in board_part file is either invalid or not available
WARNING: [Board 49-26] cannot add Board Part xilinx.com:vek385_1:part0:1.0 available at /opt/Xilinx/2025.2/data/xhub/boards/XilinxBoardStore/boards/Xilinx/vek385_2/1.0/board.xml as part xc2ve3858-ssva2112-2mp-e-s specified in board_part file is either invalid or not available
WARNING: [Board 49-26] cannot add Board Part xilinx.com:vermeo_t1_mpsoc:part0:1.0 available at /opt/Xilinx/2025.2/data/xhub/boards/XilinxBoardStore/boards/Xilinx/vermeo_t1_mpsoc/1.0/board.xml as part xczu19eg-ffvd1760-2l-e specified in board_part file is either invalid or not available
WARNING: [Board 49-26] cannot add Board Part xilinx.com:vermeo_t1_rfsoc:part0:1.0 available at /opt/Xilinx/2025.2/data/xhub/boards/XilinxBoardStore/boards/Xilinx/vermeo_t1_rfsoc/1.0/board.xml as part xczu21dr-ffvd1156-2l-e specified in board_part file is either invalid or not available
WARNING: [Board 49-26] cannot add Board Part xilinx.com:vhk158:part0:1.0 available at /opt/Xilinx/2025.2/data/xhub/boards/XilinxBoardStore/boards/Xilinx/vhk158/production/1.0/board.xml as part xcvh1582-vsva3697-2mp-e-s specified in board_part file is either invalid or not available
WARNING: [Board 49-26] cannot add Board Part xilinx.com:vhk158:part0:1.1 available at /opt/Xilinx/2025.2/data/xhub/boards/XilinxBoardStore/boards/Xilinx/vhk158/production/1.1/board.xml as part xcvh1582-vsva3697-2mp-e-s specified in board_part file is either invalid or not available
WARNING: [Board 49-26] cannot add Board Part xilinx.com:vhk158:part0:1.2 available at /opt/Xilinx/2025.2/data/xhub/boards/XilinxBoardStore/boards/Xilinx/vhk158/production/1.2/board.xml as part xcvh1582-vsva3697-2mp-e-s specified in board_part file is either invalid or not available
WARNING: [Board 49-26] cannot add Board Part xilinx.com:vmk180:part0:2.2 available at /opt/Xilinx/2025.2/data/xhub/boards/XilinxBoardStore/boards/Xilinx/vmk180/production/2.2/board.xml as part xcvm1802-vsva2197-2mp-e-s specified in board_part file is either invalid or not available
WARNING: [Board 49-26] cannot add Board Part xilinx.com:vmk180:part0:3.0 available at /opt/Xilinx/2025.2/data/xhub/boards/XilinxBoardStore/boards/Xilinx/vmk180/production/3.0/board.xml as part xcvm1802-vsva2197-2mp-e-s specified in board_part file is either invalid or not available
WARNING: [Board 49-26] cannot add Board Part xilinx.com:vmk180:part0:3.1 available at /opt/Xilinx/2025.2/data/xhub/boards/XilinxBoardStore/boards/Xilinx/vmk180/production/3.1/board.xml as part xcvm1802-vsva2197-2mp-e-s specified in board_part file is either invalid or not available
INFO: [Common 17-14] Message 'Board 49-26' appears 100 times and further instances of the messages will be disabled. Use the Tcl command set_msg_config to change the current settings.
open_project /home/ryanb/Documents/MINA/hw/custom_ip/MINA_proj/MINA_proj.xpr
Scanning sources...
Finished scanning sources
WARNING: [Board 49-26] cannot add Board Part digilentinc.com:arty-a7-100:part0:1.0 available at /opt/Xilinx/2025.2/data/boards/board_files/arty-a7-100/E.0/1.0/board.xml as part xc7a100tcsg324-1 specified in board_part file is either invalid or not available
WARNING: [Board 49-26] cannot add Board Part digilentinc.com:arty-a7-100:part0:1.1 available at /opt/Xilinx/2025.2/data/boards/board_files/arty-a7-100/E.0/1.1/board.xml as part xc7a100tcsg324-1 specified in board_part file is either invalid or not available
WARNING: [Board 49-26] cannot add Board Part digilentinc.com:arty-a7-35:part0:1.0 available at /opt/Xilinx/2025.2/data/boards/board_files/arty-a7-35/E.0/1.0/board.xml as part xc7a35ticsg324-1l specified in board_part file is either invalid or not available
WARNING: [Board 49-26] cannot add Board Part digilentinc.com:arty-a7-35:part0:1.1 available at /opt/Xilinx/2025.2/data/boards/board_files/arty-a7-35/E.0/1.1/board.xml as part xc7a35ticsg324-1l specified in board_part file is either invalid or not available
WARNING: [Board 49-26] cannot add Board Part digilentinc.com:arty-z7-10:part0:1.1 available at /opt/Xilinx/2025.2/data/boards/board_files/arty-z7-10/A.0/board.xml as part xc7z010clg400-1 specified in board_part file is either invalid or not available
WARNING: [Board 49-26] cannot add Board Part digilentinc.com:arty-z7-20:part0:1.1 available at /opt/Xilinx/2025.2/data/boards/board_files/arty-z7-20/A.0/board.xml as part xc7z020clg400-1 specified in board_part file is either invalid or not available
WARNING: [Board 49-26] cannot add Board Part digilentinc.com:arty:part0:1.1 available at /opt/Xilinx/2025.2/data/boards/board_files/arty/C.0/board.xml as part xc7a35ticsg324-1l specified in board_part file is either invalid or not available
WARNING: [Board 49-26] cannot add Board Part digilentinc.com:basys3:part0:1.2 available at /opt/Xilinx/2025.2/data/boards/board_files/basys3/C.0/board.xml as part xc7a35tcpg236-1 specified in board_part file is either invalid or not available
WARNING: [Board 49-26] cannot add Board Part digilentinc.com:cmod_a7-15t:part0:1.2 available at /opt/Xilinx/2025.2/data/boards/board_files/cmod_a7-15t/B.0/board.xml as part xc7a15tcpg236-1 specified in board_part file is either invalid or not available
WARNING: [Board 49-26] cannot add Board Part digilentinc.com:cmod_a7-35t:part0:1.2 available at /opt/Xilinx/2025.2/data/boards/board_files/cmod_a7-35t/B.0/board.xml as part xc7a35tcpg236-1 specified in board_part file is either invalid or not available
WARNING: [Board 49-26] cannot add Board Part digilentinc.com:cora-z7-07s:part0:1.1 available at /opt/Xilinx/2025.2/data/boards/board_files/cora-z7-07s/B.0/board.xml as part xc7z007sclg400-1 specified in board_part file is either invalid or not available
WARNING: [Board 49-26] cannot add Board Part digilentinc.com:cora-z7-10:part0:1.1 available at /opt/Xilinx/2025.2/data/boards/board_files/cora-z7-10/B.0/board.xml as part xc7z010clg400-1 specified in board_part file is either invalid or not available
WARNING: [Board 49-26] cannot add Board Part digilentinc.com:eclypse-z7:part0:1.0 available at /opt/Xilinx/2025.2/data/boards/board_files/eclypse-z7/A.0/board.xml as part xc7z020clg484-1 specified in board_part file is either invalid or not available
WARNING: [Board 49-26] cannot add Board Part digilentinc.com:eclypse-z7:part0:1.1 available at /opt/Xilinx/2025.2/data/boards/board_files/eclypse-z7/B.0/board.xml as part xc7z020clg484-1 specified in board_part file is either invalid or not available
WARNING: [Board 49-26] cannot add Board Part digilentinc.com:genesys2:part0:1.1 available at /opt/Xilinx/2025.2/data/boards/board_files/genesys2/H/board.xml as part xc7k325tffg900-2 specified in board_part file is either invalid or not available
WARNING: [Board 49-26] cannot add Board Part digilentinc.com:gzu_3eg:part0:1.0 available at /opt/Xilinx/2025.2/data/boards/board_files/genesys-zu-3eg/B.0/board.xml as part xczu3eg-sfvc784-1-e specified in board_part file is either invalid or not available
WARNING: [Board 49-26] cannot add Board Part digilentinc.com:gzu_3eg:part0:1.1 available at /opt/Xilinx/2025.2/data/boards/board_files/genesys-zu-3eg/D.0/board.xml as part xczu3eg-sfvc784-1-e specified in board_part file is either invalid or not available
WARNING: [Board 49-26] cannot add Board Part digilentinc.com:gzu_5ev:part0:1.1 available at /opt/Xilinx/2025.2/data/boards/board_files/genesys-zu-5ev/C.0/board.xml as part xczu5ev-sfvc784-1-e specified in board_part file is either invalid or not available
WARNING: [Board 49-26] cannot add Board Part digilentinc.com:nexys-a7-100t:part0:1.0 available at /opt/Xilinx/2025.2/data/boards/board_files/nexys-a7-100t/D.0/1.0/board.xml as part xc7a100tcsg324-1 specified in board_part file is either invalid or not available
WARNING: [Board 49-26] cannot add Board Part digilentinc.com:nexys-a7-100t:part0:1.3 available at /opt/Xilinx/2025.2/data/boards/board_files/nexys-a7-100t/D.0/1.3/board.xml as part xc7a100tcsg324-1 specified in board_part file is either invalid or not available
WARNING: [Board 49-26] cannot add Board Part digilentinc.com:nexys-a7-50t:part0:1.0 available at /opt/Xilinx/2025.2/data/boards/board_files/nexys-a7-50t/D.0/1.0/board.xml as part xc7a50ticsg324-1l specified in board_part file is either invalid or not available
WARNING: [Board 49-26] cannot add Board Part digilentinc.com:nexys-a7-50t:part0:1.3 available at /opt/Xilinx/2025.2/data/boards/board_files/nexys-a7-50t/D.0/1.3/board.xml as part xc7a50ticsg324-1l specified in board_part file is either invalid or not available
WARNING: [Board 49-26] cannot add Board Part digilentinc.com:nexys4:part0:1.1 available at /opt/Xilinx/2025.2/data/boards/board_files/nexys4/B.1/board.xml as part xc7a100tcsg324-1 specified in board_part file is either invalid or not available
WARNING: [Board 49-26] cannot add Board Part digilentinc.com:nexys4_ddr:part0:1.1 available at /opt/Xilinx/2025.2/data/boards/board_files/nexys4_ddr/C.1/board.xml as part xc7a100tcsg324-1 specified in board_part file is either invalid or not available
WARNING: [Board 49-26] cannot add Board Part digilentinc.com:nexys_video:part0:1.1 available at /opt/Xilinx/2025.2/data/boards/board_files/nexys_video/A.0/1.1/board.xml as part xc7a200tsbg484-1 specified in board_part file is either invalid or not available
WARNING: [Board 49-26] cannot add Board Part digilentinc.com:nexys_video:part0:1.2 available at /opt/Xilinx/2025.2/data/boards/board_files/nexys_video/A.0/1.2/board.xml as part xc7a200tsbg484-1 specified in board_part file is either invalid or not available
WARNING: [Board 49-26] cannot add Board Part digilentinc.com:sword:part0:1.0 available at /opt/Xilinx/2025.2/data/boards/board_files/sword/C.0/board.xml as part xc7k325tffg900-2 specified in board_part file is either invalid or not available
WARNING: [Board 49-26] cannot add Board Part digilentinc.com:usb104-a7:part0:1.0 available at /opt/Xilinx/2025.2/data/boards/board_files/usb104-a7/B/1.0/board.xml as part xc7a100tcsg324-1 specified in board_part file is either invalid or not available
WARNING: [Board 49-26] cannot add Board Part digilentinc.com:usb104-a7:part0:1.1 available at /opt/Xilinx/2025.2/data/boards/board_files/usb104-a7/B/1.1/board.xml as part xc7a100tcsg324-1 specified in board_part file is either invalid or not available
WARNING: [Board 49-26] cannot add Board Part digilentinc.com:usb104-a7:part0:1.2 available at /opt/Xilinx/2025.2/data/boards/board_files/usb104-a7/B/1.2/board.xml as part xc7a100tcsg324-1 specified in board_part file is either invalid or not available
WARNING: [Board 49-26] cannot add Board Part digilentinc.com:usb104-a7:part0:1.3 available at /opt/Xilinx/2025.2/data/boards/board_files/usb104-a7/B/1.3/board.xml as part xc7a100tcsg324-1 specified in board_part file is either invalid or not available
WARNING: [Board 49-26] cannot add Board Part digilentinc.com:zedboard:part0:1.1 available at /opt/Xilinx/2025.2/data/boards/board_files/zedboard/1.3/board.xml as part xc7z020clg484-1 specified in board_part file is either invalid or not available
WARNING: [Board 49-26] cannot add Board Part digilentinc.com:zybo-z7-10:part0:1.2 available at /opt/Xilinx/2025.2/data/boards/board_files/zybo-z7-10/A.0/board.xml as part xc7z010clg400-1 specified in board_part file is either invalid or not available
WARNING: [Board 49-26] cannot add Board Part digilentinc.com:zybo-z7-20:part0:1.2 available at /opt/Xilinx/2025.2/data/boards/board_files/zybo-z7-20/A.0/board.xml as part xc7z020clg400-1 specified in board_part file is either invalid or not available
WARNING: [Board 49-26] cannot add Board Part digilentinc.com:zybo:part0:1.0 available at /opt/Xilinx/2025.2/data/boards/board_files/zybo/B.3/board.xml as part xc7z010clg400-1 specified in board_part file is either invalid or not available
WARNING: [Board 49-26] cannot add Board Part digilentinc.com:zybo:part0:2.0 available at /opt/Xilinx/2025.2/data/boards/board_files/zybo/B.4/board.xml as part xc7z010clg400-1 specified in board_part file is either invalid or not available
WARNING: [Board 49-26] cannot add Board Part xilinx.com:ac701:part0:1.4 available at /opt/Xilinx/2025.2/data/xhub/boards/XilinxBoardStore/boards/Xilinx/ac701/1.4/board.xml as part xc7a200tfbg676-2 specified in board_part file is either invalid or not available
WARNING: [Board 49-26] cannot add Board Part xilinx.com:emb-plus-vpr-4616:part0:1.0 available at /opt/Xilinx/2025.2/data/xhub/boards/XilinxBoardStore/boards/Xilinx/emb-plus-vpr-4616/1.0/board.xml as part xcve2302-sfva784-2mp-e-s specified in board_part file is either invalid or not available
WARNING: [Board 49-26] cannot add Board Part xilinx.com:emb-plus-vpr-4616:part0:1.1 available at /opt/Xilinx/2025.2/data/xhub/boards/XilinxBoardStore/boards/Xilinx/emb-plus-vpr-4616/1.1/board.xml as part xcve2302-sfva784-2mp-e-s specified in board_part file is either invalid or not available
WARNING: [Board 49-26] cannot add Board Part xilinx.com:k24c:part0:1.0 available at /opt/Xilinx/2025.2/data/xhub/boards/XilinxBoardStore/boards/Xilinx/k24c/1.0/board.xml as part xck24-ubva530-2lv-c specified in board_part file is either invalid or not available
WARNING: [Board 49-26] cannot add Board Part xilinx.com:k24c:part0:1.1 available at /opt/Xilinx/2025.2/data/xhub/boards/XilinxBoardStore/boards/Xilinx/k24c/1.1/board.xml as part xck24-ubva530-2lv-c specified in board_part file is either invalid or not available
WARNING: [Board 49-26] cannot add Board Part xilinx.com:k24i:part0:1.0 available at /opt/Xilinx/2025.2/data/xhub/boards/XilinxBoardStore/boards/Xilinx/k24i/1.0/board.xml as part xck24-ubva530-2lvi-i specified in board_part file is either invalid or not available
WARNING: [Board 49-26] cannot add Board Part xilinx.com:k26c:part0:1.2 available at /opt/Xilinx/2025.2/data/xhub/boards/XilinxBoardStore/boards/Xilinx/k26c/1.2/board.xml as part xck26-sfvc784-2lv-c specified in board_part file is either invalid or not available
WARNING: [Board 49-26] cannot add Board Part xilinx.com:k26c:part0:1.3 available at /opt/Xilinx/2025.2/data/xhub/boards/XilinxBoardStore/boards/Xilinx/k26c/1.3/board.xml as part xck26-sfvc784-2lv-c specified in board_part file is either invalid or not available
WARNING: [Board 49-26] cannot add Board Part xilinx.com:k26c:part0:1.4 available at /opt/Xilinx/2025.2/data/xhub/boards/XilinxBoardStore/boards/Xilinx/k26c/1.4/board.xml as part xck26-sfvc784-2lv-c specified in board_part file is either invalid or not available
WARNING: [Board 49-26] cannot add Board Part xilinx.com:k26i:part0:1.2 available at /opt/Xilinx/2025.2/data/xhub/boards/XilinxBoardStore/boards/Xilinx/k26i/1.2/board.xml as part xck26-sfvc784-2lvi-i specified in board_part file is either invalid or not available
WARNING: [Board 49-26] cannot add Board Part xilinx.com:k26i:part0:1.3 available at /opt/Xilinx/2025.2/data/xhub/boards/XilinxBoardStore/boards/Xilinx/k26i/1.3/board.xml as part xck26-sfvc784-2lvi-i specified in board_part file is either invalid or not available
WARNING: [Board 49-26] cannot add Board Part xilinx.com:k26i:part0:1.4 available at /opt/Xilinx/2025.2/data/xhub/boards/XilinxBoardStore/boards/Xilinx/k26i/1.4/board.xml as part xck26-sfvc784-2lvi-i specified in board_part file is either invalid or not available
WARNING: [Board 49-26] cannot add Board Part xilinx.com:kc705:part0:1.6 available at /opt/Xilinx/2025.2/data/xhub/boards/XilinxBoardStore/boards/Xilinx/kc705/1.6/board.xml as part xc7k325tffg900-2 specified in board_part file is either invalid or not available
WARNING: [Board 49-26] cannot add Board Part xilinx.com:kc705:part0:1.7 available at /opt/Xilinx/2025.2/data/xhub/boards/XilinxBoardStore/boards/Xilinx/kc705/1.7/board.xml as part xc7k325tffg900-2 specified in board_part file is either invalid or not available
WARNING: [Board 49-26] cannot add Board Part xilinx.com:kcu105:part0:1.6 available at /opt/Xilinx/2025.2/data/xhub/boards/XilinxBoardStore/boards/Xilinx/kcu105/1.6/board.xml as part xcku040-ffva1156-2-e specified in board_part file is either invalid or not available
WARNING: [Board 49-26] cannot add Board Part xilinx.com:kcu105:part0:1.7 available at /opt/Xilinx/2025.2/data/xhub/boards/XilinxBoardStore/boards/Xilinx/kcu105/1.7/board.xml as part xcku040-ffva1156-2-e specified in board_part file is either invalid or not available
WARNING: [Board 49-26] cannot add Board Part xilinx.com:kcu116:part0:1.4 available at /opt/Xilinx/2025.2/data/xhub/boards/XilinxBoardStore/boards/Xilinx/kcu116/1.4/board.xml as part xcku5p-ffvb676-2-e specified in board_part file is either invalid or not available
WARNING: [Board 49-26] cannot add Board Part xilinx.com:kcu116:part0:1.5 available at /opt/Xilinx/2025.2/data/xhub/boards/XilinxBoardStore/boards/Xilinx/kcu116/1.5/board.xml as part xcku5p-ffvb676-2-e specified in board_part file is either invalid or not available
WARNING: [Board 49-26] cannot add Board Part xilinx.com:kcu1500:part0:1.2 available at /opt/Xilinx/2025.2/data/xhub/boards/XilinxBoardStore/boards/Xilinx/kcu1500/1.2/board.xml as part xcku115-flvb2104-2-e specified in board_part file is either invalid or not available
WARNING: [Board 49-26] cannot add Board Part xilinx.com:kd240_som:part0:1.0 available at /opt/Xilinx/2025.2/data/xhub/boards/XilinxBoardStore/boards/Xilinx/kd240_som/1.0/board.xml as part xck24-ubva530-2lv-c specified in board_part file is either invalid or not available
WARNING: [Board 49-26] cannot add Board Part xilinx.com:kd240_som:part0:1.1 available at /opt/Xilinx/2025.2/data/xhub/boards/XilinxBoardStore/boards/Xilinx/kd240_som/1.1/board.xml as part xck24-ubva530-2lv-c specified in board_part file is either invalid or not available
WARNING: [Board 49-26] cannot add Board Part xilinx.com:kr260_som:part0:1.0 available at /opt/Xilinx/2025.2/data/xhub/boards/XilinxBoardStore/boards/Xilinx/kr260_som/1.0/board.xml as part xck26-sfvc784-2lv-c specified in board_part file is either invalid or not available
WARNING: [Board 49-26] cannot add Board Part xilinx.com:kr260_som:part0:1.1 available at /opt/Xilinx/2025.2/data/xhub/boards/XilinxBoardStore/boards/Xilinx/kr260_som/1.1/board.xml as part xck26-sfvc784-2lv-c specified in board_part file is either invalid or not available
WARNING: [Board 49-26] cannot add Board Part xilinx.com:kv260_som:part0:1.2 available at /opt/Xilinx/2025.2/data/xhub/boards/XilinxBoardStore/boards/Xilinx/kv260_som/1.2/board.xml as part xck26-sfvc784-2lv-c specified in board_part file is either invalid or not available
WARNING: [Board 49-26] cannot add Board Part xilinx.com:kv260_som:part0:1.3 available at /opt/Xilinx/2025.2/data/xhub/boards/XilinxBoardStore/boards/Xilinx/kv260_som/1.3/board.xml as part xck26-sfvc784-2lv-c specified in board_part file is either invalid or not available
WARNING: [Board 49-26] cannot add Board Part xilinx.com:kv260_som:part0:1.4 available at /opt/Xilinx/2025.2/data/xhub/boards/XilinxBoardStore/boards/Xilinx/kv260_som/1.4/board.xml as part xck26-sfvc784-2lv-c specified in board_part file is either invalid or not available
WARNING: [Board 49-26] cannot add Board Part xilinx.com:scu35:part0:1.0 available at /opt/Xilinx/2025.2/data/xhub/boards/XilinxBoardStore/boards/Xilinx/scu35/1.0/board.xml as part xcsu35p-sbvb625-2-e specified in board_part file is either invalid or not available
WARNING: [Board 49-26] cannot add Board Part xilinx.com:v80:part0:1.0 available at /opt/Xilinx/2025.2/data/xhub/boards/XilinxBoardStore/boards/Xilinx/v80/1.0/board.xml as part xcv80-lsva4737-2mhp-e-s specified in board_part file is either invalid or not available
WARNING: [Board 49-26] cannot add Board Part xilinx.com:vc707:part0:1.4 available at /opt/Xilinx/2025.2/data/xhub/boards/XilinxBoardStore/boards/Xilinx/vc707/1.4/board.xml as part xc7vx485tffg1761-2 specified in board_part file is either invalid or not available
WARNING: [Board 49-26] cannot add Board Part xilinx.com:vc707:part0:1.5 available at /opt/Xilinx/2025.2/data/xhub/boards/XilinxBoardStore/boards/Xilinx/vc707/1.5/board.xml as part xc7vx485tffg1761-2 specified in board_part file is either invalid or not available
WARNING: [Board 49-26] cannot add Board Part xilinx.com:vc709:part0:1.8 available at /opt/Xilinx/2025.2/data/xhub/boards/XilinxBoardStore/boards/Xilinx/vc709/1.8/board.xml as part xc7vx690tffg1761-2 specified in board_part file is either invalid or not available
WARNING: [Board 49-26] cannot add Board Part xilinx.com:vck190:part0:2.2 available at /opt/Xilinx/2025.2/data/xhub/boards/XilinxBoardStore/boards/Xilinx/vck190/production/2.2/board.xml as part xcvc1902-vsva2197-2mp-e-s specified in board_part file is either invalid or not available
WARNING: [Board 49-26] cannot add Board Part xilinx.com:vck190:part0:3.0 available at /opt/Xilinx/2025.2/data/xhub/boards/XilinxBoardStore/boards/Xilinx/vck190/production/3.0/board.xml as part xcvc1902-vsva2197-2mp-e-s specified in board_part file is either invalid or not available
WARNING: [Board 49-26] cannot add Board Part xilinx.com:vck190:part0:3.1 available at /opt/Xilinx/2025.2/data/xhub/boards/XilinxBoardStore/boards/Xilinx/vck190/production/3.1/board.xml as part xcvc1902-vsva2197-2mp-e-s specified in board_part file is either invalid or not available
WARNING: [Board 49-26] cannot add Board Part xilinx.com:vck190:part0:3.2 available at /opt/Xilinx/2025.2/data/xhub/boards/XilinxBoardStore/boards/Xilinx/vck190/production/3.2/board.xml as part xcvc1902-vsva2197-2mp-e-s specified in board_part file is either invalid or not available
WARNING: [Board 49-26] cannot add Board Part xilinx.com:vck190:part0:3.3 available at /opt/Xilinx/2025.2/data/xhub/boards/XilinxBoardStore/boards/Xilinx/vck190/production/3.3/board.xml as part xcvc1902-vsva2197-2mp-e-s specified in board_part file is either invalid or not available
WARNING: [Board 49-26] cannot add Board Part xilinx.com:vck190:part0:3.4 available at /opt/Xilinx/2025.2/data/xhub/boards/XilinxBoardStore/boards/Xilinx/vck190/production/3.4/board.xml as part xcvc1902-vsva2197-2mp-e-s specified in board_part file is either invalid or not available
WARNING: [Board 49-26] cannot add Board Part xilinx.com:vck190_newl:part0:1.0 available at /opt/Xilinx/2025.2/data/xhub/boards/XilinxBoardStore/boards/Xilinx/vck190_newl/production/1.0/board.xml as part xcvc1902-vsva2197-2mp-e-s specified in board_part file is either invalid or not available
WARNING: [Board 49-26] cannot add Board Part xilinx.com:vck190_newl:part0:1.1 available at /opt/Xilinx/2025.2/data/xhub/boards/XilinxBoardStore/boards/Xilinx/vck190_newl/production/1.1/board.xml as part xcvc1902-vsva2197-2mp-e-s specified in board_part file is either invalid or not available
WARNING: [Board 49-26] cannot add Board Part xilinx.com:vck190_newl:part0:1.2 available at /opt/Xilinx/2025.2/data/xhub/boards/XilinxBoardStore/boards/Xilinx/vck190_newl/production/1.2/board.xml as part xcvc1902-vsva2197-2mp-e-s specified in board_part file is either invalid or not available
WARNING: [Board 49-26] cannot add Board Part xilinx.com:vck190_newl:part0:1.3 available at /opt/Xilinx/2025.2/data/xhub/boards/XilinxBoardStore/boards/Xilinx/vck190_newl/production/1.3/board.xml as part xcvc1902-vsva2197-2mp-e-s specified in board_part file is either invalid or not available
WARNING: [Board 49-26] cannot add Board Part xilinx.com:vcu108:part0:1.6 available at /opt/Xilinx/2025.2/data/xhub/boards/XilinxBoardStore/boards/Xilinx/vcu108/1.6/board.xml as part xcvu095-ffva2104-2-e specified in board_part file is either invalid or not available
WARNING: [Board 49-26] cannot add Board Part xilinx.com:vcu108:part0:1.7 available at /opt/Xilinx/2025.2/data/xhub/boards/XilinxBoardStore/boards/Xilinx/vcu108/1.7/board.xml as part xcvu095-ffva2104-2-e specified in board_part file is either invalid or not available
WARNING: [Board 49-26] cannot add Board Part xilinx.com:vcu110:part0:1.4 available at /opt/Xilinx/2025.2/data/xhub/boards/XilinxBoardStore/boards/Xilinx/vcu110/1.4/board.xml as part xcvu190-flgc2104-2-e specified in board_part file is either invalid or not available
WARNING: [Board 49-26] cannot add Board Part xilinx.com:vcu118:part0:2.0 available at /opt/Xilinx/2025.2/data/xhub/boards/XilinxBoardStore/boards/Xilinx/vcu118/2.0/board.xml as part xcvu9p-flga2104-2l-e specified in board_part file is either invalid or not available
WARNING: [Board 49-26] cannot add Board Part xilinx.com:vcu118:part0:2.3 available at /opt/Xilinx/2025.2/data/xhub/boards/XilinxBoardStore/boards/Xilinx/vcu118/2.3/board.xml as part xcvu9p-flga2104-2l-e specified in board_part file is either invalid or not available
WARNING: [Board 49-26] cannot add Board Part xilinx.com:vcu118:part0:2.4 available at /opt/Xilinx/2025.2/data/xhub/boards/XilinxBoardStore/boards/Xilinx/vcu118/2.4/board.xml as part xcvu9p-flga2104-2l-e specified in board_part file is either invalid or not available
WARNING: [Board 49-26] cannot add Board Part xilinx.com:vcu128:part0:1.0 available at /opt/Xilinx/2025.2/data/xhub/boards/XilinxBoardStore/boards/Xilinx/vcu128/production/1.0/board.xml as part xcvu37p-fsvh2892-2l-e specified in board_part file is either invalid or not available
WARNING: [Board 49-26] cannot add Board Part xilinx.com:vcu129:part0:1.0 available at /opt/Xilinx/2025.2/data/xhub/boards/XilinxBoardStore/boards/Xilinx/vcu129/production/1.0/board.xml as part xcvu29p-fsga2577-2l-e specified in board_part file is either invalid or not available
WARNING: [Board 49-26] cannot add Board Part xilinx.com:vcu1525:part0:1.3 available at /opt/Xilinx/2025.2/data/xhub/boards/XilinxBoardStore/boards/Xilinx/vcu1525/1.3/board.xml as part xcvu9p-fsgd2104-2l-e specified in board_part file is either invalid or not available
WARNING: [Board 49-26] cannot add Board Part xilinx.com:vek280:part0:1.0 available at /opt/Xilinx/2025.2/data/xhub/boards/XilinxBoardStore/boards/Xilinx/vek280/production/1.0/board.xml as part xcve2802-vsvh1760-2mp-e-s specified in board_part file is either invalid or not available
WARNING: [Board 49-26] cannot add Board Part xilinx.com:vek280:part0:1.1 available at /opt/Xilinx/2025.2/data/xhub/boards/XilinxBoardStore/boards/Xilinx/vek280/production/1.1/board.xml as part xcve2802-vsvh1760-2mp-e-s specified in board_part file is either invalid or not available
WARNING: [Board 49-26] cannot add Board Part xilinx.com:vek280:part0:1.2 available at /opt/Xilinx/2025.2/data/xhub/boards/XilinxBoardStore/boards/Xilinx/vek280/production/1.2/board.xml as part xcve2802-vsvh1760-2mp-e-s specified in board_part file is either invalid or not available
WARNING: [Board 49-26] cannot add Board Part xilinx.com:vek385:part0:1.0 available at /opt/Xilinx/2025.2/data/xhub/boards/XilinxBoardStore/boards/Xilinx/vek385/1.0/board.xml as part xc2ve3858-ssva2112-2mp-e-s specified in board_part file is either invalid or not available
WARNING: [Board 49-26] cannot add Board Part xilinx.com:vek385:part0:1.1 available at /opt/Xilinx/2025.2/data/xhub/boards/XilinxBoardStore/boards/Xilinx/vek385/1.1/board.xml as part xc2ve3858-ssva2112-2mp-e-s specified in board_part file is either invalid or not available
WARNING: [Board 49-26] cannot add Board Part xilinx.com:vek385_1:part0:1.0 available at /opt/Xilinx/2025.2/data/xhub/boards/XilinxBoardStore/boards/Xilinx/vek385_2/1.0/board.xml as part xc2ve3858-ssva2112-2mp-e-s specified in board_part file is either invalid or not available
WARNING: [Board 49-26] cannot add Board Part xilinx.com:vermeo_t1_mpsoc:part0:1.0 available at /opt/Xilinx/2025.2/data/xhub/boards/XilinxBoardStore/boards/Xilinx/vermeo_t1_mpsoc/1.0/board.xml as part xczu19eg-ffvd1760-2l-e specified in board_part file is either invalid or not available
WARNING: [Board 49-26] cannot add Board Part xilinx.com:vermeo_t1_rfsoc:part0:1.0 available at /opt/Xilinx/2025.2/data/xhub/boards/XilinxBoardStore/boards/Xilinx/vermeo_t1_rfsoc/1.0/board.xml as part xczu21dr-ffvd1156-2l-e specified in board_part file is either invalid or not available
WARNING: [Board 49-26] cannot add Board Part xilinx.com:vhk158:part0:1.0 available at /opt/Xilinx/2025.2/data/xhub/boards/XilinxBoardStore/boards/Xilinx/vhk158/production/1.0/board.xml as part xcvh1582-vsva3697-2mp-e-s specified in board_part file is either invalid or not available
WARNING: [Board 49-26] cannot add Board Part xilinx.com:vhk158:part0:1.1 available at /opt/Xilinx/2025.2/data/xhub/boards/XilinxBoardStore/boards/Xilinx/vhk158/production/1.1/board.xml as part xcvh1582-vsva3697-2mp-e-s specified in board_part file is either invalid or not available
WARNING: [Board 49-26] cannot add Board Part xilinx.com:vhk158:part0:1.2 available at /opt/Xilinx/2025.2/data/xhub/boards/XilinxBoardStore/boards/Xilinx/vhk158/production/1.2/board.xml as part xcvh1582-vsva3697-2mp-e-s specified in board_part file is either invalid or not available
WARNING: [Board 49-26] cannot add Board Part xilinx.com:vmk180:part0:2.2 available at /opt/Xilinx/2025.2/data/xhub/boards/XilinxBoardStore/boards/Xilinx/vmk180/production/2.2/board.xml as part xcvm1802-vsva2197-2mp-e-s specified in board_part file is either invalid or not available
WARNING: [Board 49-26] cannot add Board Part xilinx.com:vmk180:part0:3.0 available at /opt/Xilinx/2025.2/data/xhub/boards/XilinxBoardStore/boards/Xilinx/vmk180/production/3.0/board.xml as part xcvm1802-vsva2197-2mp-e-s specified in board_part file is either invalid or not available
WARNING: [Board 49-26] cannot add Board Part xilinx.com:vmk180:part0:3.1 available at /opt/Xilinx/2025.2/data/xhub/boards/XilinxBoardStore/boards/Xilinx/vmk180/production/3.1/board.xml as part xcvm1802-vsva2197-2mp-e-s specified in board_part file is either invalid or not available
INFO: [Common 17-14] Message 'Board 49-26' appears 100 times and further instances of the messages will be disabled. Use the Tcl command set_msg_config to change the current settings.
INFO: [IP_Flow 19-234] Refreshing IP repositories
INFO: [IP_Flow 19-1704] No user IP repositories specified
INFO: [IP_Flow 19-2313] Loaded Vivado IP repository '/opt/Xilinx/2025.2/data/ip'.
INFO: [Project 1-5698] Found the below utility IPs instantiated in block design /home/ryanb/Documents/MINA/hw/custom_ip/MINA_proj/MINA_proj.srcs/sources_1/bd/design_1/design_1.bd which have equivalent inline hdl with improved performance and reduced diskspace.
It is recommended to migrate these utility IPs to inline hdl  using the command upgrade_project -migrate_to_inline_hdl.  The utility IPs may be deprecated in future releases.
More information on inline hdl is available in UG994.
Utility IP Component Instances:
 design_1_xlconcat_0_0
launch_simulation -simset [get_filesets bootloader_tb ]
Command: launch_simulation  -simset bootloader_tb
INFO: [Vivado 12-25911] Executing simulation for 'XSim' simulator
INFO: [Project 1-5737] Running on host ryan-21k8s14n00 (64) - EndeavourOS Linux
INFO: [Vivado 12-28535] Process started - Sun Sep  6 20:52:52 2026

INFO: [Vivado 12-12493] Simulation top is 'tb_design_1_wrapper'
INFO: [Vivado 12-5698] Checking validity of IPs in the design for the 'XSim' simulator...
INFO: [Vivado 12-5682] Launching behavioral simulation in '/home/ryanb/Documents/MINA/hw/custom_ip/MINA_proj/MINA_proj.sim/bootloader_tb/behav/xsim'
INFO: [Vivado 12-13660] Precompiled IP simulation library mode is enabled (default). The design IP libraries will be referenced from the compiled library path. Please note that if the precompiled version of the library is not found from the path or the IP is in locked state, then the library source files for these IPs will be compiled locally as part of the compile order.
INFO: [Vivado 12-4795] Using compiled simulation libraries for IPs
INFO: [SIM-utils-51] Simulation object is 'bootloader_tb'
INFO: [SIM-utils-72] Using boost library from '/opt/Xilinx/2025.2/tps/boost_1_72_0'
INFO: [USF-XSim-7] Finding pre-compiled libraries...
INFO: [USF-XSim-11] File '/opt/Xilinx/2025.2/data/xsim/xsim.ini' copied to run dir:'/home/ryanb/Documents/MINA/hw/custom_ip/MINA_proj/MINA_proj.sim/bootloader_tb/behav/xsim'
INFO: [SIM-utils-54] Inspecting design source files for 'tb_design_1_wrapper' in fileset 'bootloader_tb'...
INFO: [SIM-utils-43] Exported '/home/ryanb/Documents/MINA/hw/custom_ip/MINA_proj/MINA_proj.sim/bootloader_tb/behav/xsim/sc_xtlm_design_1_smartconnect_1_0.mem'
INFO: [SIM-utils-43] Exported '/home/ryanb/Documents/MINA/hw/custom_ip/MINA_proj/MINA_proj.sim/bootloader_tb/behav/xsim/sc_xtlm_design_1_smartconnect_0_0.mem'
INFO: [USF-XSim-97] Finding global include files...
INFO: [USF-XSim-98] Fetching design files from 'bootloader_tb'...
INFO: [USF-XSim-2] XSim::Compile design
INFO: [USF-XSim-61] Executing 'COMPILE and ANALYZE' step in '/home/ryanb/Documents/MINA/hw/custom_ip/MINA_proj/MINA_proj.sim/bootloader_tb/behav/xsim'
xvlog --incr --relax -L uvm -L smartconnect_v1_0 -L axi_vip_v1_1_22 -L xilinx_vip -prj tb_design_1_wrapper_vlog.prj
INFO: [VRFC 10-2263] Analyzing SystemVerilog file "/home/ryanb/Documents/MINA/hw/custom_ip/MINA_proj/MINA_proj.ip_user_files/bd/design_1/ip/design_1_smartconnect_0_0/bd_0/ip/ip_2/sim/bd_48ac_arsw_0.sv" into library xil_defaultlib
INFO: [VRFC 10-311] analyzing module bd_48ac_arsw_0
INFO: [VRFC 10-2263] Analyzing SystemVerilog file "/home/ryanb/Documents/MINA/hw/custom_ip/MINA_proj/MINA_proj.ip_user_files/bd/design_1/ip/design_1_smartconnect_0_0/bd_0/ip/ip_3/sim/bd_48ac_rsw_0.sv" into library xil_defaultlib
INFO: [VRFC 10-311] analyzing module bd_48ac_rsw_0
INFO: [VRFC 10-2263] Analyzing SystemVerilog file "/home/ryanb/Documents/MINA/hw/custom_ip/MINA_proj/MINA_proj.ip_user_files/bd/design_1/ip/design_1_smartconnect_0_0/bd_0/ip/ip_4/sim/bd_48ac_awsw_0.sv" into library xil_defaultlib
INFO: [VRFC 10-311] analyzing module bd_48ac_awsw_0
INFO: [VRFC 10-2263] Analyzing SystemVerilog file "/home/ryanb/Documents/MINA/hw/custom_ip/MINA_proj/MINA_proj.ip_user_files/bd/design_1/ip/design_1_smartconnect_0_0/bd_0/ip/ip_5/sim/bd_48ac_wsw_0.sv" into library xil_defaultlib
INFO: [VRFC 10-311] analyzing module bd_48ac_wsw_0
INFO: [VRFC 10-2263] Analyzing SystemVerilog file "/home/ryanb/Documents/MINA/hw/custom_ip/MINA_proj/MINA_proj.ip_user_files/bd/design_1/ip/design_1_smartconnect_0_0/bd_0/ip/ip_6/sim/bd_48ac_bsw_0.sv" into library xil_defaultlib
INFO: [VRFC 10-311] analyzing module bd_48ac_bsw_0
INFO: [VRFC 10-2263] Analyzing SystemVerilog file "/home/ryanb/Documents/MINA/hw/custom_ip/MINA_proj/MINA_proj.ip_user_files/bd/design_1/ip/design_1_smartconnect_0_0/bd_0/ip/ip_7/sim/bd_48ac_s00mmu_0.sv" into library xil_defaultlib
INFO: [VRFC 10-311] analyzing module bd_48ac_s00mmu_0
INFO: [VRFC 10-2263] Analyzing SystemVerilog file "/home/ryanb/Documents/MINA/hw/custom_ip/MINA_proj/MINA_proj.ip_user_files/bd/design_1/ip/design_1_smartconnect_0_0/bd_0/ip/ip_8/sim/bd_48ac_s00tr_0.sv" into library xil_defaultlib
INFO: [VRFC 10-311] analyzing module bd_48ac_s00tr_0
INFO: [VRFC 10-2263] Analyzing SystemVerilog file "/home/ryanb/Documents/MINA/hw/custom_ip/MINA_proj/MINA_proj.ip_user_files/bd/design_1/ip/design_1_smartconnect_0_0/bd_0/ip/ip_9/sim/bd_48ac_s00sic_0.sv" into library xil_defaultlib
INFO: [VRFC 10-311] analyzing module bd_48ac_s00sic_0
INFO: [VRFC 10-2263] Analyzing SystemVerilog file "/home/ryanb/Documents/MINA/hw/custom_ip/MINA_proj/MINA_proj.ip_user_files/bd/design_1/ip/design_1_smartconnect_0_0/bd_0/ip/ip_10/sim/bd_48ac_s00a2s_0.sv" into library xil_defaultlib
INFO: [VRFC 10-311] analyzing module bd_48ac_s00a2s_0
INFO: [VRFC 10-2263] Analyzing SystemVerilog file "/home/ryanb/Documents/MINA/hw/custom_ip/MINA_proj/MINA_proj.ip_user_files/bd/design_1/ip/design_1_smartconnect_0_0/bd_0/ip/ip_11/sim/bd_48ac_sarn_0.sv" into library xil_defaultlib
INFO: [VRFC 10-311] analyzing module bd_48ac_sarn_0
INFO: [VRFC 10-2263] Analyzing SystemVerilog file "/home/ryanb/Documents/MINA/hw/custom_ip/MINA_proj/MINA_proj.ip_user_files/bd/design_1/ip/design_1_smartconnect_0_0/bd_0/ip/ip_12/sim/bd_48ac_srn_0.sv" into library xil_defaultlib
INFO: [VRFC 10-311] analyzing module bd_48ac_srn_0
INFO: [VRFC 10-2263] Analyzing SystemVerilog file "/home/ryanb/Documents/MINA/hw/custom_ip/MINA_proj/MINA_proj.ip_user_files/bd/design_1/ip/design_1_smartconnect_0_0/bd_0/ip/ip_13/sim/bd_48ac_sawn_0.sv" into library xil_defaultlib
INFO: [VRFC 10-311] analyzing module bd_48ac_sawn_0
INFO: [VRFC 10-2263] Analyzing SystemVerilog file "/home/ryanb/Documents/MINA/hw/custom_ip/MINA_proj/MINA_proj.ip_user_files/bd/design_1/ip/design_1_smartconnect_0_0/bd_0/ip/ip_14/sim/bd_48ac_swn_0.sv" into library xil_defaultlib
INFO: [VRFC 10-311] analyzing module bd_48ac_swn_0
INFO: [VRFC 10-2263] Analyzing SystemVerilog file "/home/ryanb/Documents/MINA/hw/custom_ip/MINA_proj/MINA_proj.ip_user_files/bd/design_1/ip/design_1_smartconnect_0_0/bd_0/ip/ip_15/sim/bd_48ac_sbn_0.sv" into library xil_defaultlib
INFO: [VRFC 10-311] analyzing module bd_48ac_sbn_0
INFO: [VRFC 10-2263] Analyzing SystemVerilog file "/home/ryanb/Documents/MINA/hw/custom_ip/MINA_proj/MINA_proj.ip_user_files/bd/design_1/ip/design_1_smartconnect_0_0/bd_0/ip/ip_16/sim/bd_48ac_s01mmu_0.sv" into library xil_defaultlib
INFO: [VRFC 10-311] analyzing module bd_48ac_s01mmu_0
INFO: [VRFC 10-2263] Analyzing SystemVerilog file "/home/ryanb/Documents/MINA/hw/custom_ip/MINA_proj/MINA_proj.ip_user_files/bd/design_1/ip/design_1_smartconnect_0_0/bd_0/ip/ip_17/sim/bd_48ac_s01tr_0.sv" into library xil_defaultlib
INFO: [VRFC 10-311] analyzing module bd_48ac_s01tr_0
INFO: [VRFC 10-2263] Analyzing SystemVerilog file "/home/ryanb/Documents/MINA/hw/custom_ip/MINA_proj/MINA_proj.ip_user_files/bd/design_1/ip/design_1_smartconnect_0_0/bd_0/ip/ip_18/sim/bd_48ac_s01sic_0.sv" into library xil_defaultlib
INFO: [VRFC 10-311] analyzing module bd_48ac_s01sic_0
INFO: [VRFC 10-2263] Analyzing SystemVerilog file "/home/ryanb/Documents/MINA/hw/custom_ip/MINA_proj/MINA_proj.ip_user_files/bd/design_1/ip/design_1_smartconnect_0_0/bd_0/ip/ip_19/sim/bd_48ac_s01a2s_0.sv" into library xil_defaultlib
INFO: [VRFC 10-311] analyzing module bd_48ac_s01a2s_0
INFO: [VRFC 10-2263] Analyzing SystemVerilog file "/home/ryanb/Documents/MINA/hw/custom_ip/MINA_proj/MINA_proj.ip_user_files/bd/design_1/ip/design_1_smartconnect_0_0/bd_0/ip/ip_20/sim/bd_48ac_sarn_1.sv" into library xil_defaultlib
INFO: [VRFC 10-311] analyzing module bd_48ac_sarn_1
INFO: [VRFC 10-2263] Analyzing SystemVerilog file "/home/ryanb/Documents/MINA/hw/custom_ip/MINA_proj/MINA_proj.ip_user_files/bd/design_1/ip/design_1_smartconnect_0_0/bd_0/ip/ip_21/sim/bd_48ac_srn_1.sv" into library xil_defaultlib
INFO: [VRFC 10-311] analyzing module bd_48ac_srn_1
INFO: [VRFC 10-2263] Analyzing SystemVerilog file "/home/ryanb/Documents/MINA/hw/custom_ip/MINA_proj/MINA_proj.ip_user_files/bd/design_1/ip/design_1_smartconnect_0_0/bd_0/ip/ip_22/sim/bd_48ac_sawn_1.sv" into library xil_defaultlib
INFO: [VRFC 10-311] analyzing module bd_48ac_sawn_1
INFO: [VRFC 10-2263] Analyzing SystemVerilog file "/home/ryanb/Documents/MINA/hw/custom_ip/MINA_proj/MINA_proj.ip_user_files/bd/design_1/ip/design_1_smartconnect_0_0/bd_0/ip/ip_23/sim/bd_48ac_swn_1.sv" into library xil_defaultlib
INFO: [VRFC 10-311] analyzing module bd_48ac_swn_1
INFO: [VRFC 10-2263] Analyzing SystemVerilog file "/home/ryanb/Documents/MINA/hw/custom_ip/MINA_proj/MINA_proj.ip_user_files/bd/design_1/ip/design_1_smartconnect_0_0/bd_0/ip/ip_24/sim/bd_48ac_sbn_1.sv" into library xil_defaultlib
INFO: [VRFC 10-311] analyzing module bd_48ac_sbn_1
INFO: [VRFC 10-2263] Analyzing SystemVerilog file "/home/ryanb/Documents/MINA/hw/custom_ip/MINA_proj/MINA_proj.ip_user_files/bd/design_1/ip/design_1_smartconnect_0_0/bd_0/ip/ip_25/sim/bd_48ac_m00s2a_0.sv" into library xil_defaultlib
INFO: [VRFC 10-311] analyzing module bd_48ac_m00s2a_0
INFO: [VRFC 10-2263] Analyzing SystemVerilog file "/home/ryanb/Documents/MINA/hw/custom_ip/MINA_proj/MINA_proj.ip_user_files/bd/design_1/ip/design_1_smartconnect_0_0/bd_0/ip/ip_26/sim/bd_48ac_m00arn_0.sv" into library xil_defaultlib
INFO: [VRFC 10-311] analyzing module bd_48ac_m00arn_0
INFO: [VRFC 10-2263] Analyzing SystemVerilog file "/home/ryanb/Documents/MINA/hw/custom_ip/MINA_proj/MINA_proj.ip_user_files/bd/design_1/ip/design_1_smartconnect_0_0/bd_0/ip/ip_27/sim/bd_48ac_m00rn_0.sv" into library xil_defaultlib
INFO: [VRFC 10-311] analyzing module bd_48ac_m00rn_0
INFO: [VRFC 10-2263] Analyzing SystemVerilog file "/home/ryanb/Documents/MINA/hw/custom_ip/MINA_proj/MINA_proj.ip_user_files/bd/design_1/ip/design_1_smartconnect_0_0/bd_0/ip/ip_28/sim/bd_48ac_m00awn_0.sv" into library xil_defaultlib
INFO: [VRFC 10-311] analyzing module bd_48ac_m00awn_0
INFO: [VRFC 10-2263] Analyzing SystemVerilog file "/home/ryanb/Documents/MINA/hw/custom_ip/MINA_proj/MINA_proj.ip_user_files/bd/design_1/ip/design_1_smartconnect_0_0/bd_0/ip/ip_29/sim/bd_48ac_m00wn_0.sv" into library xil_defaultlib
INFO: [VRFC 10-311] analyzing module bd_48ac_m00wn_0
INFO: [VRFC 10-2263] Analyzing SystemVerilog file "/home/ryanb/Documents/MINA/hw/custom_ip/MINA_proj/MINA_proj.ip_user_files/bd/design_1/ip/design_1_smartconnect_0_0/bd_0/ip/ip_30/sim/bd_48ac_m00bn_0.sv" into library xil_defaultlib
INFO: [VRFC 10-311] analyzing module bd_48ac_m00bn_0
INFO: [VRFC 10-2263] Analyzing SystemVerilog file "/home/ryanb/Documents/MINA/hw/custom_ip/MINA_proj/MINA_proj.ip_user_files/bd/design_1/ip/design_1_smartconnect_0_0/bd_0/ip/ip_31/sim/bd_48ac_m00e_0.sv" into library xil_defaultlib
INFO: [VRFC 10-311] analyzing module bd_48ac_m00e_0
INFO: [VRFC 10-2263] Analyzing SystemVerilog file "/home/ryanb/Documents/MINA/hw/custom_ip/MINA_proj/MINA_proj.ip_user_files/bd/design_1/ip/design_1_smartconnect_0_0/bd_0/ip/ip_32/sim/bd_48ac_m01s2a_0.sv" into library xil_defaultlib
INFO: [VRFC 10-311] analyzing module bd_48ac_m01s2a_0
INFO: [VRFC 10-2263] Analyzing SystemVerilog file "/home/ryanb/Documents/MINA/hw/custom_ip/MINA_proj/MINA_proj.ip_user_files/bd/design_1/ip/design_1_smartconnect_0_0/bd_0/ip/ip_33/sim/bd_48ac_m01arn_0.sv" into library xil_defaultlib
INFO: [VRFC 10-311] analyzing module bd_48ac_m01arn_0
INFO: [VRFC 10-2263] Analyzing SystemVerilog file "/home/ryanb/Documents/MINA/hw/custom_ip/MINA_proj/MINA_proj.ip_user_files/bd/design_1/ip/design_1_smartconnect_0_0/bd_0/ip/ip_34/sim/bd_48ac_m01rn_0.sv" into library xil_defaultlib
INFO: [VRFC 10-311] analyzing module bd_48ac_m01rn_0
INFO: [VRFC 10-2263] Analyzing SystemVerilog file "/home/ryanb/Documents/MINA/hw/custom_ip/MINA_proj/MINA_proj.ip_user_files/bd/design_1/ip/design_1_smartconnect_0_0/bd_0/ip/ip_35/sim/bd_48ac_m01awn_0.sv" into library xil_defaultlib
INFO: [VRFC 10-311] analyzing module bd_48ac_m01awn_0
INFO: [VRFC 10-2263] Analyzing SystemVerilog file "/home/ryanb/Documents/MINA/hw/custom_ip/MINA_proj/MINA_proj.ip_user_files/bd/design_1/ip/design_1_smartconnect_0_0/bd_0/ip/ip_36/sim/bd_48ac_m01wn_0.sv" into library xil_defaultlib
INFO: [VRFC 10-311] analyzing module bd_48ac_m01wn_0
INFO: [VRFC 10-2263] Analyzing SystemVerilog file "/home/ryanb/Documents/MINA/hw/custom_ip/MINA_proj/MINA_proj.ip_user_files/bd/design_1/ip/design_1_smartconnect_0_0/bd_0/ip/ip_37/sim/bd_48ac_m01bn_0.sv" into library xil_defaultlib
INFO: [VRFC 10-311] analyzing module bd_48ac_m01bn_0
INFO: [VRFC 10-2263] Analyzing SystemVerilog file "/home/ryanb/Documents/MINA/hw/custom_ip/MINA_proj/MINA_proj.ip_user_files/bd/design_1/ip/design_1_smartconnect_0_0/bd_0/ip/ip_38/sim/bd_48ac_m01e_0.sv" into library xil_defaultlib
INFO: [VRFC 10-311] analyzing module bd_48ac_m01e_0
INFO: [VRFC 10-2263] Analyzing SystemVerilog file "/home/ryanb/Documents/MINA/hw/custom_ip/MINA_proj/MINA_proj.ip_user_files/bd/design_1/ip/design_1_smartconnect_0_0/bd_0/ip/ip_39/sim/bd_48ac_m02s2a_0.sv" into library xil_defaultlib
INFO: [VRFC 10-311] analyzing module bd_48ac_m02s2a_0
INFO: [VRFC 10-2263] Analyzing SystemVerilog file "/home/ryanb/Documents/MINA/hw/custom_ip/MINA_proj/MINA_proj.ip_user_files/bd/design_1/ip/design_1_smartconnect_0_0/bd_0/ip/ip_40/sim/bd_48ac_m02arn_0.sv" into library xil_defaultlib
INFO: [VRFC 10-311] analyzing module bd_48ac_m02arn_0
INFO: [VRFC 10-2263] Analyzing SystemVerilog file "/home/ryanb/Documents/MINA/hw/custom_ip/MINA_proj/MINA_proj.ip_user_files/bd/design_1/ip/design_1_smartconnect_0_0/bd_0/ip/ip_41/sim/bd_48ac_m02rn_0.sv" into library xil_defaultlib
INFO: [VRFC 10-311] analyzing module bd_48ac_m02rn_0
INFO: [VRFC 10-2263] Analyzing SystemVerilog file "/home/ryanb/Documents/MINA/hw/custom_ip/MINA_proj/MINA_proj.ip_user_files/bd/design_1/ip/design_1_smartconnect_0_0/bd_0/ip/ip_42/sim/bd_48ac_m02awn_0.sv" into library xil_defaultlib
INFO: [VRFC 10-311] analyzing module bd_48ac_m02awn_0
INFO: [VRFC 10-2263] Analyzing SystemVerilog file "/home/ryanb/Documents/MINA/hw/custom_ip/MINA_proj/MINA_proj.ip_user_files/bd/design_1/ip/design_1_smartconnect_0_0/bd_0/ip/ip_43/sim/bd_48ac_m02wn_0.sv" into library xil_defaultlib
INFO: [VRFC 10-311] analyzing module bd_48ac_m02wn_0
INFO: [VRFC 10-2263] Analyzing SystemVerilog file "/home/ryanb/Documents/MINA/hw/custom_ip/MINA_proj/MINA_proj.ip_user_files/bd/design_1/ip/design_1_smartconnect_0_0/bd_0/ip/ip_44/sim/bd_48ac_m02bn_0.sv" into library xil_defaultlib
INFO: [VRFC 10-311] analyzing module bd_48ac_m02bn_0
INFO: [VRFC 10-2263] Analyzing SystemVerilog file "/home/ryanb/Documents/MINA/hw/custom_ip/MINA_proj/MINA_proj.ip_user_files/bd/design_1/ip/design_1_smartconnect_0_0/bd_0/ip/ip_45/sim/bd_48ac_m02e_0.sv" into library xil_defaultlib
INFO: [VRFC 10-311] analyzing module bd_48ac_m02e_0
INFO: [VRFC 10-2263] Analyzing SystemVerilog file "/home/ryanb/Documents/MINA/hw/custom_ip/MINA_proj/MINA_proj.ip_user_files/bd/design_1/ip/design_1_smartconnect_0_0/bd_0/ip/ip_46/sim/bd_48ac_m03s2a_0.sv" into library xil_defaultlib
INFO: [VRFC 10-311] analyzing module bd_48ac_m03s2a_0
INFO: [VRFC 10-2263] Analyzing SystemVerilog file "/home/ryanb/Documents/MINA/hw/custom_ip/MINA_proj/MINA_proj.ip_user_files/bd/design_1/ip/design_1_smartconnect_0_0/bd_0/ip/ip_47/sim/bd_48ac_m03arn_0.sv" into library xil_defaultlib
INFO: [VRFC 10-311] analyzing module bd_48ac_m03arn_0
INFO: [VRFC 10-2263] Analyzing SystemVerilog file "/home/ryanb/Documents/MINA/hw/custom_ip/MINA_proj/MINA_proj.ip_user_files/bd/design_1/ip/design_1_smartconnect_0_0/bd_0/ip/ip_48/sim/bd_48ac_m03rn_0.sv" into library xil_defaultlib
INFO: [VRFC 10-311] analyzing module bd_48ac_m03rn_0
INFO: [VRFC 10-2263] Analyzing SystemVerilog file "/home/ryanb/Documents/MINA/hw/custom_ip/MINA_proj/MINA_proj.ip_user_files/bd/design_1/ip/design_1_smartconnect_0_0/bd_0/ip/ip_49/sim/bd_48ac_m03awn_0.sv" into library xil_defaultlib
INFO: [VRFC 10-311] analyzing module bd_48ac_m03awn_0
INFO: [VRFC 10-2263] Analyzing SystemVerilog file "/home/ryanb/Documents/MINA/hw/custom_ip/MINA_proj/MINA_proj.ip_user_files/bd/design_1/ip/design_1_smartconnect_0_0/bd_0/ip/ip_50/sim/bd_48ac_m03wn_0.sv" into library xil_defaultlib
INFO: [VRFC 10-311] analyzing module bd_48ac_m03wn_0
INFO: [VRFC 10-2263] Analyzing SystemVerilog file "/home/ryanb/Documents/MINA/hw/custom_ip/MINA_proj/MINA_proj.ip_user_files/bd/design_1/ip/design_1_smartconnect_0_0/bd_0/ip/ip_51/sim/bd_48ac_m03bn_0.sv" into library xil_defaultlib
INFO: [VRFC 10-311] analyzing module bd_48ac_m03bn_0
INFO: [VRFC 10-2263] Analyzing SystemVerilog file "/home/ryanb/Documents/MINA/hw/custom_ip/MINA_proj/MINA_proj.ip_user_files/bd/design_1/ip/design_1_smartconnect_0_0/bd_0/ip/ip_52/sim/bd_48ac_m03e_0.sv" into library xil_defaultlib
INFO: [VRFC 10-311] analyzing module bd_48ac_m03e_0
INFO: [VRFC 10-2263] Analyzing SystemVerilog file "/home/ryanb/Documents/MINA/hw/custom_ip/MINA_proj/MINA_proj.ip_user_files/bd/design_1/ip/design_1_smartconnect_0_0/sim/design_1_smartconnect_0_0.sv" into library xil_defaultlib
INFO: [VRFC 10-311] analyzing module design_1_smartconnect_0_0
INFO: [VRFC 10-2263] Analyzing SystemVerilog file "/home/ryanb/Documents/MINA/hw/custom_ip/MINA_proj/MINA_proj.ip_user_files/bd/design_1/ip/design_1_smartconnect_1_0/bd_0/ip/ip_2/sim/bd_88fd_arinsw_0.sv" into library xil_defaultlib
INFO: [VRFC 10-311] analyzing module bd_88fd_arinsw_0
INFO: [VRFC 10-2263] Analyzing SystemVerilog file "/home/ryanb/Documents/MINA/hw/custom_ip/MINA_proj/MINA_proj.ip_user_files/bd/design_1/ip/design_1_smartconnect_1_0/bd_0/ip/ip_3/sim/bd_88fd_rinsw_0.sv" into library xil_defaultlib
INFO: [VRFC 10-311] analyzing module bd_88fd_rinsw_0
INFO: [VRFC 10-2263] Analyzing SystemVerilog file "/home/ryanb/Documents/MINA/hw/custom_ip/MINA_proj/MINA_proj.ip_user_files/bd/design_1/ip/design_1_smartconnect_1_0/bd_0/ip/ip_4/sim/bd_88fd_awinsw_0.sv" into library xil_defaultlib
INFO: [VRFC 10-311] analyzing module bd_88fd_awinsw_0
INFO: [VRFC 10-2263] Analyzing SystemVerilog file "/home/ryanb/Documents/MINA/hw/custom_ip/MINA_proj/MINA_proj.ip_user_files/bd/design_1/ip/design_1_smartconnect_1_0/bd_0/ip/ip_5/sim/bd_88fd_winsw_0.sv" into library xil_defaultlib
INFO: [VRFC 10-311] analyzing module bd_88fd_winsw_0
INFO: [VRFC 10-2263] Analyzing SystemVerilog file "/home/ryanb/Documents/MINA/hw/custom_ip/MINA_proj/MINA_proj.ip_user_files/bd/design_1/ip/design_1_smartconnect_1_0/bd_0/ip/ip_6/sim/bd_88fd_binsw_0.sv" into library xil_defaultlib
INFO: [VRFC 10-311] analyzing module bd_88fd_binsw_0
INFO: [VRFC 10-2263] Analyzing SystemVerilog file "/home/ryanb/Documents/MINA/hw/custom_ip/MINA_proj/MINA_proj.ip_user_files/bd/design_1/ip/design_1_smartconnect_1_0/bd_0/ip/ip_7/sim/bd_88fd_aroutsw_0.sv" into library xil_defaultlib
INFO: [VRFC 10-311] analyzing module bd_88fd_aroutsw_0
INFO: [VRFC 10-2263] Analyzing SystemVerilog file "/home/ryanb/Documents/MINA/hw/custom_ip/MINA_proj/MINA_proj.ip_user_files/bd/design_1/ip/design_1_smartconnect_1_0/bd_0/ip/ip_8/sim/bd_88fd_routsw_0.sv" into library xil_defaultlib
INFO: [VRFC 10-311] analyzing module bd_88fd_routsw_0
INFO: [VRFC 10-2263] Analyzing SystemVerilog file "/home/ryanb/Documents/MINA/hw/custom_ip/MINA_proj/MINA_proj.ip_user_files/bd/design_1/ip/design_1_smartconnect_1_0/bd_0/ip/ip_9/sim/bd_88fd_awoutsw_0.sv" into library xil_defaultlib
INFO: [VRFC 10-311] analyzing module bd_88fd_awoutsw_0
INFO: [VRFC 10-2263] Analyzing SystemVerilog file "/home/ryanb/Documents/MINA/hw/custom_ip/MINA_proj/MINA_proj.ip_user_files/bd/design_1/ip/design_1_smartconnect_1_0/bd_0/ip/ip_10/sim/bd_88fd_woutsw_0.sv" into library xil_defaultlib
INFO: [VRFC 10-311] analyzing module bd_88fd_woutsw_0
INFO: [VRFC 10-2263] Analyzing SystemVerilog file "/home/ryanb/Documents/MINA/hw/custom_ip/MINA_proj/MINA_proj.ip_user_files/bd/design_1/ip/design_1_smartconnect_1_0/bd_0/ip/ip_11/sim/bd_88fd_boutsw_0.sv" into library xil_defaultlib
INFO: [VRFC 10-311] analyzing module bd_88fd_boutsw_0
INFO: [VRFC 10-2263] Analyzing SystemVerilog file "/home/ryanb/Documents/MINA/hw/custom_ip/MINA_proj/MINA_proj.ip_user_files/bd/design_1/ip/design_1_smartconnect_1_0/bd_0/ip/ip_12/sim/bd_88fd_arni_0.sv" into library xil_defaultlib
INFO: [VRFC 10-311] analyzing module bd_88fd_arni_0
INFO: [VRFC 10-2263] Analyzing SystemVerilog file "/home/ryanb/Documents/MINA/hw/custom_ip/MINA_proj/MINA_proj.ip_user_files/bd/design_1/ip/design_1_smartconnect_1_0/bd_0/ip/ip_13/sim/bd_88fd_rni_0.sv" into library xil_defaultlib
INFO: [VRFC 10-311] analyzing module bd_88fd_rni_0
INFO: [VRFC 10-2263] Analyzing SystemVerilog file "/home/ryanb/Documents/MINA/hw/custom_ip/MINA_proj/MINA_proj.ip_user_files/bd/design_1/ip/design_1_smartconnect_1_0/bd_0/ip/ip_14/sim/bd_88fd_awni_0.sv" into library xil_defaultlib
INFO: [VRFC 10-311] analyzing module bd_88fd_awni_0
INFO: [VRFC 10-2263] Analyzing SystemVerilog file "/home/ryanb/Documents/MINA/hw/custom_ip/MINA_proj/MINA_proj.ip_user_files/bd/design_1/ip/design_1_smartconnect_1_0/bd_0/ip/ip_15/sim/bd_88fd_wni_0.sv" into library xil_defaultlib
INFO: [VRFC 10-311] analyzing module bd_88fd_wni_0
INFO: [VRFC 10-2263] Analyzing SystemVerilog file "/home/ryanb/Documents/MINA/hw/custom_ip/MINA_proj/MINA_proj.ip_user_files/bd/design_1/ip/design_1_smartconnect_1_0/bd_0/ip/ip_16/sim/bd_88fd_bni_0.sv" into library xil_defaultlib
INFO: [VRFC 10-311] analyzing module bd_88fd_bni_0
INFO: [VRFC 10-2263] Analyzing SystemVerilog file "/home/ryanb/Documents/MINA/hw/custom_ip/MINA_proj/MINA_proj.ip_user_files/bd/design_1/ip/design_1_smartconnect_1_0/bd_0/ip/ip_17/sim/bd_88fd_s00mmu_0.sv" into library xil_defaultlib
INFO: [VRFC 10-311] analyzing module bd_88fd_s00mmu_0
INFO: [VRFC 10-2263] Analyzing SystemVerilog file "/home/ryanb/Documents/MINA/hw/custom_ip/MINA_proj/MINA_proj.ip_user_files/bd/design_1/ip/design_1_smartconnect_1_0/bd_0/ip/ip_18/sim/bd_88fd_s00tr_0.sv" into library xil_defaultlib
INFO: [VRFC 10-311] analyzing module bd_88fd_s00tr_0
INFO: [VRFC 10-2263] Analyzing SystemVerilog file "/home/ryanb/Documents/MINA/hw/custom_ip/MINA_proj/MINA_proj.ip_user_files/bd/design_1/ip/design_1_smartconnect_1_0/bd_0/ip/ip_19/sim/bd_88fd_s00sic_0.sv" into library xil_defaultlib
INFO: [VRFC 10-311] analyzing module bd_88fd_s00sic_0
INFO: [VRFC 10-2263] Analyzing SystemVerilog file "/home/ryanb/Documents/MINA/hw/custom_ip/MINA_proj/MINA_proj.ip_user_files/bd/design_1/ip/design_1_smartconnect_1_0/bd_0/ip/ip_20/sim/bd_88fd_s00a2s_0.sv" into library xil_defaultlib
INFO: [VRFC 10-311] analyzing module bd_88fd_s00a2s_0
INFO: [VRFC 10-2263] Analyzing SystemVerilog file "/home/ryanb/Documents/MINA/hw/custom_ip/MINA_proj/MINA_proj.ip_user_files/bd/design_1/ip/design_1_smartconnect_1_0/bd_0/ip/ip_21/sim/bd_88fd_sarn_0.sv" into library xil_defaultlib
INFO: [VRFC 10-311] analyzing module bd_88fd_sarn_0
INFO: [VRFC 10-2263] Analyzing SystemVerilog file "/home/ryanb/Documents/MINA/hw/custom_ip/MINA_proj/MINA_proj.ip_user_files/bd/design_1/ip/design_1_smartconnect_1_0/bd_0/ip/ip_22/sim/bd_88fd_srn_0.sv" into library xil_defaultlib
INFO: [VRFC 10-311] analyzing module bd_88fd_srn_0
INFO: [VRFC 10-2263] Analyzing SystemVerilog file "/home/ryanb/Documents/MINA/hw/custom_ip/MINA_proj/MINA_proj.ip_user_files/bd/design_1/ip/design_1_smartconnect_1_0/bd_0/ip/ip_23/sim/bd_88fd_sawn_0.sv" into library xil_defaultlib
INFO: [VRFC 10-311] analyzing module bd_88fd_sawn_0
INFO: [VRFC 10-2263] Analyzing SystemVerilog file "/home/ryanb/Documents/MINA/hw/custom_ip/MINA_proj/MINA_proj.ip_user_files/bd/design_1/ip/design_1_smartconnect_1_0/bd_0/ip/ip_24/sim/bd_88fd_swn_0.sv" into library xil_defaultlib
INFO: [VRFC 10-311] analyzing module bd_88fd_swn_0
INFO: [VRFC 10-2263] Analyzing SystemVerilog file "/home/ryanb/Documents/MINA/hw/custom_ip/MINA_proj/MINA_proj.ip_user_files/bd/design_1/ip/design_1_smartconnect_1_0/bd_0/ip/ip_25/sim/bd_88fd_sbn_0.sv" into library xil_defaultlib
INFO: [VRFC 10-311] analyzing module bd_88fd_sbn_0
INFO: [VRFC 10-2263] Analyzing SystemVerilog file "/home/ryanb/Documents/MINA/hw/custom_ip/MINA_proj/MINA_proj.ip_user_files/bd/design_1/ip/design_1_smartconnect_1_0/bd_0/ip/ip_26/sim/bd_88fd_m00s2a_0.sv" into library xil_defaultlib
INFO: [VRFC 10-311] analyzing module bd_88fd_m00s2a_0
INFO: [VRFC 10-2263] Analyzing SystemVerilog file "/home/ryanb/Documents/MINA/hw/custom_ip/MINA_proj/MINA_proj.ip_user_files/bd/design_1/ip/design_1_smartconnect_1_0/bd_0/ip/ip_27/sim/bd_88fd_m00arn_0.sv" into library xil_defaultlib
INFO: [VRFC 10-311] analyzing module bd_88fd_m00arn_0
INFO: [VRFC 10-2263] Analyzing SystemVerilog file "/home/ryanb/Documents/MINA/hw/custom_ip/MINA_proj/MINA_proj.ip_user_files/bd/design_1/ip/design_1_smartconnect_1_0/bd_0/ip/ip_28/sim/bd_88fd_m00rn_0.sv" into library xil_defaultlib
INFO: [VRFC 10-311] analyzing module bd_88fd_m00rn_0
INFO: [VRFC 10-2263] Analyzing SystemVerilog file "/home/ryanb/Documents/MINA/hw/custom_ip/MINA_proj/MINA_proj.ip_user_files/bd/design_1/ip/design_1_smartconnect_1_0/bd_0/ip/ip_29/sim/bd_88fd_m00awn_0.sv" into library xil_defaultlib
INFO: [VRFC 10-311] analyzing module bd_88fd_m00awn_0
INFO: [VRFC 10-2263] Analyzing SystemVerilog file "/home/ryanb/Documents/MINA/hw/custom_ip/MINA_proj/MINA_proj.ip_user_files/bd/design_1/ip/design_1_smartconnect_1_0/bd_0/ip/ip_30/sim/bd_88fd_m00wn_0.sv" into library xil_defaultlib
INFO: [VRFC 10-311] analyzing module bd_88fd_m00wn_0
INFO: [VRFC 10-2263] Analyzing SystemVerilog file "/home/ryanb/Documents/MINA/hw/custom_ip/MINA_proj/MINA_proj.ip_user_files/bd/design_1/ip/design_1_smartconnect_1_0/bd_0/ip/ip_31/sim/bd_88fd_m00bn_0.sv" into library xil_defaultlib
INFO: [VRFC 10-311] analyzing module bd_88fd_m00bn_0
INFO: [VRFC 10-2263] Analyzing SystemVerilog file "/home/ryanb/Documents/MINA/hw/custom_ip/MINA_proj/MINA_proj.ip_user_files/bd/design_1/ip/design_1_smartconnect_1_0/bd_0/ip/ip_32/sim/bd_88fd_m00e_0.sv" into library xil_defaultlib
INFO: [VRFC 10-311] analyzing module bd_88fd_m00e_0
INFO: [VRFC 10-2263] Analyzing SystemVerilog file "/home/ryanb/Documents/MINA/hw/custom_ip/MINA_proj/MINA_proj.ip_user_files/bd/design_1/ip/design_1_smartconnect_1_0/bd_0/ip/ip_33/sim/bd_88fd_m01s2a_0.sv" into library xil_defaultlib
INFO: [VRFC 10-311] analyzing module bd_88fd_m01s2a_0
INFO: [VRFC 10-2263] Analyzing SystemVerilog file "/home/ryanb/Documents/MINA/hw/custom_ip/MINA_proj/MINA_proj.ip_user_files/bd/design_1/ip/design_1_smartconnect_1_0/bd_0/ip/ip_34/sim/bd_88fd_m01arn_0.sv" into library xil_defaultlib
INFO: [VRFC 10-311] analyzing module bd_88fd_m01arn_0
INFO: [VRFC 10-2263] Analyzing SystemVerilog file "/home/ryanb/Documents/MINA/hw/custom_ip/MINA_proj/MINA_proj.ip_user_files/bd/design_1/ip/design_1_smartconnect_1_0/bd_0/ip/ip_35/sim/bd_88fd_m01rn_0.sv" into library xil_defaultlib
INFO: [VRFC 10-311] analyzing module bd_88fd_m01rn_0
INFO: [VRFC 10-2263] Analyzing SystemVerilog file "/home/ryanb/Documents/MINA/hw/custom_ip/MINA_proj/MINA_proj.ip_user_files/bd/design_1/ip/design_1_smartconnect_1_0/bd_0/ip/ip_36/sim/bd_88fd_m01awn_0.sv" into library xil_defaultlib
INFO: [VRFC 10-311] analyzing module bd_88fd_m01awn_0
INFO: [VRFC 10-2263] Analyzing SystemVerilog file "/home/ryanb/Documents/MINA/hw/custom_ip/MINA_proj/MINA_proj.ip_user_files/bd/design_1/ip/design_1_smartconnect_1_0/bd_0/ip/ip_37/sim/bd_88fd_m01wn_0.sv" into library xil_defaultlib
INFO: [VRFC 10-311] analyzing module bd_88fd_m01wn_0
INFO: [VRFC 10-2263] Analyzing SystemVerilog file "/home/ryanb/Documents/MINA/hw/custom_ip/MINA_proj/MINA_proj.ip_user_files/bd/design_1/ip/design_1_smartconnect_1_0/bd_0/ip/ip_38/sim/bd_88fd_m01bn_0.sv" into library xil_defaultlib
INFO: [VRFC 10-311] analyzing module bd_88fd_m01bn_0
INFO: [VRFC 10-2263] Analyzing SystemVerilog file "/home/ryanb/Documents/MINA/hw/custom_ip/MINA_proj/MINA_proj.ip_user_files/bd/design_1/ip/design_1_smartconnect_1_0/bd_0/ip/ip_39/sim/bd_88fd_m01e_0.sv" into library xil_defaultlib
INFO: [VRFC 10-311] analyzing module bd_88fd_m01e_0
INFO: [VRFC 10-2263] Analyzing SystemVerilog file "/home/ryanb/Documents/MINA/hw/custom_ip/MINA_proj/MINA_proj.ip_user_files/bd/design_1/ip/design_1_smartconnect_1_0/bd_0/ip/ip_40/sim/bd_88fd_m02s2a_0.sv" into library xil_defaultlib
INFO: [VRFC 10-311] analyzing module bd_88fd_m02s2a_0
INFO: [VRFC 10-2263] Analyzing SystemVerilog file "/home/ryanb/Documents/MINA/hw/custom_ip/MINA_proj/MINA_proj.ip_user_files/bd/design_1/ip/design_1_smartconnect_1_0/bd_0/ip/ip_41/sim/bd_88fd_m02arn_0.sv" into library xil_defaultlib
INFO: [VRFC 10-311] analyzing module bd_88fd_m02arn_0
INFO: [VRFC 10-2263] Analyzing SystemVerilog file "/home/ryanb/Documents/MINA/hw/custom_ip/MINA_proj/MINA_proj.ip_user_files/bd/design_1/ip/design_1_smartconnect_1_0/bd_0/ip/ip_42/sim/bd_88fd_m02rn_0.sv" into library xil_defaultlib
INFO: [VRFC 10-311] analyzing module bd_88fd_m02rn_0
INFO: [VRFC 10-2263] Analyzing SystemVerilog file "/home/ryanb/Documents/MINA/hw/custom_ip/MINA_proj/MINA_proj.ip_user_files/bd/design_1/ip/design_1_smartconnect_1_0/bd_0/ip/ip_43/sim/bd_88fd_m02awn_0.sv" into library xil_defaultlib
INFO: [VRFC 10-311] analyzing module bd_88fd_m02awn_0
INFO: [VRFC 10-2263] Analyzing SystemVerilog file "/home/ryanb/Documents/MINA/hw/custom_ip/MINA_proj/MINA_proj.ip_user_files/bd/design_1/ip/design_1_smartconnect_1_0/bd_0/ip/ip_44/sim/bd_88fd_m02wn_0.sv" into library xil_defaultlib
INFO: [VRFC 10-311] analyzing module bd_88fd_m02wn_0
INFO: [VRFC 10-2263] Analyzing SystemVerilog file "/home/ryanb/Documents/MINA/hw/custom_ip/MINA_proj/MINA_proj.ip_user_files/bd/design_1/ip/design_1_smartconnect_1_0/bd_0/ip/ip_45/sim/bd_88fd_m02bn_0.sv" into library xil_defaultlib
INFO: [VRFC 10-311] analyzing module bd_88fd_m02bn_0
INFO: [VRFC 10-2263] Analyzing SystemVerilog file "/home/ryanb/Documents/MINA/hw/custom_ip/MINA_proj/MINA_proj.ip_user_files/bd/design_1/ip/design_1_smartconnect_1_0/bd_0/ip/ip_46/sim/bd_88fd_m02e_0.sv" into library xil_defaultlib
INFO: [VRFC 10-311] analyzing module bd_88fd_m02e_0
INFO: [VRFC 10-2263] Analyzing SystemVerilog file "/home/ryanb/Documents/MINA/hw/custom_ip/MINA_proj/MINA_proj.ip_user_files/bd/design_1/ip/design_1_smartconnect_1_0/bd_0/ip/ip_47/sim/bd_88fd_m03s2a_0.sv" into library xil_defaultlib
INFO: [VRFC 10-311] analyzing module bd_88fd_m03s2a_0
INFO: [VRFC 10-2263] Analyzing SystemVerilog file "/home/ryanb/Documents/MINA/hw/custom_ip/MINA_proj/MINA_proj.ip_user_files/bd/design_1/ip/design_1_smartconnect_1_0/bd_0/ip/ip_48/sim/bd_88fd_m03arn_0.sv" into library xil_defaultlib
INFO: [VRFC 10-311] analyzing module bd_88fd_m03arn_0
INFO: [VRFC 10-2263] Analyzing SystemVerilog file "/home/ryanb/Documents/MINA/hw/custom_ip/MINA_proj/MINA_proj.ip_user_files/bd/design_1/ip/design_1_smartconnect_1_0/bd_0/ip/ip_49/sim/bd_88fd_m03rn_0.sv" into library xil_defaultlib
INFO: [VRFC 10-311] analyzing module bd_88fd_m03rn_0
INFO: [VRFC 10-2263] Analyzing SystemVerilog file "/home/ryanb/Documents/MINA/hw/custom_ip/MINA_proj/MINA_proj.ip_user_files/bd/design_1/ip/design_1_smartconnect_1_0/bd_0/ip/ip_50/sim/bd_88fd_m03awn_0.sv" into library xil_defaultlib
INFO: [VRFC 10-311] analyzing module bd_88fd_m03awn_0
INFO: [VRFC 10-2263] Analyzing SystemVerilog file "/home/ryanb/Documents/MINA/hw/custom_ip/MINA_proj/MINA_proj.ip_user_files/bd/design_1/ip/design_1_smartconnect_1_0/bd_0/ip/ip_51/sim/bd_88fd_m03wn_0.sv" into library xil_defaultlib
INFO: [VRFC 10-311] analyzing module bd_88fd_m03wn_0
INFO: [VRFC 10-2263] Analyzing SystemVerilog file "/home/ryanb/Documents/MINA/hw/custom_ip/MINA_proj/MINA_proj.ip_user_files/bd/design_1/ip/design_1_smartconnect_1_0/bd_0/ip/ip_52/sim/bd_88fd_m03bn_0.sv" into library xil_defaultlib
INFO: [VRFC 10-311] analyzing module bd_88fd_m03bn_0
INFO: [VRFC 10-2263] Analyzing SystemVerilog file "/home/ryanb/Documents/MINA/hw/custom_ip/MINA_proj/MINA_proj.ip_user_files/bd/design_1/ip/design_1_smartconnect_1_0/bd_0/ip/ip_53/sim/bd_88fd_m03e_0.sv" into library xil_defaultlib
INFO: [VRFC 10-311] analyzing module bd_88fd_m03e_0
INFO: [VRFC 10-2263] Analyzing SystemVerilog file "/home/ryanb/Documents/MINA/hw/custom_ip/MINA_proj/MINA_proj.ip_user_files/bd/design_1/ip/design_1_smartconnect_1_0/bd_0/ip/ip_54/sim/bd_88fd_m04s2a_0.sv" into library xil_defaultlib
INFO: [VRFC 10-311] analyzing module bd_88fd_m04s2a_0
INFO: [VRFC 10-2263] Analyzing SystemVerilog file "/home/ryanb/Documents/MINA/hw/custom_ip/MINA_proj/MINA_proj.ip_user_files/bd/design_1/ip/design_1_smartconnect_1_0/bd_0/ip/ip_55/sim/bd_88fd_m04arn_0.sv" into library xil_defaultlib
INFO: [VRFC 10-311] analyzing module bd_88fd_m04arn_0
INFO: [VRFC 10-2263] Analyzing SystemVerilog file "/home/ryanb/Documents/MINA/hw/custom_ip/MINA_proj/MINA_proj.ip_user_files/bd/design_1/ip/design_1_smartconnect_1_0/bd_0/ip/ip_56/sim/bd_88fd_m04rn_0.sv" into library xil_defaultlib
INFO: [VRFC 10-311] analyzing module bd_88fd_m04rn_0
INFO: [VRFC 10-2263] Analyzing SystemVerilog file "/home/ryanb/Documents/MINA/hw/custom_ip/MINA_proj/MINA_proj.ip_user_files/bd/design_1/ip/design_1_smartconnect_1_0/bd_0/ip/ip_57/sim/bd_88fd_m04awn_0.sv" into library xil_defaultlib
INFO: [VRFC 10-311] analyzing module bd_88fd_m04awn_0
INFO: [VRFC 10-2263] Analyzing SystemVerilog file "/home/ryanb/Documents/MINA/hw/custom_ip/MINA_proj/MINA_proj.ip_user_files/bd/design_1/ip/design_1_smartconnect_1_0/bd_0/ip/ip_58/sim/bd_88fd_m04wn_0.sv" into library xil_defaultlib
INFO: [VRFC 10-311] analyzing module bd_88fd_m04wn_0
INFO: [VRFC 10-2263] Analyzing SystemVerilog file "/home/ryanb/Documents/MINA/hw/custom_ip/MINA_proj/MINA_proj.ip_user_files/bd/design_1/ip/design_1_smartconnect_1_0/bd_0/ip/ip_59/sim/bd_88fd_m04bn_0.sv" into library xil_defaultlib
INFO: [VRFC 10-311] analyzing module bd_88fd_m04bn_0
INFO: [VRFC 10-2263] Analyzing SystemVerilog file "/home/ryanb/Documents/MINA/hw/custom_ip/MINA_proj/MINA_proj.ip_user_files/bd/design_1/ip/design_1_smartconnect_1_0/bd_0/ip/ip_60/sim/bd_88fd_m04e_0.sv" into library xil_defaultlib
INFO: [VRFC 10-311] analyzing module bd_88fd_m04e_0
INFO: [VRFC 10-2263] Analyzing SystemVerilog file "/home/ryanb/Documents/MINA/hw/custom_ip/MINA_proj/MINA_proj.ip_user_files/bd/design_1/ip/design_1_smartconnect_1_0/sim/design_1_smartconnect_1_0.sv" into library xil_defaultlib
INFO: [VRFC 10-311] analyzing module design_1_smartconnect_1_0
xvhdl --incr --relax -prj tb_design_1_wrapper_vhdl.prj
Waiting for jobs to finish...
No pending jobs, compilation finished.
INFO: [USF-XSim-69] 'compile' step finished in '2' seconds
INFO: [USF-XSim-3] XSim::Elaborate design
INFO: [USF-XSim-61] Executing 'ELABORATE' step in '/home/ryanb/Documents/MINA/hw/custom_ip/MINA_proj/MINA_proj.sim/bootloader_tb/behav/xsim'
xelab --incr --debug typical --relax --mt 8 -L xil_defaultlib -L axi_datamover_v5_1_37 -L axi_sg_v4_1_21 -L axi_cdma_v4_1_35 -L proc_sys_reset_v5_0_17 -L smartconnect_v1_0 -L axi_infrastructure_v1_1_0 -L axi_register_slice_v2_1_36 -L axi_vip_v1_1_22 -L axi_bram_ctrl_v4_1_13 -L xlconcat_v2_1_7 -L axi_lite_ipif_v3_0_4 -L interrupt_control_v3_1_5 -L axi_gpio_v2_0_37 -L uvm -L xilinx_vip -L unisims_ver -L unimacro_ver -L secureip -L xpm --snapshot tb_design_1_wrapper_behav xil_defaultlib.tb_design_1_wrapper xil_defaultlib.glbl -log elaborate.log
Vivado Simulator v2025.2
Copyright 1986-2022 Xilinx, Inc. All Rights Reserved.
Copyright 2022-2025 Advanced Micro Devices, Inc. All Rights Reserved.
Running: /opt/Xilinx/2025.2/Vivado/bin/unwrapped/lnx64.o/xelab --incr --debug typical --relax --mt 8 -L xil_defaultlib -L axi_datamover_v5_1_37 -L axi_sg_v4_1_21 -L axi_cdma_v4_1_35 -L proc_sys_reset_v5_0_17 -L smartconnect_v1_0 -L axi_infrastructure_v1_1_0 -L axi_register_slice_v2_1_36 -L axi_vip_v1_1_22 -L axi_bram_ctrl_v4_1_13 -L xlconcat_v2_1_7 -L axi_lite_ipif_v3_0_4 -L interrupt_control_v3_1_5 -L axi_gpio_v2_0_37 -L uvm -L xilinx_vip -L unisims_ver -L unimacro_ver -L secureip -L xpm --snapshot tb_design_1_wrapper_behav xil_defaultlib.tb_design_1_wrapper xil_defaultlib.glbl -log elaborate.log 
Using 8 slave threads.
Starting static elaboration
Pass Through NonSizing Optimizer
WARNING: [VRFC 10-3091] actual bit length 32 differs from formal bit length 1 for port 's_axis_tkeep' [/home/ryanb/Documents/MINA/hw/ip/verilog-i2c/rtl/i2c_master_axil.v:389]
WARNING: [VRFC 10-3091] actual bit length 32 differs from formal bit length 8 for port 's_axis_tid' [/home/ryanb/Documents/MINA/hw/ip/verilog-i2c/rtl/i2c_master_axil.v:393]
WARNING: [VRFC 10-3091] actual bit length 32 differs from formal bit length 8 for port 's_axis_tdest' [/home/ryanb/Documents/MINA/hw/ip/verilog-i2c/rtl/i2c_master_axil.v:394]
WARNING: [VRFC 10-3091] actual bit length 32 differs from formal bit length 1 for port 's_axis_tkeep' [/home/ryanb/Documents/MINA/hw/ip/verilog-i2c/rtl/i2c_master_axil.v:433]
WARNING: [VRFC 10-3091] actual bit length 32 differs from formal bit length 8 for port 's_axis_tid' [/home/ryanb/Documents/MINA/hw/ip/verilog-i2c/rtl/i2c_master_axil.v:437]
WARNING: [VRFC 10-3091] actual bit length 32 differs from formal bit length 8 for port 's_axis_tdest' [/home/ryanb/Documents/MINA/hw/ip/verilog-i2c/rtl/i2c_master_axil.v:438]
WARNING: [VRFC 10-3091] actual bit length 32 differs from formal bit length 1 for port 's_axis_tkeep' [/home/ryanb/Documents/MINA/hw/ip/verilog-i2c/rtl/i2c_master_axil.v:473]
WARNING: [VRFC 10-3091] actual bit length 32 differs from formal bit length 8 for port 's_axis_tid' [/home/ryanb/Documents/MINA/hw/ip/verilog-i2c/rtl/i2c_master_axil.v:477]
WARNING: [VRFC 10-3091] actual bit length 32 differs from formal bit length 8 for port 's_axis_tdest' [/home/ryanb/Documents/MINA/hw/ip/verilog-i2c/rtl/i2c_master_axil.v:478]
WARNING: [VRFC 10-3091] actual bit length 32 differs from formal bit length 1 for port 's_axis_tuser' [/home/ryanb/Documents/MINA/hw/ip/verilog-i2c/rtl/i2c_master_axil.v:479]
WARNING: [VRFC 10-5021] port 'cdma_tvect_out' is not connected on this instance [/home/ryanb/Documents/MINA/hw/custom_ip/MINA_proj/MINA_proj.ip_user_files/bd/design_1/sim/design_1.v:353]
WARNING: [VRFC 10-5021] port 's_axi_awready' is not connected on this instance [/home/ryanb/Documents/MINA/hw/custom_ip/MINA_proj/MINA_proj.ip_user_files/bd/design_1/sim/design_1.v:961]
WARNING: [VRFC 10-5021] port 'bram_rst_a' is not connected on this instance [/home/ryanb/Documents/MINA/hw/custom_ip/MINA_proj/MINA_proj.ip_user_files/bd/design_1/sim/design_1.v:999]
WARNING: [VRFC 10-5021] port 'gpio_io_o' is not connected on this instance [/home/ryanb/Documents/MINA/hw/custom_ip/MINA_proj/MINA_proj.ip_user_files/bd/design_1/sim/design_1.v:1334]
WARNING: [VRFC 10-5021] port 'mb_reset' is not connected on this instance [/home/ryanb/Documents/MINA/hw/custom_ip/MINA_proj/MINA_proj.ip_user_files/bd/design_1/ip/design_1_smartconnect_1_0/bd_0/sim/bd_88fd.v:2410]
WARNING: [VRFC 10-5021] port 'mb_reset' is not connected on this instance [/home/ryanb/Documents/MINA/hw/custom_ip/MINA_proj/MINA_proj.ip_user_files/bd/design_1/ip/design_1_smartconnect_0_0/bd_0/sim/bd_48ac.v:2648]
Completed static elaboration
Starting simulation data flow analysis
Completed simulation data flow analysis
Time Resolution for simulation is 1ps
Compiling package std.standard
Compiling package std.textio
Compiling package ieee.std_logic_1164
Compiling package ieee.numeric_std
Compiling package synopsys.attributes
Compiling package ieee.std_logic_misc
Compiling package axi_cdma_v4_1_35.axi_cdma_pkg
Compiling package xpm.vcomponents
Compiling package unisim.vcomponents
Compiling package ieee.std_logic_arith
Compiling package ieee.std_logic_unsigned
Compiling package axi_datamover_v5_1_37.axi_datamover_pkg
Compiling package axi_bram_ctrl_v4_1_13.axi_bram_ctrl_funcs
Compiling package ieee.vital_timing
Compiling package ieee.vital_primitives
Compiling package unisim.vpkg
Compiling package axi_lite_ipif_v3_0_4.ipif_pkg
Compiling package vl.vl_types
Compiling module xil_defaultlib.glbl
Compiling module xil_defaultlib.InstructionCache
Compiling module xil_defaultlib.DataCache
Compiling module xil_defaultlib.VexRiscvMcuAxi
Compiling module xil_defaultlib.design_1_VexRiscvMcuAxi_0_0
Compiling architecture implementation of entity axi_datamover_v5_1_37.axi_datamover_reset [axi_datamover_reset_default]
Compiling architecture imp of entity axi_datamover_v5_1_37.axi_datamover_fifo [\axi_datamover_fifo(c_dwidth=8,c...]
Compiling architecture imp of entity axi_datamover_v5_1_37.axi_datamover_fifo [\axi_datamover_fifo(c_dwidth=71,...]
Compiling architecture implementation of entity axi_datamover_v5_1_37.axi_datamover_cmd_status [\axi_datamover_cmd_status(c_stsc...]
Compiling architecture implementation of entity axi_datamover_v5_1_37.axi_datamover_rd_status_cntl [axi_datamover_rd_status_cntl_def...]
Compiling architecture implementation of entity axi_datamover_v5_1_37.axi_datamover_strb_gen2 [\axi_datamover_strb_gen2(c_strb_...]
Compiling architecture implementation of entity axi_datamover_v5_1_37.axi_datamover_strb_gen2 [\axi_datamover_strb_gen2(c_op_mo...]
Compiling architecture implementation of entity axi_datamover_v5_1_37.axi_datamover_pcc [\axi_datamover_pcc(c_is_mm2s=1,c...]
Compiling architecture imp of entity axi_datamover_v5_1_37.srl_fifo [\srl_fifo(c_dwidth=59,c_depth=4)...]
Compiling architecture imp of entity axi_datamover_v5_1_37.axi_datamover_fifo [\axi_datamover_fifo(c_dwidth=59,...]
Compiling architecture implementation of entity axi_datamover_v5_1_37.axi_datamover_addr_cntl [\axi_datamover_addr_cntl(c_famil...]
Compiling architecture imp of entity axi_datamover_v5_1_37.srl_fifo [\srl_fifo(c_dwidth=29,c_depth=4)...]
Compiling architecture imp of entity axi_datamover_v5_1_37.axi_datamover_fifo [\axi_datamover_fifo(c_dwidth=29,...]
Compiling architecture implementation of entity axi_datamover_v5_1_37.axi_datamover_rdmux [\axi_datamover_rdmux(c_sel_addr_...]
Compiling architecture implementation of entity axi_datamover_v5_1_37.axi_datamover_rddata_cntl [\axi_datamover_rddata_cntl(c_ali...]
Compiling architecture implementation of entity axi_datamover_v5_1_37.axi_datamover_mm2s_full_wrap [\axi_datamover_mm2s_full_wrap(c_...]
Compiling architecture implementation of entity axi_datamover_v5_1_37.axi_datamover_pcc [\axi_datamover_pcc(c_dre_align_w...]
Compiling architecture imp of entity axi_datamover_v5_1_37.srl_fifo [\srl_fifo(c_dwidth=7,c_depth=6)\]
Compiling architecture imp of entity axi_datamover_v5_1_37.axi_datamover_fifo [\axi_datamover_fifo(c_dwidth=7,c...]
Compiling architecture imp of entity axi_datamover_v5_1_37.srl_fifo [\srl_fifo(c_dwidth=2,c_depth=6)\]
Compiling architecture imp of entity axi_datamover_v5_1_37.axi_datamover_fifo [\axi_datamover_fifo(c_dwidth=2,c...]
Compiling architecture implementation of entity axi_datamover_v5_1_37.axi_datamover_wr_status_cntl [\axi_datamover_wr_status_cntl(c_...]
Compiling architecture implementation of entity axi_datamover_v5_1_37.axi_datamover_addr_cntl [\axi_datamover_addr_cntl(c_addr_...]
Compiling architecture imp of entity axi_datamover_v5_1_37.srl_fifo [\srl_fifo(c_dwidth=27,c_depth=4)...]
Compiling architecture imp of entity axi_datamover_v5_1_37.axi_datamover_fifo [\axi_datamover_fifo(c_dwidth=27,...]
Compiling architecture implementation of entity axi_datamover_v5_1_37.axi_datamover_wrdata_cntl [\axi_datamover_wrdata_cntl(c_sf_...]
Compiling architecture implementation of entity axi_datamover_v5_1_37.axi_datamover_wr_demux [\axi_datamover_wr_demux(c_sel_ad...]
Compiling architecture implementation of entity axi_datamover_v5_1_37.axi_datamover_skid2mm_buf [\axi_datamover_skid2mm_buf(c_add...]
Compiling architecture implementation of entity axi_datamover_v5_1_37.axi_datamover_s2mm_full_wrap [\axi_datamover_s2mm_full_wrap(c_...]
Compiling architecture implementation of entity axi_datamover_v5_1_37.axi_datamover [\axi_datamover(c_include_mm2s=1,...]
Compiling architecture implementation of entity axi_cdma_v4_1_35.axi_cdma_pulse_gen [\axi_cdma_pulse_gen(c_pulse_widt...]
Compiling architecture implementation of entity axi_cdma_v4_1_35.axi_cdma_pulse_gen [\axi_cdma_pulse_gen(c_pos_edge_t...]
Compiling architecture implementation of entity axi_cdma_v4_1_35.axi_cdma_pulse_gen [\axi_cdma_pulse_gen(c_pulse_widt...]
Compiling architecture implementation of entity axi_cdma_v4_1_35.axi_cdma_reset [axi_cdma_reset_default]
Compiling architecture implementation of entity axi_cdma_v4_1_35.axi_cdma_lite_if [\axi_cdma_lite_if(c_num_ce=16,c_...]
Compiling architecture implementation of entity axi_cdma_v4_1_35.axi_cdma_register [\axi_cdma_register(c_num_registe...]
Compiling architecture implementation of entity axi_cdma_v4_1_35.axi_cdma_reg_module [axi_cdma_reg_module_default]
Compiling architecture implementation of entity axi_cdma_v4_1_35.axi_cdma_simple_cntlr [\axi_cdma_simple_cntlr(c_dm_cmd_...]
Compiling architecture implementation of entity axi_cdma_v4_1_35.axi_cdma_simple_wrap [\axi_cdma_simple_wrap(c_include_...]
Compiling architecture implementation of entity axi_cdma_v4_1_35.axi_cdma [\axi_cdma(c_include_sf=0,c_dlytm...]
Compiling architecture design_1_axi_cdma_0_0_arch of entity xil_defaultlib.design_1_axi_cdma_0_0 [design_1_axi_cdma_0_0_default]
Compiling module xil_defaultlib.axi_ram(STRB_WIDTH=4)
Compiling module xil_defaultlib.design_1_axi_ram_0_0
Compiling module unisims_ver.IBUF
Compiling module unisims_ver.MMCME2_ADV(CLKFBOUT_MULT_F=10.0,...
Compiling module unisims_ver.BUFG
Compiling module xil_defaultlib.design_1_clk_wiz_0_2_clk_wiz
Compiling module xil_defaultlib.design_1_clk_wiz_0_2
Compiling architecture behavioral of entity xil_defaultlib.basic_or [basic_or_default]
Compiling module xil_defaultlib.design_1_basic_or_0_0
Compiling architecture behavioral of entity xil_defaultlib.negation [negation_default]
Compiling module xil_defaultlib.design_1_negation_0_0
Compiling module xil_defaultlib.design_1_negation_0_1
Compiling module xil_defaultlib.cpu_reset_controller_imp_Y312CB
Compiling architecture implementation of entity axi_bram_ctrl_v4_1_13.sng_port_arb [\sng_port_arb(c_s_axi_addr_width...]
Compiling architecture implementation of entity axi_bram_ctrl_v4_1_13.ua_narrow [\ua_narrow(c_bram_addr_adjust_fa...]
Compiling architecture implementation of entity axi_bram_ctrl_v4_1_13.wrap_brst [\wrap_brst(c_axi_addr_width=14,c...]
Compiling architecture muxcy_v of entity unisim.MUXCY [muxcy_default]
Compiling architecture muxcy_l_v of entity unisim.MUXCY_L [muxcy_l_default]
Compiling architecture xorcy_v of entity unisim.XORCY [xorcy_default]
Compiling architecture srl16e_v of entity unisim.SRL16E [\SRL16E(0,15)\]
Compiling architecture fdre_v of entity unisim.FDRE [fdre_default]
Compiling architecture fdr_v of entity unisim.FDR [fdr_default]
Compiling architecture imp of entity axi_bram_ctrl_v4_1_13.SRL_FIFO [\SRL_FIFO(c_data_bits=1,c_depth=...]
Compiling architecture implementation of entity axi_bram_ctrl_v4_1_13.wr_chnl [\wr_chnl(c_axi_addr_width=14,c_a...]
Compiling architecture implementation of entity axi_bram_ctrl_v4_1_13.rd_chnl [\rd_chnl(c_axi_addr_width=14,c_a...]
Compiling architecture implementation of entity axi_bram_ctrl_v4_1_13.full_axi [\full_axi(c_s_axi_addr_width=14,...]
Compiling architecture implementation of entity axi_bram_ctrl_v4_1_13.axi_bram_ctrl_top [\axi_bram_ctrl_top(c_s_axi_addr_...]
Compiling architecture implementation of entity axi_bram_ctrl_v4_1_13.axi_bram_ctrl [\axi_bram_ctrl(c_s_axi_addr_widt...]
Compiling architecture design_1_axi_bram_ctrl_0_1_arch of entity xil_defaultlib.design_1_axi_bram_ctrl_0_1 [design_1_axi_bram_ctrl_0_1_defau...]
Compiling architecture implementation of entity axi_bram_ctrl_v4_1_13.wr_chnl [\wr_chnl(c_axi_addr_width=14,c_a...]
Compiling architecture implementation of entity axi_bram_ctrl_v4_1_13.rd_chnl [\rd_chnl(c_axi_addr_width=14,c_a...]
Compiling architecture implementation of entity axi_bram_ctrl_v4_1_13.full_axi [\full_axi(c_s_axi_addr_width=14,...]
Compiling architecture implementation of entity axi_bram_ctrl_v4_1_13.axi_bram_ctrl_top [\axi_bram_ctrl_top(c_s_axi_addr_...]
Compiling architecture implementation of entity axi_bram_ctrl_v4_1_13.axi_bram_ctrl [\axi_bram_ctrl(c_s_axi_addr_widt...]
Compiling architecture design_1_axi_bram_ctrl_0_2_arch of entity xil_defaultlib.design_1_axi_bram_ctrl_0_2 [design_1_axi_bram_ctrl_0_2_defau...]
Compiling module xil_defaultlib.muxed_dual_port_ram(ADDR_WIDTH=1...
Compiling module xil_defaultlib.design_1_muxed_dual_port_ram_0_0
Compiling module xil_defaultlib.instr_ram_imp_1811FLP
Compiling module xil_defaultlib.design_1_negation_1_0
Compiling module xil_defaultlib.design_1_negation_1_3
Compiling architecture implementation of entity interrupt_control_v3_1_5.interrupt_control [\interrupt_control(c_num_ce=16,c...]
Compiling architecture imp of entity axi_lite_ipif_v3_0_4.pselect_f [\pselect_f(c_ab=5,c_aw=9,c_bar="...]
Compiling architecture imp of entity axi_lite_ipif_v3_0_4.pselect_f [\pselect_f(c_ab=2,c_aw=2,c_bar="...]
Compiling architecture imp of entity axi_lite_ipif_v3_0_4.pselect_f [\pselect_f(c_ab=2,c_aw=2,c_bar="...]
Compiling architecture imp of entity axi_lite_ipif_v3_0_4.pselect_f [\pselect_f(c_ab=2,c_aw=2,c_bar="...]
Compiling architecture imp of entity axi_lite_ipif_v3_0_4.pselect_f [\pselect_f(c_ab=2,c_aw=2,c_bar="...]
Compiling architecture imp of entity axi_lite_ipif_v3_0_4.pselect_f [\pselect_f(c_ab=1,c_aw=9,c_bar="...]
Compiling architecture imp of entity axi_lite_ipif_v3_0_4.pselect_f [\pselect_f(c_ab=4,c_aw=4,c_bar="...]
Compiling architecture imp of entity axi_lite_ipif_v3_0_4.pselect_f [\pselect_f(c_ab=4,c_aw=4,c_bar="...]
Compiling architecture imp of entity axi_lite_ipif_v3_0_4.pselect_f [\pselect_f(c_ab=4,c_aw=4,c_bar="...]
Compiling architecture imp of entity axi_lite_ipif_v3_0_4.pselect_f [\pselect_f(c_ab=4,c_aw=4,c_bar="...]
Compiling architecture imp of entity axi_lite_ipif_v3_0_4.pselect_f [\pselect_f(c_ab=4,c_aw=4,c_bar="...]
Compiling architecture imp of entity axi_lite_ipif_v3_0_4.pselect_f [\pselect_f(c_ab=4,c_aw=4,c_bar="...]
Compiling architecture imp of entity axi_lite_ipif_v3_0_4.pselect_f [\pselect_f(c_ab=4,c_aw=4,c_bar="...]
Compiling architecture imp of entity axi_lite_ipif_v3_0_4.pselect_f [\pselect_f(c_ab=4,c_aw=4,c_bar="...]
Compiling architecture imp of entity axi_lite_ipif_v3_0_4.pselect_f [\pselect_f(c_ab=4,c_aw=4,c_bar="...]
Compiling architecture imp of entity axi_lite_ipif_v3_0_4.pselect_f [\pselect_f(c_ab=4,c_aw=4,c_bar="...]
Compiling architecture imp of entity axi_lite_ipif_v3_0_4.pselect_f [\pselect_f(c_ab=4,c_aw=4,c_bar="...]
Compiling architecture imp of entity axi_lite_ipif_v3_0_4.pselect_f [\pselect_f(c_ab=4,c_aw=4,c_bar="...]
Compiling architecture imp of entity axi_lite_ipif_v3_0_4.pselect_f [\pselect_f(c_ab=4,c_aw=4,c_bar="...]
Compiling architecture imp of entity axi_lite_ipif_v3_0_4.pselect_f [\pselect_f(c_ab=4,c_aw=4,c_bar="...]
Compiling architecture imp of entity axi_lite_ipif_v3_0_4.pselect_f [\pselect_f(c_ab=4,c_aw=4,c_bar="...]
Compiling architecture imp of entity axi_lite_ipif_v3_0_4.pselect_f [\pselect_f(c_ab=4,c_aw=4,c_bar="...]
Compiling architecture imp of entity axi_lite_ipif_v3_0_4.address_decoder [\address_decoder(c_bus_awidth=9,...]
Compiling architecture imp of entity axi_lite_ipif_v3_0_4.slave_attachment [\slave_attachment(c_ard_addr_ran...]
Compiling architecture imp of entity axi_lite_ipif_v3_0_4.axi_lite_ipif [\axi_lite_ipif(c_s_axi_addr_widt...]
Compiling module xpm.xpm_cdc_array_single(DEST_SYNC_F...
Compiling architecture imp of entity axi_gpio_v2_0_37.GPIO_Core [\GPIO_Core(c_aw=9,c_interrupt_pr...]
Compiling architecture imp of entity axi_gpio_v2_0_37.axi_gpio [\axi_gpio(c_family="spartan7",c_...]
Compiling architecture design_1_axi_gpio_0_0_arch of entity xil_defaultlib.design_1_axi_gpio_0_0 [design_1_axi_gpio_0_0_default]
Compiling architecture rtl of entity xil_defaultlib.uart_phy [uart_phy_default]
Compiling architecture rtl of entity xil_defaultlib.axi_uart_bootloader [axi_uart_bootloader_default]
Compiling module xil_defaultlib.axi_uart_bootloader_wrapper
Compiling module xil_defaultlib.design_1_axi_uart_bootloader_1_0
Compiling architecture rtl of entity xil_defaultlib.axil_timer_64 [axil_timer_64_default]
Compiling module xil_defaultlib.design_1_axil_timer_64_0_0
Compiling module xil_defaultlib.axis_fifo(DEPTH=32,DATA_WIDTH=12...
Compiling module xil_defaultlib.axis_fifo(DEPTH=32,KEEP_ENABLE=0...
Compiling module xil_defaultlib.i2c_master
Compiling module xil_defaultlib.i2c_master_axil_default
Compiling module xil_defaultlib.design_1_i2c_master_axil_0_0
Compiling module xil_defaultlib.design_1_negation_1_2
Compiling architecture behavioral of entity xil_defaultlib.plic [plic_default]
Compiling architecture behavioral of entity xil_defaultlib.plic_axil_wrapper [plic_axil_wrapper_default]
Compiling module xil_defaultlib.design_1_plic_axil_wrapper_0_0
Compiling architecture fdre_v of entity unisim.FDRE [\FDRE(init='1')\]
Compiling architecture srl16e_v of entity unisim.SRL16E [\SRL16E(init="1111111111111111")...]
Compiling architecture srl16_v of entity unisim.SRL16 [\SRL16(init="1111111111111111")(...]
Compiling module xpm.xpm_cdc_single(DEST_SYNC_FF=4,IN...
Compiling architecture imp of entity proc_sys_reset_v5_0_17.lpf [\lpf(c_ext_rst_width=4,c_aux_rst...]
Compiling architecture imp of entity proc_sys_reset_v5_0_17.upcnt_n [\upcnt_n(c_size=6)\]
Compiling architecture imp of entity proc_sys_reset_v5_0_17.sequence_psr [sequence_psr_default]
Compiling architecture imp of entity proc_sys_reset_v5_0_17.proc_sys_reset [\proc_sys_reset(c_family="sparta...]
Compiling architecture bd_88fd_psr_aclk_0_arch of entity xil_defaultlib.bd_88fd_psr_aclk_0 [bd_88fd_psr_aclk_0_default]
Compiling module xil_defaultlib.clk_map_imp_LEUOAK
Compiling module xpm.xpm_cdc_async_rst(DEST_SYNC_FF=3...
Compiling module xil_defaultlib.bd_88fd_m00e_0
Compiling module xil_defaultlib.m00_exit_pipeline_imp_1ED2SVB
Compiling module xil_defaultlib.bd_88fd_m00arn_0
Compiling module xil_defaultlib.bd_88fd_m00awn_0
Compiling module xil_defaultlib.bd_88fd_m00bn_0
Compiling module xil_defaultlib.bd_88fd_m00rn_0
Compiling module xil_defaultlib.bd_88fd_m00wn_0
Compiling module xil_defaultlib.m00_nodes_imp_1RQJ53F
Compiling module xil_defaultlib.bd_88fd_m00s2a_0
Compiling module xil_defaultlib.bd_88fd_m01e_0
Compiling module xil_defaultlib.m01_exit_pipeline_imp_194UWDJ
Compiling module xil_defaultlib.bd_88fd_m01arn_0
Compiling module xil_defaultlib.bd_88fd_m01awn_0
Compiling module xil_defaultlib.bd_88fd_m01bn_0
Compiling module xil_defaultlib.bd_88fd_m01rn_0
Compiling module xil_defaultlib.bd_88fd_m01wn_0
Compiling module xil_defaultlib.m01_nodes_imp_XHW5BX
Compiling module xil_defaultlib.bd_88fd_m01s2a_0
Compiling module xil_defaultlib.bd_88fd_m02e_0
Compiling module xil_defaultlib.m02_exit_pipeline_imp_178ITK7
Compiling module xil_defaultlib.bd_88fd_m02arn_0
Compiling module xil_defaultlib.bd_88fd_m02awn_0
Compiling module xil_defaultlib.bd_88fd_m02bn_0
Compiling module xil_defaultlib.bd_88fd_m02rn_0
Compiling module xil_defaultlib.bd_88fd_m02wn_0
Compiling module xil_defaultlib.m02_nodes_imp_1CEL2E
Compiling module xil_defaultlib.bd_88fd_m02s2a_0
Compiling module xil_defaultlib.bd_88fd_m03e_0
Compiling module xil_defaultlib.m03_exit_pipeline_imp_1348LIF
Compiling module xil_defaultlib.bd_88fd_m03arn_0
Compiling module xil_defaultlib.bd_88fd_m03awn_0
Compiling module xil_defaultlib.bd_88fd_m03bn_0
Compiling module xil_defaultlib.bd_88fd_m03rn_0
Compiling module xil_defaultlib.bd_88fd_m03wn_0
Compiling module xil_defaultlib.m03_nodes_imp_16OOIFK
Compiling module xil_defaultlib.bd_88fd_m03s2a_0
Compiling module xil_defaultlib.bd_88fd_m04e_0
Compiling module xil_defaultlib.m04_exit_pipeline_imp_1SOQ17R
Compiling module xil_defaultlib.bd_88fd_m04arn_0
Compiling module xil_defaultlib.bd_88fd_m04awn_0
Compiling module xil_defaultlib.bd_88fd_m04bn_0
Compiling module xil_defaultlib.bd_88fd_m04rn_0
Compiling module xil_defaultlib.bd_88fd_m04wn_0
Compiling module xil_defaultlib.m04_nodes_imp_1XY7E6O
Compiling module xil_defaultlib.bd_88fd_m04s2a_0
Compiling module xil_defaultlib.bd_88fd_s00a2s_0
Compiling module xil_defaultlib.bd_88fd_s00mmu_0
Compiling module xil_defaultlib.bd_88fd_s00sic_0
Compiling module xil_defaultlib.bd_88fd_s00tr_0
Compiling module xil_defaultlib.s00_entry_pipeline_imp_F6210K
Compiling module xil_defaultlib.bd_88fd_sarn_0
Compiling module xil_defaultlib.bd_88fd_sawn_0
Compiling module xil_defaultlib.bd_88fd_sbn_0
Compiling module xil_defaultlib.bd_88fd_srn_0
Compiling module xil_defaultlib.bd_88fd_swn_0
Compiling module xil_defaultlib.s00_nodes_imp_9QDCJI
Compiling module xil_defaultlib.bd_88fd_arinsw_0
Compiling module xil_defaultlib.bd_88fd_aroutsw_0
Compiling module xil_defaultlib.bd_88fd_awinsw_0
Compiling module xil_defaultlib.bd_88fd_awoutsw_0
Compiling module xil_defaultlib.bd_88fd_binsw_0
Compiling module xil_defaultlib.bd_88fd_boutsw_0
Compiling module xil_defaultlib.bd_88fd_arni_0
Compiling module xil_defaultlib.bd_88fd_awni_0
Compiling module xil_defaultlib.bd_88fd_bni_0
Compiling module xil_defaultlib.bd_88fd_rni_0
Compiling module xil_defaultlib.bd_88fd_wni_0
Compiling module xil_defaultlib.i_nodes_imp_1320MTU
Compiling module xil_defaultlib.bd_88fd_rinsw_0
Compiling module xil_defaultlib.bd_88fd_routsw_0
Compiling module xil_defaultlib.bd_88fd_winsw_0
Compiling module xil_defaultlib.bd_88fd_woutsw_0
Compiling module xil_defaultlib.switchboards_imp_K834X6
Compiling module xil_defaultlib.bd_88fd
Compiling module xil_defaultlib.design_1_smartconnect_1_0
Compiling module xlconcat_v2_1_7.xlconcat_v2_1_7_xlconcat(dout_wi...
Compiling module xil_defaultlib.design_1_xlconcat_0_0
Compiling module xil_defaultlib.peripherals_imp_1BOSXT5
Compiling architecture bd_48ac_psr_aclk_0_arch of entity xil_defaultlib.bd_48ac_psr_aclk_0 [bd_48ac_psr_aclk_0_default]
Compiling module xil_defaultlib.clk_map_imp_1NMB928
Compiling module xil_defaultlib.bd_48ac_m00e_0
Compiling module xil_defaultlib.m00_exit_pipeline_imp_CVVFJV
Compiling module xpm.xpm_memory_base(MEMORY_TYPE=1,ME...
Compiling module xpm.xpm_memory_sdpram(MEMORY_SIZE=32...
Compiling module xpm.xpm_memory_base(MEMORY_TYPE=1,ME...
Compiling module xpm.xpm_memory_sdpram(MEMORY_SIZE=51...
Compiling module xil_defaultlib.bd_48ac_m00arn_0
Compiling module xil_defaultlib.bd_48ac_m00awn_0
Compiling module xpm.xpm_memory_base(MEMORY_TYPE=1,ME...
Compiling module xpm.xpm_memory_sdpram(MEMORY_SIZE=60...
Compiling module xpm.xpm_memory_base(MEMORY_TYPE=1,ME...
Compiling module xpm.xpm_memory_sdpram(MEMORY_SIZE=22...
Compiling module xil_defaultlib.bd_48ac_m00bn_0
Compiling module xpm.xpm_memory_base(MEMORY_TYPE=1,ME...
Compiling module xpm.xpm_memory_sdpram(MEMORY_SIZE=16...
Compiling module xil_defaultlib.bd_48ac_m00rn_0
Compiling module xpm.xpm_memory_base(MEMORY_TYPE=1,ME...
Compiling module xpm.xpm_memory_sdpram(MEMORY_SIZE=4,...
Compiling module xpm.xpm_memory_base(MEMORY_TYPE=1,ME...
Compiling module xpm.xpm_memory_sdpram(MEMORY_SIZE=23...
Compiling module xil_defaultlib.bd_48ac_m00wn_0
Compiling module xil_defaultlib.m00_nodes_imp_Z1B1P3
Compiling module xil_defaultlib.bd_48ac_m00s2a_0
Compiling module xil_defaultlib.bd_48ac_m01e_0
Compiling module xil_defaultlib.m01_exit_pipeline_imp_FWTRCR
Compiling module xil_defaultlib.bd_48ac_m01arn_0
Compiling module xil_defaultlib.bd_48ac_m01awn_0
Compiling module xil_defaultlib.bd_48ac_m01bn_0
Compiling module xil_defaultlib.bd_48ac_m01rn_0
Compiling module xil_defaultlib.bd_48ac_m01wn_0
Compiling module xil_defaultlib.m01_nodes_imp_1R2BU3L
Compiling module xil_defaultlib.bd_48ac_m01s2a_0
Compiling module xil_defaultlib.bd_48ac_m02e_0
Compiling module xil_defaultlib.m02_exit_pipeline_imp_19C6Z
Compiling module xil_defaultlib.bd_48ac_m02arn_0
Compiling module xil_defaultlib.bd_48ac_m02awn_0
Compiling module xil_defaultlib.bd_48ac_m02bn_0
Compiling module xil_defaultlib.bd_48ac_m02rn_0
Compiling module xil_defaultlib.bd_48ac_m02wn_0
Compiling module xil_defaultlib.m02_nodes_imp_185W3JU
Compiling module xil_defaultlib.bd_48ac_m02s2a_0
Compiling module xil_defaultlib.bd_48ac_m03e_0
Compiling module xil_defaultlib.m03_exit_pipeline_imp_6E233V
Compiling module xil_defaultlib.bd_48ac_m03arn_0
Compiling module xil_defaultlib.bd_48ac_m03awn_0
Compiling module xil_defaultlib.bd_48ac_m03bn_0
Compiling module xil_defaultlib.bd_48ac_m03rn_0
Compiling module xil_defaultlib.bd_48ac_m03wn_0
Compiling module xil_defaultlib.m03_nodes_imp_LEW7G
Compiling module xil_defaultlib.bd_48ac_m03s2a_0
Compiling module xil_defaultlib.bd_48ac_s00a2s_0
Compiling module xil_defaultlib.bd_48ac_s00mmu_0
Compiling module xil_defaultlib.bd_48ac_s00sic_0
Compiling module xil_defaultlib.bd_48ac_s00tr_0
Compiling module xil_defaultlib.s00_entry_pipeline_imp_1C3JDRS
Compiling module xpm.xpm_memory_base(MEMORY_TYPE=1,ME...
Compiling module xpm.xpm_memory_sdpram(MEMORY_SIZE=70...
Compiling module xpm.xpm_memory_base(MEMORY_TYPE=1,ME...
Compiling module xpm.xpm_memory_sdpram(MEMORY_SIZE=46...
Compiling module xil_defaultlib.bd_48ac_sarn_0
Compiling module xil_defaultlib.bd_48ac_sawn_0
Compiling module xpm.xpm_memory_base(MEMORY_TYPE=1,ME...
Compiling module xpm.xpm_memory_sdpram(MEMORY_SIZE=86...
Compiling module xil_defaultlib.bd_48ac_sbn_0
Compiling module xpm.xpm_memory_base(MEMORY_TYPE=1,ME...
Compiling module xpm.xpm_memory_sdpram(MEMORY_SIZE=23...
Compiling module xil_defaultlib.bd_48ac_srn_0
Compiling module xpm.xpm_memory_base(MEMORY_TYPE=1,ME...
Compiling module xpm.xpm_memory_sdpram(MEMORY_SIZE=17...
Compiling module xil_defaultlib.bd_48ac_swn_0
Compiling module xil_defaultlib.s00_nodes_imp_1FAO4F6
Compiling module xil_defaultlib.bd_48ac_s01a2s_0
Compiling module xil_defaultlib.bd_48ac_s01mmu_0
Compiling module xil_defaultlib.bd_48ac_s01sic_0
Compiling module xil_defaultlib.bd_48ac_s01tr_0
Compiling module xil_defaultlib.s01_entry_pipeline_imp_F11SX8
Compiling module xil_defaultlib.bd_48ac_sarn_1
Compiling module xil_defaultlib.bd_48ac_sawn_1
Compiling module xil_defaultlib.bd_48ac_sbn_1
Compiling module xil_defaultlib.bd_48ac_srn_1
Compiling module xil_defaultlib.bd_48ac_swn_1
Compiling module xil_defaultlib.s01_nodes_imp_AIXRF8
Compiling module xil_defaultlib.bd_48ac_arsw_0
Compiling module xil_defaultlib.bd_48ac_awsw_0
Compiling module xil_defaultlib.bd_48ac_bsw_0
Compiling module xil_defaultlib.bd_48ac_rsw_0
Compiling module xil_defaultlib.bd_48ac_wsw_0
Compiling module xil_defaultlib.switchboards_imp_1MKJLH2
Compiling module xil_defaultlib.bd_48ac
Compiling module xil_defaultlib.design_1_smartconnect_0_0
Compiling module xil_defaultlib.design_1
Compiling module xil_defaultlib.design_1_wrapper
Compiling package smartconnect_v1_0.sc_util_v1_0_4_pkg
Compiling architecture behavioral of entity xil_defaultlib.tb_design_1_wrapper
Built simulation snapshot tb_design_1_wrapper_behav
execute_script: Time (s): cpu = 00:00:50 ; elapsed = 00:00:13 . Memory (MB): peak = 11198.555 ; gain = 0.000 ; free physical = 11341 ; free virtual = 17409
INFO: [USF-XSim-69] 'elaborate' step finished in '13' seconds
INFO: [USF-XSim-4] XSim::Simulate design
INFO: [USF-XSim-61] Executing 'SIMULATE' step in '/home/ryanb/Documents/MINA/hw/custom_ip/MINA_proj/MINA_proj.sim/bootloader_tb/behav/xsim'
INFO: [USF-XSim-98] *** Running xsim
   with args "tb_design_1_wrapper_behav -key {Behavioral:bootloader_tb:Functional:tb_design_1_wrapper} -tclbatch {tb_design_1_wrapper.tcl} -protoinst "protoinst_files/bd_48ac.protoinst" -protoinst "protoinst_files/bd_88fd.protoinst" -protoinst "protoinst_files/design_1.protoinst" -view {/home/ryanb/Documents/MINA/hw/custom_ip/MINA_proj/tb_design_1_wrapper_behav.wcfg} -log {simulate.log}"
INFO: [USF-XSim-8] Loading simulator feature
INFO: [Wavedata 42-565] Reading protoinst file protoinst_files/bd_48ac.protoinst
INFO: [Wavedata 42-564]   Found protocol instance at /tb_design_1_wrapper/dut/design_1_i/smartconnect_0/inst//m00_exit_pipeline/m00_exit/M_AXI
INFO: [Wavedata 42-564]   Found protocol instance at /tb_design_1_wrapper/dut/design_1_i/smartconnect_0/inst//m00_exit_pipeline/m00_exit/S_AXI
INFO: [Wavedata 42-564]   Found protocol instance at /tb_design_1_wrapper/dut/design_1_i/smartconnect_0/inst//m00_exit_pipeline/m_axi
INFO: [Wavedata 42-564]   Found protocol instance at /tb_design_1_wrapper/dut/design_1_i/smartconnect_0/inst//m00_exit_pipeline/s_axi
INFO: [Wavedata 42-564]   Found protocol instance at /tb_design_1_wrapper/dut/design_1_i/smartconnect_0/inst//m00_nodes/m00_aw_node/M_AXIS_ARB
INFO: [Wavedata 42-564]   Found protocol instance at /tb_design_1_wrapper/dut/design_1_i/smartconnect_0/inst//m00_nodes/m00_w_node/S_AXIS_ARB
INFO: [Wavedata 42-564]   Found protocol instance at /tb_design_1_wrapper/dut/design_1_i/smartconnect_0/inst//m00_sc2axi/M_AXI
INFO: [Wavedata 42-564]   Found protocol instance at /tb_design_1_wrapper/dut/design_1_i/smartconnect_0/inst//m01_exit_pipeline/m01_exit/M_AXI
INFO: [Wavedata 42-564]   Found protocol instance at /tb_design_1_wrapper/dut/design_1_i/smartconnect_0/inst//m01_exit_pipeline/m01_exit/S_AXI
INFO: [Wavedata 42-564]   Found protocol instance at /tb_design_1_wrapper/dut/design_1_i/smartconnect_0/inst//m01_exit_pipeline/m_axi
INFO: [Wavedata 42-564]   Found protocol instance at /tb_design_1_wrapper/dut/design_1_i/smartconnect_0/inst//m01_exit_pipeline/s_axi
INFO: [Wavedata 42-564]   Found protocol instance at /tb_design_1_wrapper/dut/design_1_i/smartconnect_0/inst//m01_nodes/m01_aw_node/M_AXIS_ARB
INFO: [Wavedata 42-564]   Found protocol instance at /tb_design_1_wrapper/dut/design_1_i/smartconnect_0/inst//m01_nodes/m01_w_node/S_AXIS_ARB
INFO: [Wavedata 42-564]   Found protocol instance at /tb_design_1_wrapper/dut/design_1_i/smartconnect_0/inst//m01_sc2axi/M_AXI
INFO: [Wavedata 42-564]   Found protocol instance at /tb_design_1_wrapper/dut/design_1_i/smartconnect_0/inst//m02_exit_pipeline/m02_exit/M_AXI
INFO: [Wavedata 42-564]   Found protocol instance at /tb_design_1_wrapper/dut/design_1_i/smartconnect_0/inst//m02_exit_pipeline/m02_exit/S_AXI
INFO: [Wavedata 42-564]   Found protocol instance at /tb_design_1_wrapper/dut/design_1_i/smartconnect_0/inst//m02_exit_pipeline/m_axi
INFO: [Wavedata 42-564]   Found protocol instance at /tb_design_1_wrapper/dut/design_1_i/smartconnect_0/inst//m02_exit_pipeline/s_axi
INFO: [Wavedata 42-564]   Found protocol instance at /tb_design_1_wrapper/dut/design_1_i/smartconnect_0/inst//m02_nodes/m02_aw_node/M_AXIS_ARB
INFO: [Wavedata 42-564]   Found protocol instance at /tb_design_1_wrapper/dut/design_1_i/smartconnect_0/inst//m02_nodes/m02_w_node/S_AXIS_ARB
INFO: [Wavedata 42-564]   Found protocol instance at /tb_design_1_wrapper/dut/design_1_i/smartconnect_0/inst//m02_sc2axi/M_AXI
INFO: [Wavedata 42-564]   Found protocol instance at /tb_design_1_wrapper/dut/design_1_i/smartconnect_0/inst//m03_exit_pipeline/m03_exit/M_AXI
INFO: [Wavedata 42-564]   Found protocol instance at /tb_design_1_wrapper/dut/design_1_i/smartconnect_0/inst//m03_exit_pipeline/m03_exit/S_AXI
INFO: [Wavedata 42-564]   Found protocol instance at /tb_design_1_wrapper/dut/design_1_i/smartconnect_0/inst//m03_exit_pipeline/m_axi
INFO: [Wavedata 42-564]   Found protocol instance at /tb_design_1_wrapper/dut/design_1_i/smartconnect_0/inst//m03_exit_pipeline/s_axi
INFO: [Wavedata 42-564]   Found protocol instance at /tb_design_1_wrapper/dut/design_1_i/smartconnect_0/inst//m03_nodes/m03_aw_node/M_AXIS_ARB
INFO: [Wavedata 42-564]   Found protocol instance at /tb_design_1_wrapper/dut/design_1_i/smartconnect_0/inst//m03_nodes/m03_w_node/S_AXIS_ARB
INFO: [Wavedata 42-564]   Found protocol instance at /tb_design_1_wrapper/dut/design_1_i/smartconnect_0/inst//m03_sc2axi/M_AXI
INFO: [Wavedata 42-564]   Found protocol instance at /tb_design_1_wrapper/dut/design_1_i/smartconnect_0/inst//s00_axi2sc/S_AXI
INFO: [Wavedata 42-564]   Found protocol instance at /tb_design_1_wrapper/dut/design_1_i/smartconnect_0/inst//s00_entry_pipeline/m_axi
INFO: [Wavedata 42-564]   Found protocol instance at /tb_design_1_wrapper/dut/design_1_i/smartconnect_0/inst//s00_entry_pipeline/s00_mmu/M_AXI
INFO: [Wavedata 42-564]   Found protocol instance at /tb_design_1_wrapper/dut/design_1_i/smartconnect_0/inst//s00_entry_pipeline/s00_mmu/S_AXI
INFO: [Wavedata 42-564]   Found protocol instance at /tb_design_1_wrapper/dut/design_1_i/smartconnect_0/inst//s00_entry_pipeline/s00_si_converter/M_AXI
INFO: [Wavedata 42-564]   Found protocol instance at /tb_design_1_wrapper/dut/design_1_i/smartconnect_0/inst//s00_entry_pipeline/s00_si_converter/S_AXI
INFO: [Wavedata 42-564]   Found protocol instance at /tb_design_1_wrapper/dut/design_1_i/smartconnect_0/inst//s00_entry_pipeline/s00_transaction_regulator/M_AXI
INFO: [Wavedata 42-564]   Found protocol instance at /tb_design_1_wrapper/dut/design_1_i/smartconnect_0/inst//s00_entry_pipeline/s00_transaction_regulator/S_AXI
INFO: [Wavedata 42-564]   Found protocol instance at /tb_design_1_wrapper/dut/design_1_i/smartconnect_0/inst//s00_entry_pipeline/s_axi
INFO: [Wavedata 42-564]   Found protocol instance at /tb_design_1_wrapper/dut/design_1_i/smartconnect_0/inst//s01_axi2sc/S_AXI
INFO: [Wavedata 42-564]   Found protocol instance at /tb_design_1_wrapper/dut/design_1_i/smartconnect_0/inst//s01_entry_pipeline/m_axi
INFO: [Wavedata 42-564]   Found protocol instance at /tb_design_1_wrapper/dut/design_1_i/smartconnect_0/inst//s01_entry_pipeline/s01_mmu/M_AXI
INFO: [Wavedata 42-564]   Found protocol instance at /tb_design_1_wrapper/dut/design_1_i/smartconnect_0/inst//s01_entry_pipeline/s01_mmu/S_AXI
INFO: [Wavedata 42-564]   Found protocol instance at /tb_design_1_wrapper/dut/design_1_i/smartconnect_0/inst//s01_entry_pipeline/s01_si_converter/M_AXI
INFO: [Wavedata 42-564]   Found protocol instance at /tb_design_1_wrapper/dut/design_1_i/smartconnect_0/inst//s01_entry_pipeline/s01_si_converter/S_AXI
INFO: [Wavedata 42-564]   Found protocol instance at /tb_design_1_wrapper/dut/design_1_i/smartconnect_0/inst//s01_entry_pipeline/s01_transaction_regulator/M_AXI
INFO: [Wavedata 42-564]   Found protocol instance at /tb_design_1_wrapper/dut/design_1_i/smartconnect_0/inst//s01_entry_pipeline/s01_transaction_regulator/S_AXI
INFO: [Wavedata 42-564]   Found protocol instance at /tb_design_1_wrapper/dut/design_1_i/smartconnect_0/inst//s01_entry_pipeline/s_axi
INFO: [Wavedata 42-565] Reading protoinst file protoinst_files/bd_88fd.protoinst
INFO: [Wavedata 42-564]   Found protocol instance at /tb_design_1_wrapper/dut/design_1_i/peripherals/smartconnect_1/inst//m00_exit_pipeline/m00_exit/M_AXI
INFO: [Wavedata 42-564]   Found protocol instance at /tb_design_1_wrapper/dut/design_1_i/peripherals/smartconnect_1/inst//m00_exit_pipeline/m00_exit/S_AXI
INFO: [Wavedata 42-564]   Found protocol instance at /tb_design_1_wrapper/dut/design_1_i/peripherals/smartconnect_1/inst//m00_exit_pipeline/m_axi
INFO: [Wavedata 42-564]   Found protocol instance at /tb_design_1_wrapper/dut/design_1_i/peripherals/smartconnect_1/inst//m00_exit_pipeline/s_axi
INFO: [Wavedata 42-564]   Found protocol instance at /tb_design_1_wrapper/dut/design_1_i/peripherals/smartconnect_1/inst//m00_sc2axi/M_AXI
INFO: [Wavedata 42-564]   Found protocol instance at /tb_design_1_wrapper/dut/design_1_i/peripherals/smartconnect_1/inst//m01_exit_pipeline/m01_exit/M_AXI
INFO: [Wavedata 42-564]   Found protocol instance at /tb_design_1_wrapper/dut/design_1_i/peripherals/smartconnect_1/inst//m01_exit_pipeline/m01_exit/S_AXI
INFO: [Wavedata 42-564]   Found protocol instance at /tb_design_1_wrapper/dut/design_1_i/peripherals/smartconnect_1/inst//m01_exit_pipeline/m_axi
INFO: [Wavedata 42-564]   Found protocol instance at /tb_design_1_wrapper/dut/design_1_i/peripherals/smartconnect_1/inst//m01_exit_pipeline/s_axi
INFO: [Wavedata 42-564]   Found protocol instance at /tb_design_1_wrapper/dut/design_1_i/peripherals/smartconnect_1/inst//m01_sc2axi/M_AXI
INFO: [Wavedata 42-564]   Found protocol instance at /tb_design_1_wrapper/dut/design_1_i/peripherals/smartconnect_1/inst//m02_exit_pipeline/m02_exit/M_AXI
INFO: [Wavedata 42-564]   Found protocol instance at /tb_design_1_wrapper/dut/design_1_i/peripherals/smartconnect_1/inst//m02_exit_pipeline/m02_exit/S_AXI
INFO: [Wavedata 42-564]   Found protocol instance at /tb_design_1_wrapper/dut/design_1_i/peripherals/smartconnect_1/inst//m02_exit_pipeline/m_axi
INFO: [Wavedata 42-564]   Found protocol instance at /tb_design_1_wrapper/dut/design_1_i/peripherals/smartconnect_1/inst//m02_exit_pipeline/s_axi
INFO: [Wavedata 42-564]   Found protocol instance at /tb_design_1_wrapper/dut/design_1_i/peripherals/smartconnect_1/inst//m02_sc2axi/M_AXI
INFO: [Wavedata 42-564]   Found protocol instance at /tb_design_1_wrapper/dut/design_1_i/peripherals/smartconnect_1/inst//m03_exit_pipeline/m03_exit/M_AXI
INFO: [Wavedata 42-564]   Found protocol instance at /tb_design_1_wrapper/dut/design_1_i/peripherals/smartconnect_1/inst//m03_exit_pipeline/m03_exit/S_AXI
INFO: [Wavedata 42-564]   Found protocol instance at /tb_design_1_wrapper/dut/design_1_i/peripherals/smartconnect_1/inst//m03_exit_pipeline/m_axi
INFO: [Wavedata 42-564]   Found protocol instance at /tb_design_1_wrapper/dut/design_1_i/peripherals/smartconnect_1/inst//m03_exit_pipeline/s_axi
INFO: [Wavedata 42-564]   Found protocol instance at /tb_design_1_wrapper/dut/design_1_i/peripherals/smartconnect_1/inst//m03_sc2axi/M_AXI
INFO: [Wavedata 42-564]   Found protocol instance at /tb_design_1_wrapper/dut/design_1_i/peripherals/smartconnect_1/inst//m04_exit_pipeline/m04_exit/M_AXI
INFO: [Wavedata 42-564]   Found protocol instance at /tb_design_1_wrapper/dut/design_1_i/peripherals/smartconnect_1/inst//m04_exit_pipeline/m04_exit/S_AXI
INFO: [Wavedata 42-564]   Found protocol instance at /tb_design_1_wrapper/dut/design_1_i/peripherals/smartconnect_1/inst//m04_exit_pipeline/m_axi
INFO: [Wavedata 42-564]   Found protocol instance at /tb_design_1_wrapper/dut/design_1_i/peripherals/smartconnect_1/inst//m04_exit_pipeline/s_axi
INFO: [Wavedata 42-564]   Found protocol instance at /tb_design_1_wrapper/dut/design_1_i/peripherals/smartconnect_1/inst//m04_sc2axi/M_AXI
INFO: [Wavedata 42-564]   Found protocol instance at /tb_design_1_wrapper/dut/design_1_i/peripherals/smartconnect_1/inst//s00_axi2sc/S_AXI
INFO: [Wavedata 42-564]   Found protocol instance at /tb_design_1_wrapper/dut/design_1_i/peripherals/smartconnect_1/inst//s00_entry_pipeline/m_axi
INFO: [Wavedata 42-564]   Found protocol instance at /tb_design_1_wrapper/dut/design_1_i/peripherals/smartconnect_1/inst//s00_entry_pipeline/s00_mmu/M_AXI
INFO: [Wavedata 42-564]   Found protocol instance at /tb_design_1_wrapper/dut/design_1_i/peripherals/smartconnect_1/inst//s00_entry_pipeline/s00_mmu/S_AXI
INFO: [Wavedata 42-564]   Found protocol instance at /tb_design_1_wrapper/dut/design_1_i/peripherals/smartconnect_1/inst//s00_entry_pipeline/s00_si_converter/M_AXI
INFO: [Wavedata 42-564]   Found protocol instance at /tb_design_1_wrapper/dut/design_1_i/peripherals/smartconnect_1/inst//s00_entry_pipeline/s00_si_converter/S_AXI
INFO: [Wavedata 42-564]   Found protocol instance at /tb_design_1_wrapper/dut/design_1_i/peripherals/smartconnect_1/inst//s00_entry_pipeline/s00_transaction_regulator/M_AXI
INFO: [Wavedata 42-564]   Found protocol instance at /tb_design_1_wrapper/dut/design_1_i/peripherals/smartconnect_1/inst//s00_entry_pipeline/s00_transaction_regulator/S_AXI
INFO: [Wavedata 42-564]   Found protocol instance at /tb_design_1_wrapper/dut/design_1_i/peripherals/smartconnect_1/inst//s00_entry_pipeline/s_axi
INFO: [Wavedata 42-565] Reading protoinst file protoinst_files/design_1.protoinst
INFO: [Wavedata 42-564]   Found protocol instance at /tb_design_1_wrapper/dut/design_1_i//VexRiscvMcuAxi_0/dBusAxi
INFO: [Wavedata 42-564]   Found protocol instance at /tb_design_1_wrapper/dut/design_1_i//VexRiscvMcuAxi_0/iBusAxi
INFO: [Wavedata 42-564]   Found protocol instance at /tb_design_1_wrapper/dut/design_1_i//axi_cdma_0/M_AXI
INFO: [Wavedata 42-564]   Found protocol instance at /tb_design_1_wrapper/dut/design_1_i//axi_cdma_0/S_AXI_LITE
INFO: [Wavedata 42-564]   Found protocol instance at /tb_design_1_wrapper/dut/design_1_i//axi_ram_0/s_axi
INFO: [Wavedata 42-564]   Found protocol instance at /tb_design_1_wrapper/dut/design_1_i//instr_ram/S_AXI_DATA
INFO: [Wavedata 42-564]   Found protocol instance at /tb_design_1_wrapper/dut/design_1_i//instr_ram/S_AXI_INST
INFO: [Wavedata 42-564]   Found protocol instance at /tb_design_1_wrapper/dut/design_1_i//instr_ram/axi_bram_ctrl_0/S_AXI
INFO: [Wavedata 42-564]   Found protocol instance at /tb_design_1_wrapper/dut/design_1_i//instr_ram/axi_bram_ctrl_1/S_AXI
INFO: [Wavedata 42-564]   Found protocol instance at /tb_design_1_wrapper/dut/design_1_i//peripherals/S00_AXI
INFO: [Wavedata 42-564]   Found protocol instance at /tb_design_1_wrapper/dut/design_1_i//peripherals/axi_gpio_0/S_AXI
INFO: [Wavedata 42-564]   Found protocol instance at /tb_design_1_wrapper/dut/design_1_i//peripherals/axi_uart_bootloader_1/s_axi
INFO: [Wavedata 42-564]   Found protocol instance at /tb_design_1_wrapper/dut/design_1_i//peripherals/axil_timer_64_0/S_AXI
INFO: [Wavedata 42-564]   Found protocol instance at /tb_design_1_wrapper/dut/design_1_i//peripherals/i2c_master_axil_0/s_axil
INFO: [Wavedata 42-564]   Found protocol instance at /tb_design_1_wrapper/dut/design_1_i//peripherals/plic_axil_wrapper_0/S_AXI
INFO: [Wavedata 42-564]   Found protocol instance at /tb_design_1_wrapper/dut/design_1_i//peripherals/smartconnect_1/M00_AXI
INFO: [Wavedata 42-564]   Found protocol instance at /tb_design_1_wrapper/dut/design_1_i//peripherals/smartconnect_1/M01_AXI
INFO: [Wavedata 42-564]   Found protocol instance at /tb_design_1_wrapper/dut/design_1_i//peripherals/smartconnect_1/M02_AXI
INFO: [Wavedata 42-564]   Found protocol instance at /tb_design_1_wrapper/dut/design_1_i//peripherals/smartconnect_1/M03_AXI
INFO: [Wavedata 42-564]   Found protocol instance at /tb_design_1_wrapper/dut/design_1_i//peripherals/smartconnect_1/M04_AXI
INFO: [Common 17-14] Message 'Wavedata 42-564' appears 100 times and further instances of the messages will be disabled. Use the Tcl command set_msg_config to change the current settings.
Time resolution is 1 ps
open_wave_config /home/ryanb/Documents/MINA/hw/custom_ip/MINA_proj/tb_design_1_wrapper_behav.wcfg
source tb_design_1_wrapper.tcl
# set curr_wave [current_wave_config]
# if { [string length $curr_wave] == 0 } {
#   if { [llength [get_objects]] > 0} {
#     add_wave /
#     set_property needs_save false [current_wave_config]
#   } else {
#      send_msg_id Add_Wave-1 WARNING "No top level signals found. Simulator will start without a wave window. If you want to open a wave window go to 'File->New Waveform Configuration' or type 'create_wave_config' in the TCL console."
#   }
# }
# run 1000ns
Note: ============================================================
Time: 0 ps  Iteration: 0  Process: /tb_design_1_wrapper/stimulus  File: /home/ryanb/Documents/MINA/hw/custom_ip/bootloader_tb.vhd
Note: MINA MICROCONTROLLER BOOTLOADER TEST
Time: 0 ps  Iteration: 0  Process: /tb_design_1_wrapper/stimulus  File: /home/ryanb/Documents/MINA/hw/custom_ip/bootloader_tb.vhd
Note: ============================================================
Time: 0 ps  Iteration: 0  Process: /tb_design_1_wrapper/stimulus  File: /home/ryanb/Documents/MINA/hw/custom_ip/bootloader_tb.vhd
Note: System reset released; CPU remains held in reset
Time: 200 ns  Iteration: 0  Process: /tb_design_1_wrapper/stimulus  File: /home/ryanb/Documents/MINA/hw/custom_ip/bootloader_tb.vhd
INFO: [USF-XSim-96] XSim completed. Design snapshot 'tb_design_1_wrapper_behav' loaded.
INFO: [USF-XSim-97] XSim simulation ran for 1000ns
launch_simulation: Time (s): cpu = 00:01:03 ; elapsed = 00:00:23 . Memory (MB): peak = 11198.555 ; gain = 0.000 ; free physical = 11246 ; free virtual = 17319
update_compile_order -fileset sources_1
run 5 ms
Note: WRITE #1: address 0x00000000 <= 0x10000093
Time: 2200 ns  Iteration: 0  Process: /tb_design_1_wrapper/stimulus  File: /home/ryanb/Documents/MINA/hw/custom_ip/bootloader_tb.vhd
Failure: UART RX timeout waiting for DUT response
Time: 1130672280 ps  Iteration: 0  Process: /tb_design_1_wrapper/stimulus  File: /home/ryanb/Documents/MINA/hw/custom_ip/bootloader_tb.vhd
$finish called at time : 1130672280 ps
relaunch_sim
INFO: xsimkernel Simulation Memory Usage: 317560 KB (Peak: 364352 KB), Simulation CPU Usage: 1160 ms
Command: launch_simulation -step compile -simset bootloader_tb -mode behavioral
INFO: [Vivado 12-25911] Executing simulation for 'XSim' simulator
INFO: [Project 1-5737] Running on host ryan-21k8s14n00 (64) - EndeavourOS Linux
INFO: [Vivado 12-28535] Process started - Sun Sep  6 20:54:54 2026

INFO: [Vivado 12-12493] Simulation top is 'tb_design_1_wrapper'
INFO: [Vivado 12-5698] Checking validity of IPs in the design for the 'XSim' simulator...
INFO: [Vivado 12-5682] Launching behavioral simulation in '/home/ryanb/Documents/MINA/hw/custom_ip/MINA_proj/MINA_proj.sim/bootloader_tb/behav/xsim'
INFO: [Vivado 12-13660] Precompiled IP simulation library mode is enabled (default). The design IP libraries will be referenced from the compiled library path. Please note that if the precompiled version of the library is not found from the path or the IP is in locked state, then the library source files for these IPs will be compiled locally as part of the compile order.
INFO: [Vivado 12-4795] Using compiled simulation libraries for IPs
INFO: [SIM-utils-51] Simulation object is 'bootloader_tb'
INFO: [SIM-utils-72] Using boost library from '/opt/Xilinx/2025.2/tps/boost_1_72_0'
INFO: [USF-XSim-7] Finding pre-compiled libraries...
INFO: [USF-XSim-11] File '/opt/Xilinx/2025.2/data/xsim/xsim.ini' copied to run dir:'/home/ryanb/Documents/MINA/hw/custom_ip/MINA_proj/MINA_proj.sim/bootloader_tb/behav/xsim'
INFO: [SIM-utils-54] Inspecting design source files for 'tb_design_1_wrapper' in fileset 'bootloader_tb'...
INFO: [SIM-utils-43] Exported '/home/ryanb/Documents/MINA/hw/custom_ip/MINA_proj/MINA_proj.sim/bootloader_tb/behav/xsim/sc_xtlm_design_1_smartconnect_1_0.mem'
INFO: [SIM-utils-43] Exported '/home/ryanb/Documents/MINA/hw/custom_ip/MINA_proj/MINA_proj.sim/bootloader_tb/behav/xsim/sc_xtlm_design_1_smartconnect_0_0.mem'
INFO: [USF-XSim-97] Finding global include files...
INFO: [USF-XSim-98] Fetching design files from 'bootloader_tb'...
INFO: [USF-XSim-2] XSim::Compile design
INFO: [USF-XSim-61] Executing 'COMPILE and ANALYZE' step in '/home/ryanb/Documents/MINA/hw/custom_ip/MINA_proj/MINA_proj.sim/bootloader_tb/behav/xsim'
xvlog --incr --relax -L uvm -L smartconnect_v1_0 -L axi_vip_v1_1_22 -L xilinx_vip -prj tb_design_1_wrapper_vlog.prj
INFO: [VRFC 10-2263] Analyzing SystemVerilog file "/home/ryanb/Documents/MINA/hw/custom_ip/MINA_proj/MINA_proj.ip_user_files/bd/design_1/ip/design_1_smartconnect_0_0/bd_0/ip/ip_2/sim/bd_48ac_arsw_0.sv" into library xil_defaultlib
INFO: [VRFC 10-311] analyzing module bd_48ac_arsw_0
INFO: [VRFC 10-2263] Analyzing SystemVerilog file "/home/ryanb/Documents/MINA/hw/custom_ip/MINA_proj/MINA_proj.ip_user_files/bd/design_1/ip/design_1_smartconnect_0_0/bd_0/ip/ip_3/sim/bd_48ac_rsw_0.sv" into library xil_defaultlib
INFO: [VRFC 10-311] analyzing module bd_48ac_rsw_0
INFO: [VRFC 10-2263] Analyzing SystemVerilog file "/home/ryanb/Documents/MINA/hw/custom_ip/MINA_proj/MINA_proj.ip_user_files/bd/design_1/ip/design_1_smartconnect_0_0/bd_0/ip/ip_4/sim/bd_48ac_awsw_0.sv" into library xil_defaultlib
INFO: [VRFC 10-311] analyzing module bd_48ac_awsw_0
INFO: [VRFC 10-2263] Analyzing SystemVerilog file "/home/ryanb/Documents/MINA/hw/custom_ip/MINA_proj/MINA_proj.ip_user_files/bd/design_1/ip/design_1_smartconnect_0_0/bd_0/ip/ip_5/sim/bd_48ac_wsw_0.sv" into library xil_defaultlib
INFO: [VRFC 10-311] analyzing module bd_48ac_wsw_0
INFO: [VRFC 10-2263] Analyzing SystemVerilog file "/home/ryanb/Documents/MINA/hw/custom_ip/MINA_proj/MINA_proj.ip_user_files/bd/design_1/ip/design_1_smartconnect_0_0/bd_0/ip/ip_6/sim/bd_48ac_bsw_0.sv" into library xil_defaultlib
INFO: [VRFC 10-311] analyzing module bd_48ac_bsw_0
INFO: [VRFC 10-2263] Analyzing SystemVerilog file "/home/ryanb/Documents/MINA/hw/custom_ip/MINA_proj/MINA_proj.ip_user_files/bd/design_1/ip/design_1_smartconnect_0_0/bd_0/ip/ip_7/sim/bd_48ac_s00mmu_0.sv" into library xil_defaultlib
INFO: [VRFC 10-311] analyzing module bd_48ac_s00mmu_0
INFO: [VRFC 10-2263] Analyzing SystemVerilog file "/home/ryanb/Documents/MINA/hw/custom_ip/MINA_proj/MINA_proj.ip_user_files/bd/design_1/ip/design_1_smartconnect_0_0/bd_0/ip/ip_8/sim/bd_48ac_s00tr_0.sv" into library xil_defaultlib
INFO: [VRFC 10-311] analyzing module bd_48ac_s00tr_0
INFO: [VRFC 10-2263] Analyzing SystemVerilog file "/home/ryanb/Documents/MINA/hw/custom_ip/MINA_proj/MINA_proj.ip_user_files/bd/design_1/ip/design_1_smartconnect_0_0/bd_0/ip/ip_9/sim/bd_48ac_s00sic_0.sv" into library xil_defaultlib
INFO: [VRFC 10-311] analyzing module bd_48ac_s00sic_0
INFO: [VRFC 10-2263] Analyzing SystemVerilog file "/home/ryanb/Documents/MINA/hw/custom_ip/MINA_proj/MINA_proj.ip_user_files/bd/design_1/ip/design_1_smartconnect_0_0/bd_0/ip/ip_10/sim/bd_48ac_s00a2s_0.sv" into library xil_defaultlib
INFO: [VRFC 10-311] analyzing module bd_48ac_s00a2s_0
INFO: [VRFC 10-2263] Analyzing SystemVerilog file "/home/ryanb/Documents/MINA/hw/custom_ip/MINA_proj/MINA_proj.ip_user_files/bd/design_1/ip/design_1_smartconnect_0_0/bd_0/ip/ip_11/sim/bd_48ac_sarn_0.sv" into library xil_defaultlib
INFO: [VRFC 10-311] analyzing module bd_48ac_sarn_0
INFO: [VRFC 10-2263] Analyzing SystemVerilog file "/home/ryanb/Documents/MINA/hw/custom_ip/MINA_proj/MINA_proj.ip_user_files/bd/design_1/ip/design_1_smartconnect_0_0/bd_0/ip/ip_12/sim/bd_48ac_srn_0.sv" into library xil_defaultlib
INFO: [VRFC 10-311] analyzing module bd_48ac_srn_0
INFO: [VRFC 10-2263] Analyzing SystemVerilog file "/home/ryanb/Documents/MINA/hw/custom_ip/MINA_proj/MINA_proj.ip_user_files/bd/design_1/ip/design_1_smartconnect_0_0/bd_0/ip/ip_13/sim/bd_48ac_sawn_0.sv" into library xil_defaultlib
INFO: [VRFC 10-311] analyzing module bd_48ac_sawn_0
INFO: [VRFC 10-2263] Analyzing SystemVerilog file "/home/ryanb/Documents/MINA/hw/custom_ip/MINA_proj/MINA_proj.ip_user_files/bd/design_1/ip/design_1_smartconnect_0_0/bd_0/ip/ip_14/sim/bd_48ac_swn_0.sv" into library xil_defaultlib
INFO: [VRFC 10-311] analyzing module bd_48ac_swn_0
INFO: [VRFC 10-2263] Analyzing SystemVerilog file "/home/ryanb/Documents/MINA/hw/custom_ip/MINA_proj/MINA_proj.ip_user_files/bd/design_1/ip/design_1_smartconnect_0_0/bd_0/ip/ip_15/sim/bd_48ac_sbn_0.sv" into library xil_defaultlib
INFO: [VRFC 10-311] analyzing module bd_48ac_sbn_0
INFO: [VRFC 10-2263] Analyzing SystemVerilog file "/home/ryanb/Documents/MINA/hw/custom_ip/MINA_proj/MINA_proj.ip_user_files/bd/design_1/ip/design_1_smartconnect_0_0/bd_0/ip/ip_16/sim/bd_48ac_s01mmu_0.sv" into library xil_defaultlib
INFO: [VRFC 10-311] analyzing module bd_48ac_s01mmu_0
INFO: [VRFC 10-2263] Analyzing SystemVerilog file "/home/ryanb/Documents/MINA/hw/custom_ip/MINA_proj/MINA_proj.ip_user_files/bd/design_1/ip/design_1_smartconnect_0_0/bd_0/ip/ip_17/sim/bd_48ac_s01tr_0.sv" into library xil_defaultlib
INFO: [VRFC 10-311] analyzing module bd_48ac_s01tr_0
INFO: [VRFC 10-2263] Analyzing SystemVerilog file "/home/ryanb/Documents/MINA/hw/custom_ip/MINA_proj/MINA_proj.ip_user_files/bd/design_1/ip/design_1_smartconnect_0_0/bd_0/ip/ip_18/sim/bd_48ac_s01sic_0.sv" into library xil_defaultlib
INFO: [VRFC 10-311] analyzing module bd_48ac_s01sic_0
INFO: [VRFC 10-2263] Analyzing SystemVerilog file "/home/ryanb/Documents/MINA/hw/custom_ip/MINA_proj/MINA_proj.ip_user_files/bd/design_1/ip/design_1_smartconnect_0_0/bd_0/ip/ip_19/sim/bd_48ac_s01a2s_0.sv" into library xil_defaultlib
INFO: [VRFC 10-311] analyzing module bd_48ac_s01a2s_0
INFO: [VRFC 10-2263] Analyzing SystemVerilog file "/home/ryanb/Documents/MINA/hw/custom_ip/MINA_proj/MINA_proj.ip_user_files/bd/design_1/ip/design_1_smartconnect_0_0/bd_0/ip/ip_20/sim/bd_48ac_sarn_1.sv" into library xil_defaultlib
INFO: [VRFC 10-311] analyzing module bd_48ac_sarn_1
INFO: [VRFC 10-2263] Analyzing SystemVerilog file "/home/ryanb/Documents/MINA/hw/custom_ip/MINA_proj/MINA_proj.ip_user_files/bd/design_1/ip/design_1_smartconnect_0_0/bd_0/ip/ip_21/sim/bd_48ac_srn_1.sv" into library xil_defaultlib
INFO: [VRFC 10-311] analyzing module bd_48ac_srn_1
INFO: [VRFC 10-2263] Analyzing SystemVerilog file "/home/ryanb/Documents/MINA/hw/custom_ip/MINA_proj/MINA_proj.ip_user_files/bd/design_1/ip/design_1_smartconnect_0_0/bd_0/ip/ip_22/sim/bd_48ac_sawn_1.sv" into library xil_defaultlib
INFO: [VRFC 10-311] analyzing module bd_48ac_sawn_1
INFO: [VRFC 10-2263] Analyzing SystemVerilog file "/home/ryanb/Documents/MINA/hw/custom_ip/MINA_proj/MINA_proj.ip_user_files/bd/design_1/ip/design_1_smartconnect_0_0/bd_0/ip/ip_23/sim/bd_48ac_swn_1.sv" into library xil_defaultlib
INFO: [VRFC 10-311] analyzing module bd_48ac_swn_1
INFO: [VRFC 10-2263] Analyzing SystemVerilog file "/home/ryanb/Documents/MINA/hw/custom_ip/MINA_proj/MINA_proj.ip_user_files/bd/design_1/ip/design_1_smartconnect_0_0/bd_0/ip/ip_24/sim/bd_48ac_sbn_1.sv" into library xil_defaultlib
INFO: [VRFC 10-311] analyzing module bd_48ac_sbn_1
INFO: [VRFC 10-2263] Analyzing SystemVerilog file "/home/ryanb/Documents/MINA/hw/custom_ip/MINA_proj/MINA_proj.ip_user_files/bd/design_1/ip/design_1_smartconnect_0_0/bd_0/ip/ip_25/sim/bd_48ac_m00s2a_0.sv" into library xil_defaultlib
INFO: [VRFC 10-311] analyzing module bd_48ac_m00s2a_0
INFO: [VRFC 10-2263] Analyzing SystemVerilog file "/home/ryanb/Documents/MINA/hw/custom_ip/MINA_proj/MINA_proj.ip_user_files/bd/design_1/ip/design_1_smartconnect_0_0/bd_0/ip/ip_26/sim/bd_48ac_m00arn_0.sv" into library xil_defaultlib
INFO: [VRFC 10-311] analyzing module bd_48ac_m00arn_0
INFO: [VRFC 10-2263] Analyzing SystemVerilog file "/home/ryanb/Documents/MINA/hw/custom_ip/MINA_proj/MINA_proj.ip_user_files/bd/design_1/ip/design_1_smartconnect_0_0/bd_0/ip/ip_27/sim/bd_48ac_m00rn_0.sv" into library xil_defaultlib
INFO: [VRFC 10-311] analyzing module bd_48ac_m00rn_0
INFO: [VRFC 10-2263] Analyzing SystemVerilog file "/home/ryanb/Documents/MINA/hw/custom_ip/MINA_proj/MINA_proj.ip_user_files/bd/design_1/ip/design_1_smartconnect_0_0/bd_0/ip/ip_28/sim/bd_48ac_m00awn_0.sv" into library xil_defaultlib
INFO: [VRFC 10-311] analyzing module bd_48ac_m00awn_0
INFO: [VRFC 10-2263] Analyzing SystemVerilog file "/home/ryanb/Documents/MINA/hw/custom_ip/MINA_proj/MINA_proj.ip_user_files/bd/design_1/ip/design_1_smartconnect_0_0/bd_0/ip/ip_29/sim/bd_48ac_m00wn_0.sv" into library xil_defaultlib
INFO: [VRFC 10-311] analyzing module bd_48ac_m00wn_0
INFO: [VRFC 10-2263] Analyzing SystemVerilog file "/home/ryanb/Documents/MINA/hw/custom_ip/MINA_proj/MINA_proj.ip_user_files/bd/design_1/ip/design_1_smartconnect_0_0/bd_0/ip/ip_30/sim/bd_48ac_m00bn_0.sv" into library xil_defaultlib
INFO: [VRFC 10-311] analyzing module bd_48ac_m00bn_0
INFO: [VRFC 10-2263] Analyzing SystemVerilog file "/home/ryanb/Documents/MINA/hw/custom_ip/MINA_proj/MINA_proj.ip_user_files/bd/design_1/ip/design_1_smartconnect_0_0/bd_0/ip/ip_31/sim/bd_48ac_m00e_0.sv" into library xil_defaultlib
INFO: [VRFC 10-311] analyzing module bd_48ac_m00e_0
INFO: [VRFC 10-2263] Analyzing SystemVerilog file "/home/ryanb/Documents/MINA/hw/custom_ip/MINA_proj/MINA_proj.ip_user_files/bd/design_1/ip/design_1_smartconnect_0_0/bd_0/ip/ip_32/sim/bd_48ac_m01s2a_0.sv" into library xil_defaultlib
INFO: [VRFC 10-311] analyzing module bd_48ac_m01s2a_0
INFO: [VRFC 10-2263] Analyzing SystemVerilog file "/home/ryanb/Documents/MINA/hw/custom_ip/MINA_proj/MINA_proj.ip_user_files/bd/design_1/ip/design_1_smartconnect_0_0/bd_0/ip/ip_33/sim/bd_48ac_m01arn_0.sv" into library xil_defaultlib
INFO: [VRFC 10-311] analyzing module bd_48ac_m01arn_0
INFO: [VRFC 10-2263] Analyzing SystemVerilog file "/home/ryanb/Documents/MINA/hw/custom_ip/MINA_proj/MINA_proj.ip_user_files/bd/design_1/ip/design_1_smartconnect_0_0/bd_0/ip/ip_34/sim/bd_48ac_m01rn_0.sv" into library xil_defaultlib
INFO: [VRFC 10-311] analyzing module bd_48ac_m01rn_0
INFO: [VRFC 10-2263] Analyzing SystemVerilog file "/home/ryanb/Documents/MINA/hw/custom_ip/MINA_proj/MINA_proj.ip_user_files/bd/design_1/ip/design_1_smartconnect_0_0/bd_0/ip/ip_35/sim/bd_48ac_m01awn_0.sv" into library xil_defaultlib
INFO: [VRFC 10-311] analyzing module bd_48ac_m01awn_0
INFO: [VRFC 10-2263] Analyzing SystemVerilog file "/home/ryanb/Documents/MINA/hw/custom_ip/MINA_proj/MINA_proj.ip_user_files/bd/design_1/ip/design_1_smartconnect_0_0/bd_0/ip/ip_36/sim/bd_48ac_m01wn_0.sv" into library xil_defaultlib
INFO: [VRFC 10-311] analyzing module bd_48ac_m01wn_0
INFO: [VRFC 10-2263] Analyzing SystemVerilog file "/home/ryanb/Documents/MINA/hw/custom_ip/MINA_proj/MINA_proj.ip_user_files/bd/design_1/ip/design_1_smartconnect_0_0/bd_0/ip/ip_37/sim/bd_48ac_m01bn_0.sv" into library xil_defaultlib
INFO: [VRFC 10-311] analyzing module bd_48ac_m01bn_0
INFO: [VRFC 10-2263] Analyzing SystemVerilog file "/home/ryanb/Documents/MINA/hw/custom_ip/MINA_proj/MINA_proj.ip_user_files/bd/design_1/ip/design_1_smartconnect_0_0/bd_0/ip/ip_38/sim/bd_48ac_m01e_0.sv" into library xil_defaultlib
INFO: [VRFC 10-311] analyzing module bd_48ac_m01e_0
INFO: [VRFC 10-2263] Analyzing SystemVerilog file "/home/ryanb/Documents/MINA/hw/custom_ip/MINA_proj/MINA_proj.ip_user_files/bd/design_1/ip/design_1_smartconnect_0_0/bd_0/ip/ip_39/sim/bd_48ac_m02s2a_0.sv" into library xil_defaultlib
INFO: [VRFC 10-311] analyzing module bd_48ac_m02s2a_0
INFO: [VRFC 10-2263] Analyzing SystemVerilog file "/home/ryanb/Documents/MINA/hw/custom_ip/MINA_proj/MINA_proj.ip_user_files/bd/design_1/ip/design_1_smartconnect_0_0/bd_0/ip/ip_40/sim/bd_48ac_m02arn_0.sv" into library xil_defaultlib
INFO: [VRFC 10-311] analyzing module bd_48ac_m02arn_0
INFO: [VRFC 10-2263] Analyzing SystemVerilog file "/home/ryanb/Documents/MINA/hw/custom_ip/MINA_proj/MINA_proj.ip_user_files/bd/design_1/ip/design_1_smartconnect_0_0/bd_0/ip/ip_41/sim/bd_48ac_m02rn_0.sv" into library xil_defaultlib
INFO: [VRFC 10-311] analyzing module bd_48ac_m02rn_0
INFO: [VRFC 10-2263] Analyzing SystemVerilog file "/home/ryanb/Documents/MINA/hw/custom_ip/MINA_proj/MINA_proj.ip_user_files/bd/design_1/ip/design_1_smartconnect_0_0/bd_0/ip/ip_42/sim/bd_48ac_m02awn_0.sv" into library xil_defaultlib
INFO: [VRFC 10-311] analyzing module bd_48ac_m02awn_0
INFO: [VRFC 10-2263] Analyzing SystemVerilog file "/home/ryanb/Documents/MINA/hw/custom_ip/MINA_proj/MINA_proj.ip_user_files/bd/design_1/ip/design_1_smartconnect_0_0/bd_0/ip/ip_43/sim/bd_48ac_m02wn_0.sv" into library xil_defaultlib
INFO: [VRFC 10-311] analyzing module bd_48ac_m02wn_0
INFO: [VRFC 10-2263] Analyzing SystemVerilog file "/home/ryanb/Documents/MINA/hw/custom_ip/MINA_proj/MINA_proj.ip_user_files/bd/design_1/ip/design_1_smartconnect_0_0/bd_0/ip/ip_44/sim/bd_48ac_m02bn_0.sv" into library xil_defaultlib
INFO: [VRFC 10-311] analyzing module bd_48ac_m02bn_0
INFO: [VRFC 10-2263] Analyzing SystemVerilog file "/home/ryanb/Documents/MINA/hw/custom_ip/MINA_proj/MINA_proj.ip_user_files/bd/design_1/ip/design_1_smartconnect_0_0/bd_0/ip/ip_45/sim/bd_48ac_m02e_0.sv" into library xil_defaultlib
INFO: [VRFC 10-311] analyzing module bd_48ac_m02e_0
INFO: [VRFC 10-2263] Analyzing SystemVerilog file "/home/ryanb/Documents/MINA/hw/custom_ip/MINA_proj/MINA_proj.ip_user_files/bd/design_1/ip/design_1_smartconnect_0_0/bd_0/ip/ip_46/sim/bd_48ac_m03s2a_0.sv" into library xil_defaultlib
INFO: [VRFC 10-311] analyzing module bd_48ac_m03s2a_0
INFO: [VRFC 10-2263] Analyzing SystemVerilog file "/home/ryanb/Documents/MINA/hw/custom_ip/MINA_proj/MINA_proj.ip_user_files/bd/design_1/ip/design_1_smartconnect_0_0/bd_0/ip/ip_47/sim/bd_48ac_m03arn_0.sv" into library xil_defaultlib
INFO: [VRFC 10-311] analyzing module bd_48ac_m03arn_0
INFO: [VRFC 10-2263] Analyzing SystemVerilog file "/home/ryanb/Documents/MINA/hw/custom_ip/MINA_proj/MINA_proj.ip_user_files/bd/design_1/ip/design_1_smartconnect_0_0/bd_0/ip/ip_48/sim/bd_48ac_m03rn_0.sv" into library xil_defaultlib
INFO: [VRFC 10-311] analyzing module bd_48ac_m03rn_0
INFO: [VRFC 10-2263] Analyzing SystemVerilog file "/home/ryanb/Documents/MINA/hw/custom_ip/MINA_proj/MINA_proj.ip_user_files/bd/design_1/ip/design_1_smartconnect_0_0/bd_0/ip/ip_49/sim/bd_48ac_m03awn_0.sv" into library xil_defaultlib
INFO: [VRFC 10-311] analyzing module bd_48ac_m03awn_0
INFO: [VRFC 10-2263] Analyzing SystemVerilog file "/home/ryanb/Documents/MINA/hw/custom_ip/MINA_proj/MINA_proj.ip_user_files/bd/design_1/ip/design_1_smartconnect_0_0/bd_0/ip/ip_50/sim/bd_48ac_m03wn_0.sv" into library xil_defaultlib
INFO: [VRFC 10-311] analyzing module bd_48ac_m03wn_0
INFO: [VRFC 10-2263] Analyzing SystemVerilog file "/home/ryanb/Documents/MINA/hw/custom_ip/MINA_proj/MINA_proj.ip_user_files/bd/design_1/ip/design_1_smartconnect_0_0/bd_0/ip/ip_51/sim/bd_48ac_m03bn_0.sv" into library xil_defaultlib
INFO: [VRFC 10-311] analyzing module bd_48ac_m03bn_0
INFO: [VRFC 10-2263] Analyzing SystemVerilog file "/home/ryanb/Documents/MINA/hw/custom_ip/MINA_proj/MINA_proj.ip_user_files/bd/design_1/ip/design_1_smartconnect_0_0/bd_0/ip/ip_52/sim/bd_48ac_m03e_0.sv" into library xil_defaultlib
INFO: [VRFC 10-311] analyzing module bd_48ac_m03e_0
INFO: [VRFC 10-2263] Analyzing SystemVerilog file "/home/ryanb/Documents/MINA/hw/custom_ip/MINA_proj/MINA_proj.ip_user_files/bd/design_1/ip/design_1_smartconnect_0_0/sim/design_1_smartconnect_0_0.sv" into library xil_defaultlib
INFO: [VRFC 10-311] analyzing module design_1_smartconnect_0_0
INFO: [VRFC 10-2263] Analyzing SystemVerilog file "/home/ryanb/Documents/MINA/hw/custom_ip/MINA_proj/MINA_proj.ip_user_files/bd/design_1/ip/design_1_smartconnect_1_0/bd_0/ip/ip_2/sim/bd_88fd_arinsw_0.sv" into library xil_defaultlib
INFO: [VRFC 10-311] analyzing module bd_88fd_arinsw_0
INFO: [VRFC 10-2263] Analyzing SystemVerilog file "/home/ryanb/Documents/MINA/hw/custom_ip/MINA_proj/MINA_proj.ip_user_files/bd/design_1/ip/design_1_smartconnect_1_0/bd_0/ip/ip_3/sim/bd_88fd_rinsw_0.sv" into library xil_defaultlib
INFO: [VRFC 10-311] analyzing module bd_88fd_rinsw_0
INFO: [VRFC 10-2263] Analyzing SystemVerilog file "/home/ryanb/Documents/MINA/hw/custom_ip/MINA_proj/MINA_proj.ip_user_files/bd/design_1/ip/design_1_smartconnect_1_0/bd_0/ip/ip_4/sim/bd_88fd_awinsw_0.sv" into library xil_defaultlib
INFO: [VRFC 10-311] analyzing module bd_88fd_awinsw_0
INFO: [VRFC 10-2263] Analyzing SystemVerilog file "/home/ryanb/Documents/MINA/hw/custom_ip/MINA_proj/MINA_proj.ip_user_files/bd/design_1/ip/design_1_smartconnect_1_0/bd_0/ip/ip_5/sim/bd_88fd_winsw_0.sv" into library xil_defaultlib
INFO: [VRFC 10-311] analyzing module bd_88fd_winsw_0
INFO: [VRFC 10-2263] Analyzing SystemVerilog file "/home/ryanb/Documents/MINA/hw/custom_ip/MINA_proj/MINA_proj.ip_user_files/bd/design_1/ip/design_1_smartconnect_1_0/bd_0/ip/ip_6/sim/bd_88fd_binsw_0.sv" into library xil_defaultlib
INFO: [VRFC 10-311] analyzing module bd_88fd_binsw_0
INFO: [VRFC 10-2263] Analyzing SystemVerilog file "/home/ryanb/Documents/MINA/hw/custom_ip/MINA_proj/MINA_proj.ip_user_files/bd/design_1/ip/design_1_smartconnect_1_0/bd_0/ip/ip_7/sim/bd_88fd_aroutsw_0.sv" into library xil_defaultlib
INFO: [VRFC 10-311] analyzing module bd_88fd_aroutsw_0
INFO: [VRFC 10-2263] Analyzing SystemVerilog file "/home/ryanb/Documents/MINA/hw/custom_ip/MINA_proj/MINA_proj.ip_user_files/bd/design_1/ip/design_1_smartconnect_1_0/bd_0/ip/ip_8/sim/bd_88fd_routsw_0.sv" into library xil_defaultlib
INFO: [VRFC 10-311] analyzing module bd_88fd_routsw_0
INFO: [VRFC 10-2263] Analyzing SystemVerilog file "/home/ryanb/Documents/MINA/hw/custom_ip/MINA_proj/MINA_proj.ip_user_files/bd/design_1/ip/design_1_smartconnect_1_0/bd_0/ip/ip_9/sim/bd_88fd_awoutsw_0.sv" into library xil_defaultlib
INFO: [VRFC 10-311] analyzing module bd_88fd_awoutsw_0
INFO: [VRFC 10-2263] Analyzing SystemVerilog file "/home/ryanb/Documents/MINA/hw/custom_ip/MINA_proj/MINA_proj.ip_user_files/bd/design_1/ip/design_1_smartconnect_1_0/bd_0/ip/ip_10/sim/bd_88fd_woutsw_0.sv" into library xil_defaultlib
INFO: [VRFC 10-311] analyzing module bd_88fd_woutsw_0
INFO: [VRFC 10-2263] Analyzing SystemVerilog file "/home/ryanb/Documents/MINA/hw/custom_ip/MINA_proj/MINA_proj.ip_user_files/bd/design_1/ip/design_1_smartconnect_1_0/bd_0/ip/ip_11/sim/bd_88fd_boutsw_0.sv" into library xil_defaultlib
INFO: [VRFC 10-311] analyzing module bd_88fd_boutsw_0
INFO: [VRFC 10-2263] Analyzing SystemVerilog file "/home/ryanb/Documents/MINA/hw/custom_ip/MINA_proj/MINA_proj.ip_user_files/bd/design_1/ip/design_1_smartconnect_1_0/bd_0/ip/ip_12/sim/bd_88fd_arni_0.sv" into library xil_defaultlib
INFO: [VRFC 10-311] analyzing module bd_88fd_arni_0
INFO: [VRFC 10-2263] Analyzing SystemVerilog file "/home/ryanb/Documents/MINA/hw/custom_ip/MINA_proj/MINA_proj.ip_user_files/bd/design_1/ip/design_1_smartconnect_1_0/bd_0/ip/ip_13/sim/bd_88fd_rni_0.sv" into library xil_defaultlib
INFO: [VRFC 10-311] analyzing module bd_88fd_rni_0
INFO: [VRFC 10-2263] Analyzing SystemVerilog file "/home/ryanb/Documents/MINA/hw/custom_ip/MINA_proj/MINA_proj.ip_user_files/bd/design_1/ip/design_1_smartconnect_1_0/bd_0/ip/ip_14/sim/bd_88fd_awni_0.sv" into library xil_defaultlib
INFO: [VRFC 10-311] analyzing module bd_88fd_awni_0
INFO: [VRFC 10-2263] Analyzing SystemVerilog file "/home/ryanb/Documents/MINA/hw/custom_ip/MINA_proj/MINA_proj.ip_user_files/bd/design_1/ip/design_1_smartconnect_1_0/bd_0/ip/ip_15/sim/bd_88fd_wni_0.sv" into library xil_defaultlib
INFO: [VRFC 10-311] analyzing module bd_88fd_wni_0
INFO: [VRFC 10-2263] Analyzing SystemVerilog file "/home/ryanb/Documents/MINA/hw/custom_ip/MINA_proj/MINA_proj.ip_user_files/bd/design_1/ip/design_1_smartconnect_1_0/bd_0/ip/ip_16/sim/bd_88fd_bni_0.sv" into library xil_defaultlib
INFO: [VRFC 10-311] analyzing module bd_88fd_bni_0
INFO: [VRFC 10-2263] Analyzing SystemVerilog file "/home/ryanb/Documents/MINA/hw/custom_ip/MINA_proj/MINA_proj.ip_user_files/bd/design_1/ip/design_1_smartconnect_1_0/bd_0/ip/ip_17/sim/bd_88fd_s00mmu_0.sv" into library xil_defaultlib
INFO: [VRFC 10-311] analyzing module bd_88fd_s00mmu_0
INFO: [VRFC 10-2263] Analyzing SystemVerilog file "/home/ryanb/Documents/MINA/hw/custom_ip/MINA_proj/MINA_proj.ip_user_files/bd/design_1/ip/design_1_smartconnect_1_0/bd_0/ip/ip_18/sim/bd_88fd_s00tr_0.sv" into library xil_defaultlib
INFO: [VRFC 10-311] analyzing module bd_88fd_s00tr_0
INFO: [VRFC 10-2263] Analyzing SystemVerilog file "/home/ryanb/Documents/MINA/hw/custom_ip/MINA_proj/MINA_proj.ip_user_files/bd/design_1/ip/design_1_smartconnect_1_0/bd_0/ip/ip_19/sim/bd_88fd_s00sic_0.sv" into library xil_defaultlib
INFO: [VRFC 10-311] analyzing module bd_88fd_s00sic_0
INFO: [VRFC 10-2263] Analyzing SystemVerilog file "/home/ryanb/Documents/MINA/hw/custom_ip/MINA_proj/MINA_proj.ip_user_files/bd/design_1/ip/design_1_smartconnect_1_0/bd_0/ip/ip_20/sim/bd_88fd_s00a2s_0.sv" into library xil_defaultlib
INFO: [VRFC 10-311] analyzing module bd_88fd_s00a2s_0
INFO: [VRFC 10-2263] Analyzing SystemVerilog file "/home/ryanb/Documents/MINA/hw/custom_ip/MINA_proj/MINA_proj.ip_user_files/bd/design_1/ip/design_1_smartconnect_1_0/bd_0/ip/ip_21/sim/bd_88fd_sarn_0.sv" into library xil_defaultlib
INFO: [VRFC 10-311] analyzing module bd_88fd_sarn_0
INFO: [VRFC 10-2263] Analyzing SystemVerilog file "/home/ryanb/Documents/MINA/hw/custom_ip/MINA_proj/MINA_proj.ip_user_files/bd/design_1/ip/design_1_smartconnect_1_0/bd_0/ip/ip_22/sim/bd_88fd_srn_0.sv" into library xil_defaultlib
INFO: [VRFC 10-311] analyzing module bd_88fd_srn_0
INFO: [VRFC 10-2263] Analyzing SystemVerilog file "/home/ryanb/Documents/MINA/hw/custom_ip/MINA_proj/MINA_proj.ip_user_files/bd/design_1/ip/design_1_smartconnect_1_0/bd_0/ip/ip_23/sim/bd_88fd_sawn_0.sv" into library xil_defaultlib
INFO: [VRFC 10-311] analyzing module bd_88fd_sawn_0
INFO: [VRFC 10-2263] Analyzing SystemVerilog file "/home/ryanb/Documents/MINA/hw/custom_ip/MINA_proj/MINA_proj.ip_user_files/bd/design_1/ip/design_1_smartconnect_1_0/bd_0/ip/ip_24/sim/bd_88fd_swn_0.sv" into library xil_defaultlib
INFO: [VRFC 10-311] analyzing module bd_88fd_swn_0
INFO: [VRFC 10-2263] Analyzing SystemVerilog file "/home/ryanb/Documents/MINA/hw/custom_ip/MINA_proj/MINA_proj.ip_user_files/bd/design_1/ip/design_1_smartconnect_1_0/bd_0/ip/ip_25/sim/bd_88fd_sbn_0.sv" into library xil_defaultlib
INFO: [VRFC 10-311] analyzing module bd_88fd_sbn_0
INFO: [VRFC 10-2263] Analyzing SystemVerilog file "/home/ryanb/Documents/MINA/hw/custom_ip/MINA_proj/MINA_proj.ip_user_files/bd/design_1/ip/design_1_smartconnect_1_0/bd_0/ip/ip_26/sim/bd_88fd_m00s2a_0.sv" into library xil_defaultlib
INFO: [VRFC 10-311] analyzing module bd_88fd_m00s2a_0
INFO: [VRFC 10-2263] Analyzing SystemVerilog file "/home/ryanb/Documents/MINA/hw/custom_ip/MINA_proj/MINA_proj.ip_user_files/bd/design_1/ip/design_1_smartconnect_1_0/bd_0/ip/ip_27/sim/bd_88fd_m00arn_0.sv" into library xil_defaultlib
INFO: [VRFC 10-311] analyzing module bd_88fd_m00arn_0
INFO: [VRFC 10-2263] Analyzing SystemVerilog file "/home/ryanb/Documents/MINA/hw/custom_ip/MINA_proj/MINA_proj.ip_user_files/bd/design_1/ip/design_1_smartconnect_1_0/bd_0/ip/ip_28/sim/bd_88fd_m00rn_0.sv" into library xil_defaultlib
INFO: [VRFC 10-311] analyzing module bd_88fd_m00rn_0
INFO: [VRFC 10-2263] Analyzing SystemVerilog file "/home/ryanb/Documents/MINA/hw/custom_ip/MINA_proj/MINA_proj.ip_user_files/bd/design_1/ip/design_1_smartconnect_1_0/bd_0/ip/ip_29/sim/bd_88fd_m00awn_0.sv" into library xil_defaultlib
INFO: [VRFC 10-311] analyzing module bd_88fd_m00awn_0
INFO: [VRFC 10-2263] Analyzing SystemVerilog file "/home/ryanb/Documents/MINA/hw/custom_ip/MINA_proj/MINA_proj.ip_user_files/bd/design_1/ip/design_1_smartconnect_1_0/bd_0/ip/ip_30/sim/bd_88fd_m00wn_0.sv" into library xil_defaultlib
INFO: [VRFC 10-311] analyzing module bd_88fd_m00wn_0
INFO: [VRFC 10-2263] Analyzing SystemVerilog file "/home/ryanb/Documents/MINA/hw/custom_ip/MINA_proj/MINA_proj.ip_user_files/bd/design_1/ip/design_1_smartconnect_1_0/bd_0/ip/ip_31/sim/bd_88fd_m00bn_0.sv" into library xil_defaultlib
INFO: [VRFC 10-311] analyzing module bd_88fd_m00bn_0
INFO: [VRFC 10-2263] Analyzing SystemVerilog file "/home/ryanb/Documents/MINA/hw/custom_ip/MINA_proj/MINA_proj.ip_user_files/bd/design_1/ip/design_1_smartconnect_1_0/bd_0/ip/ip_32/sim/bd_88fd_m00e_0.sv" into library xil_defaultlib
INFO: [VRFC 10-311] analyzing module bd_88fd_m00e_0
INFO: [VRFC 10-2263] Analyzing SystemVerilog file "/home/ryanb/Documents/MINA/hw/custom_ip/MINA_proj/MINA_proj.ip_user_files/bd/design_1/ip/design_1_smartconnect_1_0/bd_0/ip/ip_33/sim/bd_88fd_m01s2a_0.sv" into library xil_defaultlib
INFO: [VRFC 10-311] analyzing module bd_88fd_m01s2a_0
INFO: [VRFC 10-2263] Analyzing SystemVerilog file "/home/ryanb/Documents/MINA/hw/custom_ip/MINA_proj/MINA_proj.ip_user_files/bd/design_1/ip/design_1_smartconnect_1_0/bd_0/ip/ip_34/sim/bd_88fd_m01arn_0.sv" into library xil_defaultlib
INFO: [VRFC 10-311] analyzing module bd_88fd_m01arn_0
INFO: [VRFC 10-2263] Analyzing SystemVerilog file "/home/ryanb/Documents/MINA/hw/custom_ip/MINA_proj/MINA_proj.ip_user_files/bd/design_1/ip/design_1_smartconnect_1_0/bd_0/ip/ip_35/sim/bd_88fd_m01rn_0.sv" into library xil_defaultlib
INFO: [VRFC 10-311] analyzing module bd_88fd_m01rn_0
INFO: [VRFC 10-2263] Analyzing SystemVerilog file "/home/ryanb/Documents/MINA/hw/custom_ip/MINA_proj/MINA_proj.ip_user_files/bd/design_1/ip/design_1_smartconnect_1_0/bd_0/ip/ip_36/sim/bd_88fd_m01awn_0.sv" into library xil_defaultlib
INFO: [VRFC 10-311] analyzing module bd_88fd_m01awn_0
INFO: [VRFC 10-2263] Analyzing SystemVerilog file "/home/ryanb/Documents/MINA/hw/custom_ip/MINA_proj/MINA_proj.ip_user_files/bd/design_1/ip/design_1_smartconnect_1_0/bd_0/ip/ip_37/sim/bd_88fd_m01wn_0.sv" into library xil_defaultlib
INFO: [VRFC 10-311] analyzing module bd_88fd_m01wn_0
INFO: [VRFC 10-2263] Analyzing SystemVerilog file "/home/ryanb/Documents/MINA/hw/custom_ip/MINA_proj/MINA_proj.ip_user_files/bd/design_1/ip/design_1_smartconnect_1_0/bd_0/ip/ip_38/sim/bd_88fd_m01bn_0.sv" into library xil_defaultlib
INFO: [VRFC 10-311] analyzing module bd_88fd_m01bn_0
INFO: [VRFC 10-2263] Analyzing SystemVerilog file "/home/ryanb/Documents/MINA/hw/custom_ip/MINA_proj/MINA_proj.ip_user_files/bd/design_1/ip/design_1_smartconnect_1_0/bd_0/ip/ip_39/sim/bd_88fd_m01e_0.sv" into library xil_defaultlib
INFO: [VRFC 10-311] analyzing module bd_88fd_m01e_0
INFO: [VRFC 10-2263] Analyzing SystemVerilog file "/home/ryanb/Documents/MINA/hw/custom_ip/MINA_proj/MINA_proj.ip_user_files/bd/design_1/ip/design_1_smartconnect_1_0/bd_0/ip/ip_40/sim/bd_88fd_m02s2a_0.sv" into library xil_defaultlib
INFO: [VRFC 10-311] analyzing module bd_88fd_m02s2a_0
INFO: [VRFC 10-2263] Analyzing SystemVerilog file "/home/ryanb/Documents/MINA/hw/custom_ip/MINA_proj/MINA_proj.ip_user_files/bd/design_1/ip/design_1_smartconnect_1_0/bd_0/ip/ip_41/sim/bd_88fd_m02arn_0.sv" into library xil_defaultlib
INFO: [VRFC 10-311] analyzing module bd_88fd_m02arn_0
INFO: [VRFC 10-2263] Analyzing SystemVerilog file "/home/ryanb/Documents/MINA/hw/custom_ip/MINA_proj/MINA_proj.ip_user_files/bd/design_1/ip/design_1_smartconnect_1_0/bd_0/ip/ip_42/sim/bd_88fd_m02rn_0.sv" into library xil_defaultlib
INFO: [VRFC 10-311] analyzing module bd_88fd_m02rn_0
INFO: [VRFC 10-2263] Analyzing SystemVerilog file "/home/ryanb/Documents/MINA/hw/custom_ip/MINA_proj/MINA_proj.ip_user_files/bd/design_1/ip/design_1_smartconnect_1_0/bd_0/ip/ip_43/sim/bd_88fd_m02awn_0.sv" into library xil_defaultlib
INFO: [VRFC 10-311] analyzing module bd_88fd_m02awn_0
INFO: [VRFC 10-2263] Analyzing SystemVerilog file "/home/ryanb/Documents/MINA/hw/custom_ip/MINA_proj/MINA_proj.ip_user_files/bd/design_1/ip/design_1_smartconnect_1_0/bd_0/ip/ip_44/sim/bd_88fd_m02wn_0.sv" into library xil_defaultlib
INFO: [VRFC 10-311] analyzing module bd_88fd_m02wn_0
INFO: [VRFC 10-2263] Analyzing SystemVerilog file "/home/ryanb/Documents/MINA/hw/custom_ip/MINA_proj/MINA_proj.ip_user_files/bd/design_1/ip/design_1_smartconnect_1_0/bd_0/ip/ip_45/sim/bd_88fd_m02bn_0.sv" into library xil_defaultlib
INFO: [VRFC 10-311] analyzing module bd_88fd_m02bn_0
INFO: [VRFC 10-2263] Analyzing SystemVerilog file "/home/ryanb/Documents/MINA/hw/custom_ip/MINA_proj/MINA_proj.ip_user_files/bd/design_1/ip/design_1_smartconnect_1_0/bd_0/ip/ip_46/sim/bd_88fd_m02e_0.sv" into library xil_defaultlib
INFO: [VRFC 10-311] analyzing module bd_88fd_m02e_0
INFO: [VRFC 10-2263] Analyzing SystemVerilog file "/home/ryanb/Documents/MINA/hw/custom_ip/MINA_proj/MINA_proj.ip_user_files/bd/design_1/ip/design_1_smartconnect_1_0/bd_0/ip/ip_47/sim/bd_88fd_m03s2a_0.sv" into library xil_defaultlib
INFO: [VRFC 10-311] analyzing module bd_88fd_m03s2a_0
INFO: [VRFC 10-2263] Analyzing SystemVerilog file "/home/ryanb/Documents/MINA/hw/custom_ip/MINA_proj/MINA_proj.ip_user_files/bd/design_1/ip/design_1_smartconnect_1_0/bd_0/ip/ip_48/sim/bd_88fd_m03arn_0.sv" into library xil_defaultlib
INFO: [VRFC 10-311] analyzing module bd_88fd_m03arn_0
INFO: [VRFC 10-2263] Analyzing SystemVerilog file "/home/ryanb/Documents/MINA/hw/custom_ip/MINA_proj/MINA_proj.ip_user_files/bd/design_1/ip/design_1_smartconnect_1_0/bd_0/ip/ip_49/sim/bd_88fd_m03rn_0.sv" into library xil_defaultlib
INFO: [VRFC 10-311] analyzing module bd_88fd_m03rn_0
INFO: [VRFC 10-2263] Analyzing SystemVerilog file "/home/ryanb/Documents/MINA/hw/custom_ip/MINA_proj/MINA_proj.ip_user_files/bd/design_1/ip/design_1_smartconnect_1_0/bd_0/ip/ip_50/sim/bd_88fd_m03awn_0.sv" into library xil_defaultlib
INFO: [VRFC 10-311] analyzing module bd_88fd_m03awn_0
INFO: [VRFC 10-2263] Analyzing SystemVerilog file "/home/ryanb/Documents/MINA/hw/custom_ip/MINA_proj/MINA_proj.ip_user_files/bd/design_1/ip/design_1_smartconnect_1_0/bd_0/ip/ip_51/sim/bd_88fd_m03wn_0.sv" into library xil_defaultlib
INFO: [VRFC 10-311] analyzing module bd_88fd_m03wn_0
INFO: [VRFC 10-2263] Analyzing SystemVerilog file "/home/ryanb/Documents/MINA/hw/custom_ip/MINA_proj/MINA_proj.ip_user_files/bd/design_1/ip/design_1_smartconnect_1_0/bd_0/ip/ip_52/sim/bd_88fd_m03bn_0.sv" into library xil_defaultlib
INFO: [VRFC 10-311] analyzing module bd_88fd_m03bn_0
INFO: [VRFC 10-2263] Analyzing SystemVerilog file "/home/ryanb/Documents/MINA/hw/custom_ip/MINA_proj/MINA_proj.ip_user_files/bd/design_1/ip/design_1_smartconnect_1_0/bd_0/ip/ip_53/sim/bd_88fd_m03e_0.sv" into library xil_defaultlib
INFO: [VRFC 10-311] analyzing module bd_88fd_m03e_0
INFO: [VRFC 10-2263] Analyzing SystemVerilog file "/home/ryanb/Documents/MINA/hw/custom_ip/MINA_proj/MINA_proj.ip_user_files/bd/design_1/ip/design_1_smartconnect_1_0/bd_0/ip/ip_54/sim/bd_88fd_m04s2a_0.sv" into library xil_defaultlib
INFO: [VRFC 10-311] analyzing module bd_88fd_m04s2a_0
INFO: [VRFC 10-2263] Analyzing SystemVerilog file "/home/ryanb/Documents/MINA/hw/custom_ip/MINA_proj/MINA_proj.ip_user_files/bd/design_1/ip/design_1_smartconnect_1_0/bd_0/ip/ip_55/sim/bd_88fd_m04arn_0.sv" into library xil_defaultlib
INFO: [VRFC 10-311] analyzing module bd_88fd_m04arn_0
INFO: [VRFC 10-2263] Analyzing SystemVerilog file "/home/ryanb/Documents/MINA/hw/custom_ip/MINA_proj/MINA_proj.ip_user_files/bd/design_1/ip/design_1_smartconnect_1_0/bd_0/ip/ip_56/sim/bd_88fd_m04rn_0.sv" into library xil_defaultlib
INFO: [VRFC 10-311] analyzing module bd_88fd_m04rn_0
INFO: [VRFC 10-2263] Analyzing SystemVerilog file "/home/ryanb/Documents/MINA/hw/custom_ip/MINA_proj/MINA_proj.ip_user_files/bd/design_1/ip/design_1_smartconnect_1_0/bd_0/ip/ip_57/sim/bd_88fd_m04awn_0.sv" into library xil_defaultlib
INFO: [VRFC 10-311] analyzing module bd_88fd_m04awn_0
INFO: [VRFC 10-2263] Analyzing SystemVerilog file "/home/ryanb/Documents/MINA/hw/custom_ip/MINA_proj/MINA_proj.ip_user_files/bd/design_1/ip/design_1_smartconnect_1_0/bd_0/ip/ip_58/sim/bd_88fd_m04wn_0.sv" into library xil_defaultlib
INFO: [VRFC 10-311] analyzing module bd_88fd_m04wn_0
INFO: [VRFC 10-2263] Analyzing SystemVerilog file "/home/ryanb/Documents/MINA/hw/custom_ip/MINA_proj/MINA_proj.ip_user_files/bd/design_1/ip/design_1_smartconnect_1_0/bd_0/ip/ip_59/sim/bd_88fd_m04bn_0.sv" into library xil_defaultlib
INFO: [VRFC 10-311] analyzing module bd_88fd_m04bn_0
INFO: [VRFC 10-2263] Analyzing SystemVerilog file "/home/ryanb/Documents/MINA/hw/custom_ip/MINA_proj/MINA_proj.ip_user_files/bd/design_1/ip/design_1_smartconnect_1_0/bd_0/ip/ip_60/sim/bd_88fd_m04e_0.sv" into library xil_defaultlib
INFO: [VRFC 10-311] analyzing module bd_88fd_m04e_0
INFO: [VRFC 10-2263] Analyzing SystemVerilog file "/home/ryanb/Documents/MINA/hw/custom_ip/MINA_proj/MINA_proj.ip_user_files/bd/design_1/ip/design_1_smartconnect_1_0/sim/design_1_smartconnect_1_0.sv" into library xil_defaultlib
INFO: [VRFC 10-311] analyzing module design_1_smartconnect_1_0
xvhdl --incr --relax -prj tb_design_1_wrapper_vhdl.prj
Waiting for jobs to finish...
No pending jobs, compilation finished.
INFO: [USF-XSim-69] 'compile' step finished in '2' seconds
launch_simulation: Time (s): cpu = 00:00:07 ; elapsed = 00:00:06 . Memory (MB): peak = 11198.555 ; gain = 0.000 ; free physical = 11293 ; free virtual = 17367
Command: launch_simulation -step elaborate -simset bootloader_tb -mode behavioral
INFO: [Vivado 12-25911] Executing simulation for 'XSim' simulator
INFO: [Project 1-5737] Running on host ryan-21k8s14n00 (64) - EndeavourOS Linux
INFO: [Vivado 12-28535] Process started - Sun Sep  6 20:55:00 2026

INFO: [Vivado 12-12493] Simulation top is 'tb_design_1_wrapper'
INFO: [Vivado 12-5698] Checking validity of IPs in the design for the 'XSim' simulator...
INFO: [Vivado 12-5682] Launching behavioral simulation in '/home/ryanb/Documents/MINA/hw/custom_ip/MINA_proj/MINA_proj.sim/bootloader_tb/behav/xsim'
INFO: [Vivado 12-13660] Precompiled IP simulation library mode is enabled (default). The design IP libraries will be referenced from the compiled library path. Please note that if the precompiled version of the library is not found from the path or the IP is in locked state, then the library source files for these IPs will be compiled locally as part of the compile order.
INFO: [Vivado 12-4795] Using compiled simulation libraries for IPs
INFO: [SIM-utils-51] Simulation object is 'bootloader_tb'
INFO: [USF-XSim-3] XSim::Elaborate design
INFO: [USF-XSim-61] Executing 'ELABORATE' step in '/home/ryanb/Documents/MINA/hw/custom_ip/MINA_proj/MINA_proj.sim/bootloader_tb/behav/xsim'
xelab --incr --debug typical --relax --mt 8 -L xil_defaultlib -L axi_datamover_v5_1_37 -L axi_sg_v4_1_21 -L axi_cdma_v4_1_35 -L proc_sys_reset_v5_0_17 -L smartconnect_v1_0 -L axi_infrastructure_v1_1_0 -L axi_register_slice_v2_1_36 -L axi_vip_v1_1_22 -L axi_bram_ctrl_v4_1_13 -L xlconcat_v2_1_7 -L axi_lite_ipif_v3_0_4 -L interrupt_control_v3_1_5 -L axi_gpio_v2_0_37 -L uvm -L xilinx_vip -L unisims_ver -L unimacro_ver -L secureip -L xpm --snapshot tb_design_1_wrapper_behav xil_defaultlib.tb_design_1_wrapper xil_defaultlib.glbl -log elaborate.log
Vivado Simulator v2025.2
Copyright 1986-2022 Xilinx, Inc. All Rights Reserved.
Copyright 2022-2025 Advanced Micro Devices, Inc. All Rights Reserved.
Running: /opt/Xilinx/2025.2/Vivado/bin/unwrapped/lnx64.o/xelab --incr --debug typical --relax --mt 8 -L xil_defaultlib -L axi_datamover_v5_1_37 -L axi_sg_v4_1_21 -L axi_cdma_v4_1_35 -L proc_sys_reset_v5_0_17 -L smartconnect_v1_0 -L axi_infrastructure_v1_1_0 -L axi_register_slice_v2_1_36 -L axi_vip_v1_1_22 -L axi_bram_ctrl_v4_1_13 -L xlconcat_v2_1_7 -L axi_lite_ipif_v3_0_4 -L interrupt_control_v3_1_5 -L axi_gpio_v2_0_37 -L uvm -L xilinx_vip -L unisims_ver -L unimacro_ver -L secureip -L xpm --snapshot tb_design_1_wrapper_behav xil_defaultlib.tb_design_1_wrapper xil_defaultlib.glbl -log elaborate.log 
Using 8 slave threads.
Starting static elaboration
Pass Through NonSizing Optimizer
WARNING: [VRFC 10-3091] actual bit length 32 differs from formal bit length 1 for port 's_axis_tkeep' [/home/ryanb/Documents/MINA/hw/ip/verilog-i2c/rtl/i2c_master_axil.v:389]
WARNING: [VRFC 10-3091] actual bit length 32 differs from formal bit length 8 for port 's_axis_tid' [/home/ryanb/Documents/MINA/hw/ip/verilog-i2c/rtl/i2c_master_axil.v:393]
WARNING: [VRFC 10-3091] actual bit length 32 differs from formal bit length 8 for port 's_axis_tdest' [/home/ryanb/Documents/MINA/hw/ip/verilog-i2c/rtl/i2c_master_axil.v:394]
WARNING: [VRFC 10-3091] actual bit length 32 differs from formal bit length 1 for port 's_axis_tkeep' [/home/ryanb/Documents/MINA/hw/ip/verilog-i2c/rtl/i2c_master_axil.v:433]
WARNING: [VRFC 10-3091] actual bit length 32 differs from formal bit length 8 for port 's_axis_tid' [/home/ryanb/Documents/MINA/hw/ip/verilog-i2c/rtl/i2c_master_axil.v:437]
WARNING: [VRFC 10-3091] actual bit length 32 differs from formal bit length 8 for port 's_axis_tdest' [/home/ryanb/Documents/MINA/hw/ip/verilog-i2c/rtl/i2c_master_axil.v:438]
WARNING: [VRFC 10-3091] actual bit length 32 differs from formal bit length 1 for port 's_axis_tkeep' [/home/ryanb/Documents/MINA/hw/ip/verilog-i2c/rtl/i2c_master_axil.v:473]
WARNING: [VRFC 10-3091] actual bit length 32 differs from formal bit length 8 for port 's_axis_tid' [/home/ryanb/Documents/MINA/hw/ip/verilog-i2c/rtl/i2c_master_axil.v:477]
WARNING: [VRFC 10-3091] actual bit length 32 differs from formal bit length 8 for port 's_axis_tdest' [/home/ryanb/Documents/MINA/hw/ip/verilog-i2c/rtl/i2c_master_axil.v:478]
WARNING: [VRFC 10-3091] actual bit length 32 differs from formal bit length 1 for port 's_axis_tuser' [/home/ryanb/Documents/MINA/hw/ip/verilog-i2c/rtl/i2c_master_axil.v:479]
WARNING: [VRFC 10-5021] port 'cdma_tvect_out' is not connected on this instance [/home/ryanb/Documents/MINA/hw/custom_ip/MINA_proj/MINA_proj.ip_user_files/bd/design_1/sim/design_1.v:353]
WARNING: [VRFC 10-5021] port 's_axi_awready' is not connected on this instance [/home/ryanb/Documents/MINA/hw/custom_ip/MINA_proj/MINA_proj.ip_user_files/bd/design_1/sim/design_1.v:961]
WARNING: [VRFC 10-5021] port 'bram_rst_a' is not connected on this instance [/home/ryanb/Documents/MINA/hw/custom_ip/MINA_proj/MINA_proj.ip_user_files/bd/design_1/sim/design_1.v:999]
WARNING: [VRFC 10-5021] port 'gpio_io_o' is not connected on this instance [/home/ryanb/Documents/MINA/hw/custom_ip/MINA_proj/MINA_proj.ip_user_files/bd/design_1/sim/design_1.v:1334]
WARNING: [VRFC 10-5021] port 'mb_reset' is not connected on this instance [/home/ryanb/Documents/MINA/hw/custom_ip/MINA_proj/MINA_proj.ip_user_files/bd/design_1/ip/design_1_smartconnect_1_0/bd_0/sim/bd_88fd.v:2410]
WARNING: [VRFC 10-5021] port 'mb_reset' is not connected on this instance [/home/ryanb/Documents/MINA/hw/custom_ip/MINA_proj/MINA_proj.ip_user_files/bd/design_1/ip/design_1_smartconnect_0_0/bd_0/sim/bd_48ac.v:2648]
Completed static elaboration
Starting simulation data flow analysis
Completed simulation data flow analysis
Time Resolution for simulation is 1ps
Compiling package std.standard
Compiling package std.textio
Compiling package ieee.std_logic_1164
Compiling package ieee.numeric_std
Compiling package synopsys.attributes
Compiling package ieee.std_logic_misc
Compiling package axi_cdma_v4_1_35.axi_cdma_pkg
Compiling package xpm.vcomponents
Compiling package unisim.vcomponents
Compiling package ieee.std_logic_arith
Compiling package ieee.std_logic_unsigned
Compiling package axi_datamover_v5_1_37.axi_datamover_pkg
Compiling package axi_bram_ctrl_v4_1_13.axi_bram_ctrl_funcs
Compiling package ieee.vital_timing
Compiling package ieee.vital_primitives
Compiling package unisim.vpkg
Compiling package axi_lite_ipif_v3_0_4.ipif_pkg
Compiling package vl.vl_types
Compiling module xil_defaultlib.glbl
Compiling module xil_defaultlib.InstructionCache
Compiling module xil_defaultlib.DataCache
Compiling module xil_defaultlib.VexRiscvMcuAxi
Compiling module xil_defaultlib.design_1_VexRiscvMcuAxi_0_0
Compiling architecture implementation of entity axi_datamover_v5_1_37.axi_datamover_reset [axi_datamover_reset_default]
Compiling architecture imp of entity axi_datamover_v5_1_37.axi_datamover_fifo [\axi_datamover_fifo(c_dwidth=8,c...]
Compiling architecture imp of entity axi_datamover_v5_1_37.axi_datamover_fifo [\axi_datamover_fifo(c_dwidth=71,...]
Compiling architecture implementation of entity axi_datamover_v5_1_37.axi_datamover_cmd_status [\axi_datamover_cmd_status(c_stsc...]
Compiling architecture implementation of entity axi_datamover_v5_1_37.axi_datamover_rd_status_cntl [axi_datamover_rd_status_cntl_def...]
Compiling architecture implementation of entity axi_datamover_v5_1_37.axi_datamover_strb_gen2 [\axi_datamover_strb_gen2(c_strb_...]
Compiling architecture implementation of entity axi_datamover_v5_1_37.axi_datamover_strb_gen2 [\axi_datamover_strb_gen2(c_op_mo...]
Compiling architecture implementation of entity axi_datamover_v5_1_37.axi_datamover_pcc [\axi_datamover_pcc(c_is_mm2s=1,c...]
Compiling architecture imp of entity axi_datamover_v5_1_37.srl_fifo [\srl_fifo(c_dwidth=59,c_depth=4)...]
Compiling architecture imp of entity axi_datamover_v5_1_37.axi_datamover_fifo [\axi_datamover_fifo(c_dwidth=59,...]
Compiling architecture implementation of entity axi_datamover_v5_1_37.axi_datamover_addr_cntl [\axi_datamover_addr_cntl(c_famil...]
Compiling architecture imp of entity axi_datamover_v5_1_37.srl_fifo [\srl_fifo(c_dwidth=29,c_depth=4)...]
Compiling architecture imp of entity axi_datamover_v5_1_37.axi_datamover_fifo [\axi_datamover_fifo(c_dwidth=29,...]
Compiling architecture implementation of entity axi_datamover_v5_1_37.axi_datamover_rdmux [\axi_datamover_rdmux(c_sel_addr_...]
Compiling architecture implementation of entity axi_datamover_v5_1_37.axi_datamover_rddata_cntl [\axi_datamover_rddata_cntl(c_ali...]
Compiling architecture implementation of entity axi_datamover_v5_1_37.axi_datamover_mm2s_full_wrap [\axi_datamover_mm2s_full_wrap(c_...]
Compiling architecture implementation of entity axi_datamover_v5_1_37.axi_datamover_pcc [\axi_datamover_pcc(c_dre_align_w...]
Compiling architecture imp of entity axi_datamover_v5_1_37.srl_fifo [\srl_fifo(c_dwidth=7,c_depth=6)\]
Compiling architecture imp of entity axi_datamover_v5_1_37.axi_datamover_fifo [\axi_datamover_fifo(c_dwidth=7,c...]
Compiling architecture imp of entity axi_datamover_v5_1_37.srl_fifo [\srl_fifo(c_dwidth=2,c_depth=6)\]
Compiling architecture imp of entity axi_datamover_v5_1_37.axi_datamover_fifo [\axi_datamover_fifo(c_dwidth=2,c...]
Compiling architecture implementation of entity axi_datamover_v5_1_37.axi_datamover_wr_status_cntl [\axi_datamover_wr_status_cntl(c_...]
Compiling architecture implementation of entity axi_datamover_v5_1_37.axi_datamover_addr_cntl [\axi_datamover_addr_cntl(c_addr_...]
Compiling architecture imp of entity axi_datamover_v5_1_37.srl_fifo [\srl_fifo(c_dwidth=27,c_depth=4)...]
Compiling architecture imp of entity axi_datamover_v5_1_37.axi_datamover_fifo [\axi_datamover_fifo(c_dwidth=27,...]
Compiling architecture implementation of entity axi_datamover_v5_1_37.axi_datamover_wrdata_cntl [\axi_datamover_wrdata_cntl(c_sf_...]
Compiling architecture implementation of entity axi_datamover_v5_1_37.axi_datamover_wr_demux [\axi_datamover_wr_demux(c_sel_ad...]
Compiling architecture implementation of entity axi_datamover_v5_1_37.axi_datamover_skid2mm_buf [\axi_datamover_skid2mm_buf(c_add...]
Compiling architecture implementation of entity axi_datamover_v5_1_37.axi_datamover_s2mm_full_wrap [\axi_datamover_s2mm_full_wrap(c_...]
Compiling architecture implementation of entity axi_datamover_v5_1_37.axi_datamover [\axi_datamover(c_include_mm2s=1,...]
Compiling architecture implementation of entity axi_cdma_v4_1_35.axi_cdma_pulse_gen [\axi_cdma_pulse_gen(c_pulse_widt...]
Compiling architecture implementation of entity axi_cdma_v4_1_35.axi_cdma_pulse_gen [\axi_cdma_pulse_gen(c_pos_edge_t...]
Compiling architecture implementation of entity axi_cdma_v4_1_35.axi_cdma_pulse_gen [\axi_cdma_pulse_gen(c_pulse_widt...]
Compiling architecture implementation of entity axi_cdma_v4_1_35.axi_cdma_reset [axi_cdma_reset_default]
Compiling architecture implementation of entity axi_cdma_v4_1_35.axi_cdma_lite_if [\axi_cdma_lite_if(c_num_ce=16,c_...]
Compiling architecture implementation of entity axi_cdma_v4_1_35.axi_cdma_register [\axi_cdma_register(c_num_registe...]
Compiling architecture implementation of entity axi_cdma_v4_1_35.axi_cdma_reg_module [axi_cdma_reg_module_default]
Compiling architecture implementation of entity axi_cdma_v4_1_35.axi_cdma_simple_cntlr [\axi_cdma_simple_cntlr(c_dm_cmd_...]
Compiling architecture implementation of entity axi_cdma_v4_1_35.axi_cdma_simple_wrap [\axi_cdma_simple_wrap(c_include_...]
Compiling architecture implementation of entity axi_cdma_v4_1_35.axi_cdma [\axi_cdma(c_include_sf=0,c_dlytm...]
Compiling architecture design_1_axi_cdma_0_0_arch of entity xil_defaultlib.design_1_axi_cdma_0_0 [design_1_axi_cdma_0_0_default]
Compiling module xil_defaultlib.axi_ram(STRB_WIDTH=4)
Compiling module xil_defaultlib.design_1_axi_ram_0_0
Compiling module unisims_ver.IBUF
Compiling module unisims_ver.MMCME2_ADV(CLKFBOUT_MULT_F=10.0,...
Compiling module unisims_ver.BUFG
Compiling module xil_defaultlib.design_1_clk_wiz_0_2_clk_wiz
Compiling module xil_defaultlib.design_1_clk_wiz_0_2
Compiling architecture behavioral of entity xil_defaultlib.basic_or [basic_or_default]
Compiling module xil_defaultlib.design_1_basic_or_0_0
Compiling architecture behavioral of entity xil_defaultlib.negation [negation_default]
Compiling module xil_defaultlib.design_1_negation_0_0
Compiling module xil_defaultlib.design_1_negation_0_1
Compiling module xil_defaultlib.cpu_reset_controller_imp_Y312CB
Compiling architecture implementation of entity axi_bram_ctrl_v4_1_13.sng_port_arb [\sng_port_arb(c_s_axi_addr_width...]
Compiling architecture implementation of entity axi_bram_ctrl_v4_1_13.ua_narrow [\ua_narrow(c_bram_addr_adjust_fa...]
Compiling architecture implementation of entity axi_bram_ctrl_v4_1_13.wrap_brst [\wrap_brst(c_axi_addr_width=14,c...]
Compiling architecture muxcy_v of entity unisim.MUXCY [muxcy_default]
Compiling architecture muxcy_l_v of entity unisim.MUXCY_L [muxcy_l_default]
Compiling architecture xorcy_v of entity unisim.XORCY [xorcy_default]
Compiling architecture srl16e_v of entity unisim.SRL16E [\SRL16E(0,15)\]
Compiling architecture fdre_v of entity unisim.FDRE [fdre_default]
Compiling architecture fdr_v of entity unisim.FDR [fdr_default]
Compiling architecture imp of entity axi_bram_ctrl_v4_1_13.SRL_FIFO [\SRL_FIFO(c_data_bits=1,c_depth=...]
Compiling architecture implementation of entity axi_bram_ctrl_v4_1_13.wr_chnl [\wr_chnl(c_axi_addr_width=14,c_a...]
Compiling architecture implementation of entity axi_bram_ctrl_v4_1_13.rd_chnl [\rd_chnl(c_axi_addr_width=14,c_a...]
Compiling architecture implementation of entity axi_bram_ctrl_v4_1_13.full_axi [\full_axi(c_s_axi_addr_width=14,...]
Compiling architecture implementation of entity axi_bram_ctrl_v4_1_13.axi_bram_ctrl_top [\axi_bram_ctrl_top(c_s_axi_addr_...]
Compiling architecture implementation of entity axi_bram_ctrl_v4_1_13.axi_bram_ctrl [\axi_bram_ctrl(c_s_axi_addr_widt...]
Compiling architecture design_1_axi_bram_ctrl_0_1_arch of entity xil_defaultlib.design_1_axi_bram_ctrl_0_1 [design_1_axi_bram_ctrl_0_1_defau...]
Compiling architecture implementation of entity axi_bram_ctrl_v4_1_13.wr_chnl [\wr_chnl(c_axi_addr_width=14,c_a...]
Compiling architecture implementation of entity axi_bram_ctrl_v4_1_13.rd_chnl [\rd_chnl(c_axi_addr_width=14,c_a...]
Compiling architecture implementation of entity axi_bram_ctrl_v4_1_13.full_axi [\full_axi(c_s_axi_addr_width=14,...]
Compiling architecture implementation of entity axi_bram_ctrl_v4_1_13.axi_bram_ctrl_top [\axi_bram_ctrl_top(c_s_axi_addr_...]
Compiling architecture implementation of entity axi_bram_ctrl_v4_1_13.axi_bram_ctrl [\axi_bram_ctrl(c_s_axi_addr_widt...]
Compiling architecture design_1_axi_bram_ctrl_0_2_arch of entity xil_defaultlib.design_1_axi_bram_ctrl_0_2 [design_1_axi_bram_ctrl_0_2_defau...]
Compiling module xil_defaultlib.muxed_dual_port_ram(ADDR_WIDTH=1...
Compiling module xil_defaultlib.design_1_muxed_dual_port_ram_0_0
Compiling module xil_defaultlib.instr_ram_imp_1811FLP
Compiling module xil_defaultlib.design_1_negation_1_0
Compiling module xil_defaultlib.design_1_negation_1_3
Compiling architecture implementation of entity interrupt_control_v3_1_5.interrupt_control [\interrupt_control(c_num_ce=16,c...]
Compiling architecture imp of entity axi_lite_ipif_v3_0_4.pselect_f [\pselect_f(c_ab=5,c_aw=9,c_bar="...]
Compiling architecture imp of entity axi_lite_ipif_v3_0_4.pselect_f [\pselect_f(c_ab=2,c_aw=2,c_bar="...]
Compiling architecture imp of entity axi_lite_ipif_v3_0_4.pselect_f [\pselect_f(c_ab=2,c_aw=2,c_bar="...]
Compiling architecture imp of entity axi_lite_ipif_v3_0_4.pselect_f [\pselect_f(c_ab=2,c_aw=2,c_bar="...]
Compiling architecture imp of entity axi_lite_ipif_v3_0_4.pselect_f [\pselect_f(c_ab=2,c_aw=2,c_bar="...]
Compiling architecture imp of entity axi_lite_ipif_v3_0_4.pselect_f [\pselect_f(c_ab=1,c_aw=9,c_bar="...]
Compiling architecture imp of entity axi_lite_ipif_v3_0_4.pselect_f [\pselect_f(c_ab=4,c_aw=4,c_bar="...]
Compiling architecture imp of entity axi_lite_ipif_v3_0_4.pselect_f [\pselect_f(c_ab=4,c_aw=4,c_bar="...]
Compiling architecture imp of entity axi_lite_ipif_v3_0_4.pselect_f [\pselect_f(c_ab=4,c_aw=4,c_bar="...]
Compiling architecture imp of entity axi_lite_ipif_v3_0_4.pselect_f [\pselect_f(c_ab=4,c_aw=4,c_bar="...]
Compiling architecture imp of entity axi_lite_ipif_v3_0_4.pselect_f [\pselect_f(c_ab=4,c_aw=4,c_bar="...]
Compiling architecture imp of entity axi_lite_ipif_v3_0_4.pselect_f [\pselect_f(c_ab=4,c_aw=4,c_bar="...]
Compiling architecture imp of entity axi_lite_ipif_v3_0_4.pselect_f [\pselect_f(c_ab=4,c_aw=4,c_bar="...]
Compiling architecture imp of entity axi_lite_ipif_v3_0_4.pselect_f [\pselect_f(c_ab=4,c_aw=4,c_bar="...]
Compiling architecture imp of entity axi_lite_ipif_v3_0_4.pselect_f [\pselect_f(c_ab=4,c_aw=4,c_bar="...]
Compiling architecture imp of entity axi_lite_ipif_v3_0_4.pselect_f [\pselect_f(c_ab=4,c_aw=4,c_bar="...]
Compiling architecture imp of entity axi_lite_ipif_v3_0_4.pselect_f [\pselect_f(c_ab=4,c_aw=4,c_bar="...]
Compiling architecture imp of entity axi_lite_ipif_v3_0_4.pselect_f [\pselect_f(c_ab=4,c_aw=4,c_bar="...]
Compiling architecture imp of entity axi_lite_ipif_v3_0_4.pselect_f [\pselect_f(c_ab=4,c_aw=4,c_bar="...]
Compiling architecture imp of entity axi_lite_ipif_v3_0_4.pselect_f [\pselect_f(c_ab=4,c_aw=4,c_bar="...]
Compiling architecture imp of entity axi_lite_ipif_v3_0_4.pselect_f [\pselect_f(c_ab=4,c_aw=4,c_bar="...]
Compiling architecture imp of entity axi_lite_ipif_v3_0_4.pselect_f [\pselect_f(c_ab=4,c_aw=4,c_bar="...]
Compiling architecture imp of entity axi_lite_ipif_v3_0_4.address_decoder [\address_decoder(c_bus_awidth=9,...]
Compiling architecture imp of entity axi_lite_ipif_v3_0_4.slave_attachment [\slave_attachment(c_ard_addr_ran...]
Compiling architecture imp of entity axi_lite_ipif_v3_0_4.axi_lite_ipif [\axi_lite_ipif(c_s_axi_addr_widt...]
Compiling module xpm.xpm_cdc_array_single(DEST_SYNC_F...
Compiling architecture imp of entity axi_gpio_v2_0_37.GPIO_Core [\GPIO_Core(c_aw=9,c_interrupt_pr...]
Compiling architecture imp of entity axi_gpio_v2_0_37.axi_gpio [\axi_gpio(c_family="spartan7",c_...]
Compiling architecture design_1_axi_gpio_0_0_arch of entity xil_defaultlib.design_1_axi_gpio_0_0 [design_1_axi_gpio_0_0_default]
Compiling architecture rtl of entity xil_defaultlib.uart_phy [uart_phy_default]
Compiling architecture rtl of entity xil_defaultlib.axi_uart_bootloader [axi_uart_bootloader_default]
Compiling module xil_defaultlib.axi_uart_bootloader_wrapper
Compiling module xil_defaultlib.design_1_axi_uart_bootloader_1_0
Compiling architecture rtl of entity xil_defaultlib.axil_timer_64 [axil_timer_64_default]
Compiling module xil_defaultlib.design_1_axil_timer_64_0_0
Compiling module xil_defaultlib.axis_fifo(DEPTH=32,DATA_WIDTH=12...
Compiling module xil_defaultlib.axis_fifo(DEPTH=32,KEEP_ENABLE=0...
Compiling module xil_defaultlib.i2c_master
Compiling module xil_defaultlib.i2c_master_axil_default
Compiling module xil_defaultlib.design_1_i2c_master_axil_0_0
Compiling module xil_defaultlib.design_1_negation_1_2
Compiling architecture behavioral of entity xil_defaultlib.plic [plic_default]
Compiling architecture behavioral of entity xil_defaultlib.plic_axil_wrapper [plic_axil_wrapper_default]
Compiling module xil_defaultlib.design_1_plic_axil_wrapper_0_0
Compiling architecture fdre_v of entity unisim.FDRE [\FDRE(init='1')\]
Compiling architecture srl16e_v of entity unisim.SRL16E [\SRL16E(init="1111111111111111")...]
Compiling architecture srl16_v of entity unisim.SRL16 [\SRL16(init="1111111111111111")(...]
Compiling module xpm.xpm_cdc_single(DEST_SYNC_FF=4,IN...
Compiling architecture imp of entity proc_sys_reset_v5_0_17.lpf [\lpf(c_ext_rst_width=4,c_aux_rst...]
Compiling architecture imp of entity proc_sys_reset_v5_0_17.upcnt_n [\upcnt_n(c_size=6)\]
Compiling architecture imp of entity proc_sys_reset_v5_0_17.sequence_psr [sequence_psr_default]
Compiling architecture imp of entity proc_sys_reset_v5_0_17.proc_sys_reset [\proc_sys_reset(c_family="sparta...]
Compiling architecture bd_88fd_psr_aclk_0_arch of entity xil_defaultlib.bd_88fd_psr_aclk_0 [bd_88fd_psr_aclk_0_default]
Compiling module xil_defaultlib.clk_map_imp_LEUOAK
Compiling module xpm.xpm_cdc_async_rst(DEST_SYNC_FF=3...
Compiling module xil_defaultlib.bd_88fd_m00e_0
Compiling module xil_defaultlib.m00_exit_pipeline_imp_1ED2SVB
Compiling module xil_defaultlib.bd_88fd_m00arn_0
Compiling module xil_defaultlib.bd_88fd_m00awn_0
Compiling module xil_defaultlib.bd_88fd_m00bn_0
Compiling module xil_defaultlib.bd_88fd_m00rn_0
Compiling module xil_defaultlib.bd_88fd_m00wn_0
Compiling module xil_defaultlib.m00_nodes_imp_1RQJ53F
Compiling module xil_defaultlib.bd_88fd_m00s2a_0
Compiling module xil_defaultlib.bd_88fd_m01e_0
Compiling module xil_defaultlib.m01_exit_pipeline_imp_194UWDJ
Compiling module xil_defaultlib.bd_88fd_m01arn_0
Compiling module xil_defaultlib.bd_88fd_m01awn_0
Compiling module xil_defaultlib.bd_88fd_m01bn_0
Compiling module xil_defaultlib.bd_88fd_m01rn_0
Compiling module xil_defaultlib.bd_88fd_m01wn_0
Compiling module xil_defaultlib.m01_nodes_imp_XHW5BX
Compiling module xil_defaultlib.bd_88fd_m01s2a_0
Compiling module xil_defaultlib.bd_88fd_m02e_0
Compiling module xil_defaultlib.m02_exit_pipeline_imp_178ITK7
Compiling module xil_defaultlib.bd_88fd_m02arn_0
Compiling module xil_defaultlib.bd_88fd_m02awn_0
Compiling module xil_defaultlib.bd_88fd_m02bn_0
Compiling module xil_defaultlib.bd_88fd_m02rn_0
Compiling module xil_defaultlib.bd_88fd_m02wn_0
Compiling module xil_defaultlib.m02_nodes_imp_1CEL2E
Compiling module xil_defaultlib.bd_88fd_m02s2a_0
Compiling module xil_defaultlib.bd_88fd_m03e_0
Compiling module xil_defaultlib.m03_exit_pipeline_imp_1348LIF
Compiling module xil_defaultlib.bd_88fd_m03arn_0
Compiling module xil_defaultlib.bd_88fd_m03awn_0
Compiling module xil_defaultlib.bd_88fd_m03bn_0
Compiling module xil_defaultlib.bd_88fd_m03rn_0
Compiling module xil_defaultlib.bd_88fd_m03wn_0
Compiling module xil_defaultlib.m03_nodes_imp_16OOIFK
Compiling module xil_defaultlib.bd_88fd_m03s2a_0
Compiling module xil_defaultlib.bd_88fd_m04e_0
Compiling module xil_defaultlib.m04_exit_pipeline_imp_1SOQ17R
Compiling module xil_defaultlib.bd_88fd_m04arn_0
Compiling module xil_defaultlib.bd_88fd_m04awn_0
Compiling module xil_defaultlib.bd_88fd_m04bn_0
Compiling module xil_defaultlib.bd_88fd_m04rn_0
Compiling module xil_defaultlib.bd_88fd_m04wn_0
Compiling module xil_defaultlib.m04_nodes_imp_1XY7E6O
Compiling module xil_defaultlib.bd_88fd_m04s2a_0
Compiling module xil_defaultlib.bd_88fd_s00a2s_0
Compiling module xil_defaultlib.bd_88fd_s00mmu_0
Compiling module xil_defaultlib.bd_88fd_s00sic_0
Compiling module xil_defaultlib.bd_88fd_s00tr_0
Compiling module xil_defaultlib.s00_entry_pipeline_imp_F6210K
Compiling module xil_defaultlib.bd_88fd_sarn_0
Compiling module xil_defaultlib.bd_88fd_sawn_0
Compiling module xil_defaultlib.bd_88fd_sbn_0
Compiling module xil_defaultlib.bd_88fd_srn_0
Compiling module xil_defaultlib.bd_88fd_swn_0
Compiling module xil_defaultlib.s00_nodes_imp_9QDCJI
Compiling module xil_defaultlib.bd_88fd_arinsw_0
Compiling module xil_defaultlib.bd_88fd_aroutsw_0
Compiling module xil_defaultlib.bd_88fd_awinsw_0
Compiling module xil_defaultlib.bd_88fd_awoutsw_0
Compiling module xil_defaultlib.bd_88fd_binsw_0
Compiling module xil_defaultlib.bd_88fd_boutsw_0
Compiling module xil_defaultlib.bd_88fd_arni_0
Compiling module xil_defaultlib.bd_88fd_awni_0
Compiling module xil_defaultlib.bd_88fd_bni_0
Compiling module xil_defaultlib.bd_88fd_rni_0
Compiling module xil_defaultlib.bd_88fd_wni_0
Compiling module xil_defaultlib.i_nodes_imp_1320MTU
Compiling module xil_defaultlib.bd_88fd_rinsw_0
Compiling module xil_defaultlib.bd_88fd_routsw_0
Compiling module xil_defaultlib.bd_88fd_winsw_0
Compiling module xil_defaultlib.bd_88fd_woutsw_0
Compiling module xil_defaultlib.switchboards_imp_K834X6
Compiling module xil_defaultlib.bd_88fd
Compiling module xil_defaultlib.design_1_smartconnect_1_0
Compiling module xlconcat_v2_1_7.xlconcat_v2_1_7_xlconcat(dout_wi...
Compiling module xil_defaultlib.design_1_xlconcat_0_0
Compiling module xil_defaultlib.peripherals_imp_1BOSXT5
Compiling architecture bd_48ac_psr_aclk_0_arch of entity xil_defaultlib.bd_48ac_psr_aclk_0 [bd_48ac_psr_aclk_0_default]
Compiling module xil_defaultlib.clk_map_imp_1NMB928
Compiling module xil_defaultlib.bd_48ac_m00e_0
Compiling module xil_defaultlib.m00_exit_pipeline_imp_CVVFJV
Compiling module xpm.xpm_memory_base(MEMORY_TYPE=1,ME...
Compiling module xpm.xpm_memory_sdpram(MEMORY_SIZE=32...
Compiling module xpm.xpm_memory_base(MEMORY_TYPE=1,ME...
Compiling module xpm.xpm_memory_sdpram(MEMORY_SIZE=51...
Compiling module xil_defaultlib.bd_48ac_m00arn_0
Compiling module xil_defaultlib.bd_48ac_m00awn_0
Compiling module xpm.xpm_memory_base(MEMORY_TYPE=1,ME...
Compiling module xpm.xpm_memory_sdpram(MEMORY_SIZE=60...
Compiling module xpm.xpm_memory_base(MEMORY_TYPE=1,ME...
Compiling module xpm.xpm_memory_sdpram(MEMORY_SIZE=22...
Compiling module xil_defaultlib.bd_48ac_m00bn_0
Compiling module xpm.xpm_memory_base(MEMORY_TYPE=1,ME...
Compiling module xpm.xpm_memory_sdpram(MEMORY_SIZE=16...
Compiling module xil_defaultlib.bd_48ac_m00rn_0
Compiling module xpm.xpm_memory_base(MEMORY_TYPE=1,ME...
Compiling module xpm.xpm_memory_sdpram(MEMORY_SIZE=4,...
Compiling module xpm.xpm_memory_base(MEMORY_TYPE=1,ME...
Compiling module xpm.xpm_memory_sdpram(MEMORY_SIZE=23...
Compiling module xil_defaultlib.bd_48ac_m00wn_0
Compiling module xil_defaultlib.m00_nodes_imp_Z1B1P3
Compiling module xil_defaultlib.bd_48ac_m00s2a_0
Compiling module xil_defaultlib.bd_48ac_m01e_0
Compiling module xil_defaultlib.m01_exit_pipeline_imp_FWTRCR
Compiling module xil_defaultlib.bd_48ac_m01arn_0
Compiling module xil_defaultlib.bd_48ac_m01awn_0
Compiling module xil_defaultlib.bd_48ac_m01bn_0
Compiling module xil_defaultlib.bd_48ac_m01rn_0
Compiling module xil_defaultlib.bd_48ac_m01wn_0
Compiling module xil_defaultlib.m01_nodes_imp_1R2BU3L
Compiling module xil_defaultlib.bd_48ac_m01s2a_0
Compiling module xil_defaultlib.bd_48ac_m02e_0
Compiling module xil_defaultlib.m02_exit_pipeline_imp_19C6Z
Compiling module xil_defaultlib.bd_48ac_m02arn_0
Compiling module xil_defaultlib.bd_48ac_m02awn_0
Compiling module xil_defaultlib.bd_48ac_m02bn_0
Compiling module xil_defaultlib.bd_48ac_m02rn_0
Compiling module xil_defaultlib.bd_48ac_m02wn_0
Compiling module xil_defaultlib.m02_nodes_imp_185W3JU
Compiling module xil_defaultlib.bd_48ac_m02s2a_0
Compiling module xil_defaultlib.bd_48ac_m03e_0
Compiling module xil_defaultlib.m03_exit_pipeline_imp_6E233V
Compiling module xil_defaultlib.bd_48ac_m03arn_0
Compiling module xil_defaultlib.bd_48ac_m03awn_0
Compiling module xil_defaultlib.bd_48ac_m03bn_0
Compiling module xil_defaultlib.bd_48ac_m03rn_0
Compiling module xil_defaultlib.bd_48ac_m03wn_0
Compiling module xil_defaultlib.m03_nodes_imp_LEW7G
Compiling module xil_defaultlib.bd_48ac_m03s2a_0
Compiling module xil_defaultlib.bd_48ac_s00a2s_0
Compiling module xil_defaultlib.bd_48ac_s00mmu_0
Compiling module xil_defaultlib.bd_48ac_s00sic_0
Compiling module xil_defaultlib.bd_48ac_s00tr_0
Compiling module xil_defaultlib.s00_entry_pipeline_imp_1C3JDRS
Compiling module xpm.xpm_memory_base(MEMORY_TYPE=1,ME...
Compiling module xpm.xpm_memory_sdpram(MEMORY_SIZE=70...
Compiling module xpm.xpm_memory_base(MEMORY_TYPE=1,ME...
Compiling module xpm.xpm_memory_sdpram(MEMORY_SIZE=46...
Compiling module xil_defaultlib.bd_48ac_sarn_0
Compiling module xil_defaultlib.bd_48ac_sawn_0
Compiling module xpm.xpm_memory_base(MEMORY_TYPE=1,ME...
Compiling module xpm.xpm_memory_sdpram(MEMORY_SIZE=86...
Compiling module xil_defaultlib.bd_48ac_sbn_0
Compiling module xpm.xpm_memory_base(MEMORY_TYPE=1,ME...
Compiling module xpm.xpm_memory_sdpram(MEMORY_SIZE=23...
Compiling module xil_defaultlib.bd_48ac_srn_0
Compiling module xpm.xpm_memory_base(MEMORY_TYPE=1,ME...
Compiling module xpm.xpm_memory_sdpram(MEMORY_SIZE=17...
Compiling module xil_defaultlib.bd_48ac_swn_0
Compiling module xil_defaultlib.s00_nodes_imp_1FAO4F6
Compiling module xil_defaultlib.bd_48ac_s01a2s_0
Compiling module xil_defaultlib.bd_48ac_s01mmu_0
Compiling module xil_defaultlib.bd_48ac_s01sic_0
Compiling module xil_defaultlib.bd_48ac_s01tr_0
Compiling module xil_defaultlib.s01_entry_pipeline_imp_F11SX8
Compiling module xil_defaultlib.bd_48ac_sarn_1
Compiling module xil_defaultlib.bd_48ac_sawn_1
Compiling module xil_defaultlib.bd_48ac_sbn_1
Compiling module xil_defaultlib.bd_48ac_srn_1
Compiling module xil_defaultlib.bd_48ac_swn_1
Compiling module xil_defaultlib.s01_nodes_imp_AIXRF8
Compiling module xil_defaultlib.bd_48ac_arsw_0
Compiling module xil_defaultlib.bd_48ac_awsw_0
Compiling module xil_defaultlib.bd_48ac_bsw_0
Compiling module xil_defaultlib.bd_48ac_rsw_0
Compiling module xil_defaultlib.bd_48ac_wsw_0
Compiling module xil_defaultlib.switchboards_imp_1MKJLH2
Compiling module xil_defaultlib.bd_48ac
Compiling module xil_defaultlib.design_1_smartconnect_0_0
Compiling module xil_defaultlib.design_1
Compiling module xil_defaultlib.design_1_wrapper
Compiling package smartconnect_v1_0.sc_util_v1_0_4_pkg
Compiling architecture behavioral of entity xil_defaultlib.tb_design_1_wrapper
Built simulation snapshot tb_design_1_wrapper_behav
execute_script: Time (s): cpu = 00:00:50 ; elapsed = 00:00:14 . Memory (MB): peak = 11198.555 ; gain = 0.000 ; free physical = 11290 ; free virtual = 17366
INFO: [USF-XSim-69] 'elaborate' step finished in '14' seconds
launch_simulation: Time (s): cpu = 00:00:52 ; elapsed = 00:00:15 . Memory (MB): peak = 11198.555 ; gain = 0.000 ; free physical = 11290 ; free virtual = 17366
INFO: [Wavedata 42-565] Reading protoinst file protoinst_files/bd_48ac.protoinst
INFO: [Wavedata 42-564]   Found protocol instance at /tb_design_1_wrapper/dut/design_1_i/smartconnect_0/inst//m00_exit_pipeline/m00_exit/M_AXI
INFO: [Wavedata 42-564]   Found protocol instance at /tb_design_1_wrapper/dut/design_1_i/smartconnect_0/inst//m00_exit_pipeline/m00_exit/S_AXI
INFO: [Wavedata 42-564]   Found protocol instance at /tb_design_1_wrapper/dut/design_1_i/smartconnect_0/inst//m00_exit_pipeline/m_axi
INFO: [Wavedata 42-564]   Found protocol instance at /tb_design_1_wrapper/dut/design_1_i/smartconnect_0/inst//m00_exit_pipeline/s_axi
INFO: [Wavedata 42-564]   Found protocol instance at /tb_design_1_wrapper/dut/design_1_i/smartconnect_0/inst//m00_nodes/m00_aw_node/M_AXIS_ARB
INFO: [Wavedata 42-564]   Found protocol instance at /tb_design_1_wrapper/dut/design_1_i/smartconnect_0/inst//m00_nodes/m00_w_node/S_AXIS_ARB
INFO: [Wavedata 42-564]   Found protocol instance at /tb_design_1_wrapper/dut/design_1_i/smartconnect_0/inst//m00_sc2axi/M_AXI
INFO: [Wavedata 42-564]   Found protocol instance at /tb_design_1_wrapper/dut/design_1_i/smartconnect_0/inst//m01_exit_pipeline/m01_exit/M_AXI
INFO: [Wavedata 42-564]   Found protocol instance at /tb_design_1_wrapper/dut/design_1_i/smartconnect_0/inst//m01_exit_pipeline/m01_exit/S_AXI
INFO: [Wavedata 42-564]   Found protocol instance at /tb_design_1_wrapper/dut/design_1_i/smartconnect_0/inst//m01_exit_pipeline/m_axi
INFO: [Wavedata 42-564]   Found protocol instance at /tb_design_1_wrapper/dut/design_1_i/smartconnect_0/inst//m01_exit_pipeline/s_axi
INFO: [Wavedata 42-564]   Found protocol instance at /tb_design_1_wrapper/dut/design_1_i/smartconnect_0/inst//m01_nodes/m01_aw_node/M_AXIS_ARB
INFO: [Wavedata 42-564]   Found protocol instance at /tb_design_1_wrapper/dut/design_1_i/smartconnect_0/inst//m01_nodes/m01_w_node/S_AXIS_ARB
INFO: [Wavedata 42-564]   Found protocol instance at /tb_design_1_wrapper/dut/design_1_i/smartconnect_0/inst//m01_sc2axi/M_AXI
INFO: [Wavedata 42-564]   Found protocol instance at /tb_design_1_wrapper/dut/design_1_i/smartconnect_0/inst//m02_exit_pipeline/m02_exit/M_AXI
INFO: [Wavedata 42-564]   Found protocol instance at /tb_design_1_wrapper/dut/design_1_i/smartconnect_0/inst//m02_exit_pipeline/m02_exit/S_AXI
INFO: [Wavedata 42-564]   Found protocol instance at /tb_design_1_wrapper/dut/design_1_i/smartconnect_0/inst//m02_exit_pipeline/m_axi
INFO: [Wavedata 42-564]   Found protocol instance at /tb_design_1_wrapper/dut/design_1_i/smartconnect_0/inst//m02_exit_pipeline/s_axi
INFO: [Wavedata 42-564]   Found protocol instance at /tb_design_1_wrapper/dut/design_1_i/smartconnect_0/inst//m02_nodes/m02_aw_node/M_AXIS_ARB
INFO: [Wavedata 42-564]   Found protocol instance at /tb_design_1_wrapper/dut/design_1_i/smartconnect_0/inst//m02_nodes/m02_w_node/S_AXIS_ARB
INFO: [Wavedata 42-564]   Found protocol instance at /tb_design_1_wrapper/dut/design_1_i/smartconnect_0/inst//m02_sc2axi/M_AXI
INFO: [Wavedata 42-564]   Found protocol instance at /tb_design_1_wrapper/dut/design_1_i/smartconnect_0/inst//m03_exit_pipeline/m03_exit/M_AXI
INFO: [Wavedata 42-564]   Found protocol instance at /tb_design_1_wrapper/dut/design_1_i/smartconnect_0/inst//m03_exit_pipeline/m03_exit/S_AXI
INFO: [Wavedata 42-564]   Found protocol instance at /tb_design_1_wrapper/dut/design_1_i/smartconnect_0/inst//m03_exit_pipeline/m_axi
INFO: [Wavedata 42-564]   Found protocol instance at /tb_design_1_wrapper/dut/design_1_i/smartconnect_0/inst//m03_exit_pipeline/s_axi
INFO: [Wavedata 42-564]   Found protocol instance at /tb_design_1_wrapper/dut/design_1_i/smartconnect_0/inst//m03_nodes/m03_aw_node/M_AXIS_ARB
INFO: [Wavedata 42-564]   Found protocol instance at /tb_design_1_wrapper/dut/design_1_i/smartconnect_0/inst//m03_nodes/m03_w_node/S_AXIS_ARB
INFO: [Wavedata 42-564]   Found protocol instance at /tb_design_1_wrapper/dut/design_1_i/smartconnect_0/inst//m03_sc2axi/M_AXI
INFO: [Wavedata 42-564]   Found protocol instance at /tb_design_1_wrapper/dut/design_1_i/smartconnect_0/inst//s00_axi2sc/S_AXI
INFO: [Wavedata 42-564]   Found protocol instance at /tb_design_1_wrapper/dut/design_1_i/smartconnect_0/inst//s00_entry_pipeline/m_axi
INFO: [Wavedata 42-564]   Found protocol instance at /tb_design_1_wrapper/dut/design_1_i/smartconnect_0/inst//s00_entry_pipeline/s00_mmu/M_AXI
INFO: [Wavedata 42-564]   Found protocol instance at /tb_design_1_wrapper/dut/design_1_i/smartconnect_0/inst//s00_entry_pipeline/s00_mmu/S_AXI
INFO: [Wavedata 42-564]   Found protocol instance at /tb_design_1_wrapper/dut/design_1_i/smartconnect_0/inst//s00_entry_pipeline/s00_si_converter/M_AXI
INFO: [Wavedata 42-564]   Found protocol instance at /tb_design_1_wrapper/dut/design_1_i/smartconnect_0/inst//s00_entry_pipeline/s00_si_converter/S_AXI
INFO: [Wavedata 42-564]   Found protocol instance at /tb_design_1_wrapper/dut/design_1_i/smartconnect_0/inst//s00_entry_pipeline/s00_transaction_regulator/M_AXI
INFO: [Wavedata 42-564]   Found protocol instance at /tb_design_1_wrapper/dut/design_1_i/smartconnect_0/inst//s00_entry_pipeline/s00_transaction_regulator/S_AXI
INFO: [Wavedata 42-564]   Found protocol instance at /tb_design_1_wrapper/dut/design_1_i/smartconnect_0/inst//s00_entry_pipeline/s_axi
INFO: [Wavedata 42-564]   Found protocol instance at /tb_design_1_wrapper/dut/design_1_i/smartconnect_0/inst//s01_axi2sc/S_AXI
INFO: [Wavedata 42-564]   Found protocol instance at /tb_design_1_wrapper/dut/design_1_i/smartconnect_0/inst//s01_entry_pipeline/m_axi
INFO: [Wavedata 42-564]   Found protocol instance at /tb_design_1_wrapper/dut/design_1_i/smartconnect_0/inst//s01_entry_pipeline/s01_mmu/M_AXI
INFO: [Wavedata 42-564]   Found protocol instance at /tb_design_1_wrapper/dut/design_1_i/smartconnect_0/inst//s01_entry_pipeline/s01_mmu/S_AXI
INFO: [Wavedata 42-564]   Found protocol instance at /tb_design_1_wrapper/dut/design_1_i/smartconnect_0/inst//s01_entry_pipeline/s01_si_converter/M_AXI
INFO: [Wavedata 42-564]   Found protocol instance at /tb_design_1_wrapper/dut/design_1_i/smartconnect_0/inst//s01_entry_pipeline/s01_si_converter/S_AXI
INFO: [Wavedata 42-564]   Found protocol instance at /tb_design_1_wrapper/dut/design_1_i/smartconnect_0/inst//s01_entry_pipeline/s01_transaction_regulator/M_AXI
INFO: [Wavedata 42-564]   Found protocol instance at /tb_design_1_wrapper/dut/design_1_i/smartconnect_0/inst//s01_entry_pipeline/s01_transaction_regulator/S_AXI
INFO: [Wavedata 42-564]   Found protocol instance at /tb_design_1_wrapper/dut/design_1_i/smartconnect_0/inst//s01_entry_pipeline/s_axi
INFO: [Wavedata 42-565] Reading protoinst file protoinst_files/bd_88fd.protoinst
INFO: [Wavedata 42-564]   Found protocol instance at /tb_design_1_wrapper/dut/design_1_i/peripherals/smartconnect_1/inst//m00_exit_pipeline/m00_exit/M_AXI
INFO: [Wavedata 42-564]   Found protocol instance at /tb_design_1_wrapper/dut/design_1_i/peripherals/smartconnect_1/inst//m00_exit_pipeline/m00_exit/S_AXI
INFO: [Wavedata 42-564]   Found protocol instance at /tb_design_1_wrapper/dut/design_1_i/peripherals/smartconnect_1/inst//m00_exit_pipeline/m_axi
INFO: [Wavedata 42-564]   Found protocol instance at /tb_design_1_wrapper/dut/design_1_i/peripherals/smartconnect_1/inst//m00_exit_pipeline/s_axi
INFO: [Wavedata 42-564]   Found protocol instance at /tb_design_1_wrapper/dut/design_1_i/peripherals/smartconnect_1/inst//m00_sc2axi/M_AXI
INFO: [Wavedata 42-564]   Found protocol instance at /tb_design_1_wrapper/dut/design_1_i/peripherals/smartconnect_1/inst//m01_exit_pipeline/m01_exit/M_AXI
INFO: [Wavedata 42-564]   Found protocol instance at /tb_design_1_wrapper/dut/design_1_i/peripherals/smartconnect_1/inst//m01_exit_pipeline/m01_exit/S_AXI
INFO: [Wavedata 42-564]   Found protocol instance at /tb_design_1_wrapper/dut/design_1_i/peripherals/smartconnect_1/inst//m01_exit_pipeline/m_axi
INFO: [Wavedata 42-564]   Found protocol instance at /tb_design_1_wrapper/dut/design_1_i/peripherals/smartconnect_1/inst//m01_exit_pipeline/s_axi
INFO: [Wavedata 42-564]   Found protocol instance at /tb_design_1_wrapper/dut/design_1_i/peripherals/smartconnect_1/inst//m01_sc2axi/M_AXI
INFO: [Wavedata 42-564]   Found protocol instance at /tb_design_1_wrapper/dut/design_1_i/peripherals/smartconnect_1/inst//m02_exit_pipeline/m02_exit/M_AXI
INFO: [Wavedata 42-564]   Found protocol instance at /tb_design_1_wrapper/dut/design_1_i/peripherals/smartconnect_1/inst//m02_exit_pipeline/m02_exit/S_AXI
INFO: [Wavedata 42-564]   Found protocol instance at /tb_design_1_wrapper/dut/design_1_i/peripherals/smartconnect_1/inst//m02_exit_pipeline/m_axi
INFO: [Wavedata 42-564]   Found protocol instance at /tb_design_1_wrapper/dut/design_1_i/peripherals/smartconnect_1/inst//m02_exit_pipeline/s_axi
INFO: [Wavedata 42-564]   Found protocol instance at /tb_design_1_wrapper/dut/design_1_i/peripherals/smartconnect_1/inst//m02_sc2axi/M_AXI
INFO: [Wavedata 42-564]   Found protocol instance at /tb_design_1_wrapper/dut/design_1_i/peripherals/smartconnect_1/inst//m03_exit_pipeline/m03_exit/M_AXI
INFO: [Wavedata 42-564]   Found protocol instance at /tb_design_1_wrapper/dut/design_1_i/peripherals/smartconnect_1/inst//m03_exit_pipeline/m03_exit/S_AXI
INFO: [Wavedata 42-564]   Found protocol instance at /tb_design_1_wrapper/dut/design_1_i/peripherals/smartconnect_1/inst//m03_exit_pipeline/m_axi
INFO: [Wavedata 42-564]   Found protocol instance at /tb_design_1_wrapper/dut/design_1_i/peripherals/smartconnect_1/inst//m03_exit_pipeline/s_axi
INFO: [Wavedata 42-564]   Found protocol instance at /tb_design_1_wrapper/dut/design_1_i/peripherals/smartconnect_1/inst//m03_sc2axi/M_AXI
INFO: [Wavedata 42-564]   Found protocol instance at /tb_design_1_wrapper/dut/design_1_i/peripherals/smartconnect_1/inst//m04_exit_pipeline/m04_exit/M_AXI
INFO: [Wavedata 42-564]   Found protocol instance at /tb_design_1_wrapper/dut/design_1_i/peripherals/smartconnect_1/inst//m04_exit_pipeline/m04_exit/S_AXI
INFO: [Wavedata 42-564]   Found protocol instance at /tb_design_1_wrapper/dut/design_1_i/peripherals/smartconnect_1/inst//m04_exit_pipeline/m_axi
INFO: [Wavedata 42-564]   Found protocol instance at /tb_design_1_wrapper/dut/design_1_i/peripherals/smartconnect_1/inst//m04_exit_pipeline/s_axi
INFO: [Wavedata 42-564]   Found protocol instance at /tb_design_1_wrapper/dut/design_1_i/peripherals/smartconnect_1/inst//m04_sc2axi/M_AXI
INFO: [Wavedata 42-564]   Found protocol instance at /tb_design_1_wrapper/dut/design_1_i/peripherals/smartconnect_1/inst//s00_axi2sc/S_AXI
INFO: [Wavedata 42-564]   Found protocol instance at /tb_design_1_wrapper/dut/design_1_i/peripherals/smartconnect_1/inst//s00_entry_pipeline/m_axi
INFO: [Wavedata 42-564]   Found protocol instance at /tb_design_1_wrapper/dut/design_1_i/peripherals/smartconnect_1/inst//s00_entry_pipeline/s00_mmu/M_AXI
INFO: [Wavedata 42-564]   Found protocol instance at /tb_design_1_wrapper/dut/design_1_i/peripherals/smartconnect_1/inst//s00_entry_pipeline/s00_mmu/S_AXI
INFO: [Wavedata 42-564]   Found protocol instance at /tb_design_1_wrapper/dut/design_1_i/peripherals/smartconnect_1/inst//s00_entry_pipeline/s00_si_converter/M_AXI
INFO: [Wavedata 42-564]   Found protocol instance at /tb_design_1_wrapper/dut/design_1_i/peripherals/smartconnect_1/inst//s00_entry_pipeline/s00_si_converter/S_AXI
INFO: [Wavedata 42-564]   Found protocol instance at /tb_design_1_wrapper/dut/design_1_i/peripherals/smartconnect_1/inst//s00_entry_pipeline/s00_transaction_regulator/M_AXI
INFO: [Wavedata 42-564]   Found protocol instance at /tb_design_1_wrapper/dut/design_1_i/peripherals/smartconnect_1/inst//s00_entry_pipeline/s00_transaction_regulator/S_AXI
INFO: [Wavedata 42-564]   Found protocol instance at /tb_design_1_wrapper/dut/design_1_i/peripherals/smartconnect_1/inst//s00_entry_pipeline/s_axi
INFO: [Wavedata 42-565] Reading protoinst file protoinst_files/design_1.protoinst
INFO: [Wavedata 42-564]   Found protocol instance at /tb_design_1_wrapper/dut/design_1_i//VexRiscvMcuAxi_0/dBusAxi
INFO: [Wavedata 42-564]   Found protocol instance at /tb_design_1_wrapper/dut/design_1_i//VexRiscvMcuAxi_0/iBusAxi
INFO: [Wavedata 42-564]   Found protocol instance at /tb_design_1_wrapper/dut/design_1_i//axi_cdma_0/M_AXI
INFO: [Wavedata 42-564]   Found protocol instance at /tb_design_1_wrapper/dut/design_1_i//axi_cdma_0/S_AXI_LITE
INFO: [Wavedata 42-564]   Found protocol instance at /tb_design_1_wrapper/dut/design_1_i//axi_ram_0/s_axi
INFO: [Wavedata 42-564]   Found protocol instance at /tb_design_1_wrapper/dut/design_1_i//instr_ram/S_AXI_DATA
INFO: [Wavedata 42-564]   Found protocol instance at /tb_design_1_wrapper/dut/design_1_i//instr_ram/S_AXI_INST
INFO: [Wavedata 42-564]   Found protocol instance at /tb_design_1_wrapper/dut/design_1_i//instr_ram/axi_bram_ctrl_0/S_AXI
INFO: [Wavedata 42-564]   Found protocol instance at /tb_design_1_wrapper/dut/design_1_i//instr_ram/axi_bram_ctrl_1/S_AXI
INFO: [Wavedata 42-564]   Found protocol instance at /tb_design_1_wrapper/dut/design_1_i//peripherals/S00_AXI
INFO: [Wavedata 42-564]   Found protocol instance at /tb_design_1_wrapper/dut/design_1_i//peripherals/axi_gpio_0/S_AXI
INFO: [Wavedata 42-564]   Found protocol instance at /tb_design_1_wrapper/dut/design_1_i//peripherals/axi_uart_bootloader_1/s_axi
INFO: [Wavedata 42-564]   Found protocol instance at /tb_design_1_wrapper/dut/design_1_i//peripherals/axil_timer_64_0/S_AXI
INFO: [Wavedata 42-564]   Found protocol instance at /tb_design_1_wrapper/dut/design_1_i//peripherals/i2c_master_axil_0/s_axil
INFO: [Wavedata 42-564]   Found protocol instance at /tb_design_1_wrapper/dut/design_1_i//peripherals/plic_axil_wrapper_0/S_AXI
INFO: [Wavedata 42-564]   Found protocol instance at /tb_design_1_wrapper/dut/design_1_i//peripherals/smartconnect_1/M00_AXI
INFO: [Wavedata 42-564]   Found protocol instance at /tb_design_1_wrapper/dut/design_1_i//peripherals/smartconnect_1/M01_AXI
INFO: [Wavedata 42-564]   Found protocol instance at /tb_design_1_wrapper/dut/design_1_i//peripherals/smartconnect_1/M02_AXI
INFO: [Wavedata 42-564]   Found protocol instance at /tb_design_1_wrapper/dut/design_1_i//peripherals/smartconnect_1/M03_AXI
INFO: [Wavedata 42-564]   Found protocol instance at /tb_design_1_wrapper/dut/design_1_i//peripherals/smartconnect_1/M04_AXI
INFO: [Common 17-14] Message 'Wavedata 42-564' appears 100 times and further instances of the messages will be disabled. Use the Tcl command set_msg_config to change the current settings.
Time resolution is 1 ps
Note: ============================================================
Time: 0 ps  Iteration: 0  Process: /tb_design_1_wrapper/stimulus  File: /home/ryanb/Documents/MINA/hw/custom_ip/bootloader_tb.vhd
Note: MINA MICROCONTROLLER BOOTLOADER TEST
Time: 0 ps  Iteration: 0  Process: /tb_design_1_wrapper/stimulus  File: /home/ryanb/Documents/MINA/hw/custom_ip/bootloader_tb.vhd
Note: ============================================================
Time: 0 ps  Iteration: 0  Process: /tb_design_1_wrapper/stimulus  File: /home/ryanb/Documents/MINA/hw/custom_ip/bootloader_tb.vhd
Note: System reset released; CPU remains held in reset
Time: 200 ns  Iteration: 0  Process: /tb_design_1_wrapper/stimulus  File: /home/ryanb/Documents/MINA/hw/custom_ip/bootloader_tb.vhd
relaunch_sim: Time (s): cpu = 00:01:01 ; elapsed = 00:00:22 . Memory (MB): peak = 11198.555 ; gain = 0.000 ; free physical = 11241 ; free virtual = 17316
run 5 ms
Note: WRITE #1: address 0x00000000 <= 0x10000093
Time: 2200 ns  Iteration: 0  Process: /tb_design_1_wrapper/stimulus  File: /home/ryanb/Documents/MINA/hw/custom_ip/bootloader_tb.vhd
Failure: UART RX timeout waiting for DUT response
Time: 1130672280 ps  Iteration: 0  Process: /tb_design_1_wrapper/stimulus  File: /home/ryanb/Documents/MINA/hw/custom_ip/bootloader_tb.vhd
$finish called at time : 1130672280 ps
relaunch_sim
INFO: xsimkernel Simulation Memory Usage: 317560 KB (Peak: 364352 KB), Simulation CPU Usage: 1160 ms
Command: launch_simulation -step compile -simset bootloader_tb -mode behavioral
INFO: [Vivado 12-25911] Executing simulation for 'XSim' simulator
INFO: [Project 1-5737] Running on host ryan-21k8s14n00 (64) - EndeavourOS Linux
INFO: [Vivado 12-28535] Process started - Sun Sep  6 20:56:42 2026

INFO: [Vivado 12-12493] Simulation top is 'tb_design_1_wrapper'
INFO: [Vivado 12-5698] Checking validity of IPs in the design for the 'XSim' simulator...
INFO: [Vivado 12-5682] Launching behavioral simulation in '/home/ryanb/Documents/MINA/hw/custom_ip/MINA_proj/MINA_proj.sim/bootloader_tb/behav/xsim'
INFO: [Vivado 12-13660] Precompiled IP simulation library mode is enabled (default). The design IP libraries will be referenced from the compiled library path. Please note that if the precompiled version of the library is not found from the path or the IP is in locked state, then the library source files for these IPs will be compiled locally as part of the compile order.
INFO: [Vivado 12-4795] Using compiled simulation libraries for IPs
INFO: [SIM-utils-51] Simulation object is 'bootloader_tb'
INFO: [USF-XSim-2] XSim::Compile design
INFO: [USF-XSim-61] Executing 'COMPILE and ANALYZE' step in '/home/ryanb/Documents/MINA/hw/custom_ip/MINA_proj/MINA_proj.sim/bootloader_tb/behav/xsim'
xvlog --incr --relax -L uvm -L smartconnect_v1_0 -L axi_vip_v1_1_22 -L xilinx_vip -prj tb_design_1_wrapper_vlog.prj
INFO: [VRFC 10-2263] Analyzing SystemVerilog file "/home/ryanb/Documents/MINA/hw/custom_ip/MINA_proj/MINA_proj.ip_user_files/bd/design_1/ip/design_1_smartconnect_0_0/bd_0/ip/ip_2/sim/bd_48ac_arsw_0.sv" into library xil_defaultlib
INFO: [VRFC 10-311] analyzing module bd_48ac_arsw_0
INFO: [VRFC 10-2263] Analyzing SystemVerilog file "/home/ryanb/Documents/MINA/hw/custom_ip/MINA_proj/MINA_proj.ip_user_files/bd/design_1/ip/design_1_smartconnect_0_0/bd_0/ip/ip_3/sim/bd_48ac_rsw_0.sv" into library xil_defaultlib
INFO: [VRFC 10-311] analyzing module bd_48ac_rsw_0
INFO: [VRFC 10-2263] Analyzing SystemVerilog file "/home/ryanb/Documents/MINA/hw/custom_ip/MINA_proj/MINA_proj.ip_user_files/bd/design_1/ip/design_1_smartconnect_0_0/bd_0/ip/ip_4/sim/bd_48ac_awsw_0.sv" into library xil_defaultlib
INFO: [VRFC 10-311] analyzing module bd_48ac_awsw_0
INFO: [VRFC 10-2263] Analyzing SystemVerilog file "/home/ryanb/Documents/MINA/hw/custom_ip/MINA_proj/MINA_proj.ip_user_files/bd/design_1/ip/design_1_smartconnect_0_0/bd_0/ip/ip_5/sim/bd_48ac_wsw_0.sv" into library xil_defaultlib
INFO: [VRFC 10-311] analyzing module bd_48ac_wsw_0
INFO: [VRFC 10-2263] Analyzing SystemVerilog file "/home/ryanb/Documents/MINA/hw/custom_ip/MINA_proj/MINA_proj.ip_user_files/bd/design_1/ip/design_1_smartconnect_0_0/bd_0/ip/ip_6/sim/bd_48ac_bsw_0.sv" into library xil_defaultlib
INFO: [VRFC 10-311] analyzing module bd_48ac_bsw_0
INFO: [VRFC 10-2263] Analyzing SystemVerilog file "/home/ryanb/Documents/MINA/hw/custom_ip/MINA_proj/MINA_proj.ip_user_files/bd/design_1/ip/design_1_smartconnect_0_0/bd_0/ip/ip_7/sim/bd_48ac_s00mmu_0.sv" into library xil_defaultlib
INFO: [VRFC 10-311] analyzing module bd_48ac_s00mmu_0
INFO: [VRFC 10-2263] Analyzing SystemVerilog file "/home/ryanb/Documents/MINA/hw/custom_ip/MINA_proj/MINA_proj.ip_user_files/bd/design_1/ip/design_1_smartconnect_0_0/bd_0/ip/ip_8/sim/bd_48ac_s00tr_0.sv" into library xil_defaultlib
INFO: [VRFC 10-311] analyzing module bd_48ac_s00tr_0
INFO: [VRFC 10-2263] Analyzing SystemVerilog file "/home/ryanb/Documents/MINA/hw/custom_ip/MINA_proj/MINA_proj.ip_user_files/bd/design_1/ip/design_1_smartconnect_0_0/bd_0/ip/ip_9/sim/bd_48ac_s00sic_0.sv" into library xil_defaultlib
INFO: [VRFC 10-311] analyzing module bd_48ac_s00sic_0
INFO: [VRFC 10-2263] Analyzing SystemVerilog file "/home/ryanb/Documents/MINA/hw/custom_ip/MINA_proj/MINA_proj.ip_user_files/bd/design_1/ip/design_1_smartconnect_0_0/bd_0/ip/ip_10/sim/bd_48ac_s00a2s_0.sv" into library xil_defaultlib
INFO: [VRFC 10-311] analyzing module bd_48ac_s00a2s_0
INFO: [VRFC 10-2263] Analyzing SystemVerilog file "/home/ryanb/Documents/MINA/hw/custom_ip/MINA_proj/MINA_proj.ip_user_files/bd/design_1/ip/design_1_smartconnect_0_0/bd_0/ip/ip_11/sim/bd_48ac_sarn_0.sv" into library xil_defaultlib
INFO: [VRFC 10-311] analyzing module bd_48ac_sarn_0
INFO: [VRFC 10-2263] Analyzing SystemVerilog file "/home/ryanb/Documents/MINA/hw/custom_ip/MINA_proj/MINA_proj.ip_user_files/bd/design_1/ip/design_1_smartconnect_0_0/bd_0/ip/ip_12/sim/bd_48ac_srn_0.sv" into library xil_defaultlib
INFO: [VRFC 10-311] analyzing module bd_48ac_srn_0
INFO: [VRFC 10-2263] Analyzing SystemVerilog file "/home/ryanb/Documents/MINA/hw/custom_ip/MINA_proj/MINA_proj.ip_user_files/bd/design_1/ip/design_1_smartconnect_0_0/bd_0/ip/ip_13/sim/bd_48ac_sawn_0.sv" into library xil_defaultlib
INFO: [VRFC 10-311] analyzing module bd_48ac_sawn_0
INFO: [VRFC 10-2263] Analyzing SystemVerilog file "/home/ryanb/Documents/MINA/hw/custom_ip/MINA_proj/MINA_proj.ip_user_files/bd/design_1/ip/design_1_smartconnect_0_0/bd_0/ip/ip_14/sim/bd_48ac_swn_0.sv" into library xil_defaultlib
INFO: [VRFC 10-311] analyzing module bd_48ac_swn_0
INFO: [VRFC 10-2263] Analyzing SystemVerilog file "/home/ryanb/Documents/MINA/hw/custom_ip/MINA_proj/MINA_proj.ip_user_files/bd/design_1/ip/design_1_smartconnect_0_0/bd_0/ip/ip_15/sim/bd_48ac_sbn_0.sv" into library xil_defaultlib
INFO: [VRFC 10-311] analyzing module bd_48ac_sbn_0
INFO: [VRFC 10-2263] Analyzing SystemVerilog file "/home/ryanb/Documents/MINA/hw/custom_ip/MINA_proj/MINA_proj.ip_user_files/bd/design_1/ip/design_1_smartconnect_0_0/bd_0/ip/ip_16/sim/bd_48ac_s01mmu_0.sv" into library xil_defaultlib
INFO: [VRFC 10-311] analyzing module bd_48ac_s01mmu_0
INFO: [VRFC 10-2263] Analyzing SystemVerilog file "/home/ryanb/Documents/MINA/hw/custom_ip/MINA_proj/MINA_proj.ip_user_files/bd/design_1/ip/design_1_smartconnect_0_0/bd_0/ip/ip_17/sim/bd_48ac_s01tr_0.sv" into library xil_defaultlib
INFO: [VRFC 10-311] analyzing module bd_48ac_s01tr_0
INFO: [VRFC 10-2263] Analyzing SystemVerilog file "/home/ryanb/Documents/MINA/hw/custom_ip/MINA_proj/MINA_proj.ip_user_files/bd/design_1/ip/design_1_smartconnect_0_0/bd_0/ip/ip_18/sim/bd_48ac_s01sic_0.sv" into library xil_defaultlib
INFO: [VRFC 10-311] analyzing module bd_48ac_s01sic_0
INFO: [VRFC 10-2263] Analyzing SystemVerilog file "/home/ryanb/Documents/MINA/hw/custom_ip/MINA_proj/MINA_proj.ip_user_files/bd/design_1/ip/design_1_smartconnect_0_0/bd_0/ip/ip_19/sim/bd_48ac_s01a2s_0.sv" into library xil_defaultlib
INFO: [VRFC 10-311] analyzing module bd_48ac_s01a2s_0
INFO: [VRFC 10-2263] Analyzing SystemVerilog file "/home/ryanb/Documents/MINA/hw/custom_ip/MINA_proj/MINA_proj.ip_user_files/bd/design_1/ip/design_1_smartconnect_0_0/bd_0/ip/ip_20/sim/bd_48ac_sarn_1.sv" into library xil_defaultlib
INFO: [VRFC 10-311] analyzing module bd_48ac_sarn_1
INFO: [VRFC 10-2263] Analyzing SystemVerilog file "/home/ryanb/Documents/MINA/hw/custom_ip/MINA_proj/MINA_proj.ip_user_files/bd/design_1/ip/design_1_smartconnect_0_0/bd_0/ip/ip_21/sim/bd_48ac_srn_1.sv" into library xil_defaultlib
INFO: [VRFC 10-311] analyzing module bd_48ac_srn_1
INFO: [VRFC 10-2263] Analyzing SystemVerilog file "/home/ryanb/Documents/MINA/hw/custom_ip/MINA_proj/MINA_proj.ip_user_files/bd/design_1/ip/design_1_smartconnect_0_0/bd_0/ip/ip_22/sim/bd_48ac_sawn_1.sv" into library xil_defaultlib
INFO: [VRFC 10-311] analyzing module bd_48ac_sawn_1
INFO: [VRFC 10-2263] Analyzing SystemVerilog file "/home/ryanb/Documents/MINA/hw/custom_ip/MINA_proj/MINA_proj.ip_user_files/bd/design_1/ip/design_1_smartconnect_0_0/bd_0/ip/ip_23/sim/bd_48ac_swn_1.sv" into library xil_defaultlib
INFO: [VRFC 10-311] analyzing module bd_48ac_swn_1
INFO: [VRFC 10-2263] Analyzing SystemVerilog file "/home/ryanb/Documents/MINA/hw/custom_ip/MINA_proj/MINA_proj.ip_user_files/bd/design_1/ip/design_1_smartconnect_0_0/bd_0/ip/ip_24/sim/bd_48ac_sbn_1.sv" into library xil_defaultlib
INFO: [VRFC 10-311] analyzing module bd_48ac_sbn_1
INFO: [VRFC 10-2263] Analyzing SystemVerilog file "/home/ryanb/Documents/MINA/hw/custom_ip/MINA_proj/MINA_proj.ip_user_files/bd/design_1/ip/design_1_smartconnect_0_0/bd_0/ip/ip_25/sim/bd_48ac_m00s2a_0.sv" into library xil_defaultlib
INFO: [VRFC 10-311] analyzing module bd_48ac_m00s2a_0
INFO: [VRFC 10-2263] Analyzing SystemVerilog file "/home/ryanb/Documents/MINA/hw/custom_ip/MINA_proj/MINA_proj.ip_user_files/bd/design_1/ip/design_1_smartconnect_0_0/bd_0/ip/ip_26/sim/bd_48ac_m00arn_0.sv" into library xil_defaultlib
INFO: [VRFC 10-311] analyzing module bd_48ac_m00arn_0
INFO: [VRFC 10-2263] Analyzing SystemVerilog file "/home/ryanb/Documents/MINA/hw/custom_ip/MINA_proj/MINA_proj.ip_user_files/bd/design_1/ip/design_1_smartconnect_0_0/bd_0/ip/ip_27/sim/bd_48ac_m00rn_0.sv" into library xil_defaultlib
INFO: [VRFC 10-311] analyzing module bd_48ac_m00rn_0
INFO: [VRFC 10-2263] Analyzing SystemVerilog file "/home/ryanb/Documents/MINA/hw/custom_ip/MINA_proj/MINA_proj.ip_user_files/bd/design_1/ip/design_1_smartconnect_0_0/bd_0/ip/ip_28/sim/bd_48ac_m00awn_0.sv" into library xil_defaultlib
INFO: [VRFC 10-311] analyzing module bd_48ac_m00awn_0
INFO: [VRFC 10-2263] Analyzing SystemVerilog file "/home/ryanb/Documents/MINA/hw/custom_ip/MINA_proj/MINA_proj.ip_user_files/bd/design_1/ip/design_1_smartconnect_0_0/bd_0/ip/ip_29/sim/bd_48ac_m00wn_0.sv" into library xil_defaultlib
INFO: [VRFC 10-311] analyzing module bd_48ac_m00wn_0
INFO: [VRFC 10-2263] Analyzing SystemVerilog file "/home/ryanb/Documents/MINA/hw/custom_ip/MINA_proj/MINA_proj.ip_user_files/bd/design_1/ip/design_1_smartconnect_0_0/bd_0/ip/ip_30/sim/bd_48ac_m00bn_0.sv" into library xil_defaultlib
INFO: [VRFC 10-311] analyzing module bd_48ac_m00bn_0
INFO: [VRFC 10-2263] Analyzing SystemVerilog file "/home/ryanb/Documents/MINA/hw/custom_ip/MINA_proj/MINA_proj.ip_user_files/bd/design_1/ip/design_1_smartconnect_0_0/bd_0/ip/ip_31/sim/bd_48ac_m00e_0.sv" into library xil_defaultlib
INFO: [VRFC 10-311] analyzing module bd_48ac_m00e_0
INFO: [VRFC 10-2263] Analyzing SystemVerilog file "/home/ryanb/Documents/MINA/hw/custom_ip/MINA_proj/MINA_proj.ip_user_files/bd/design_1/ip/design_1_smartconnect_0_0/bd_0/ip/ip_32/sim/bd_48ac_m01s2a_0.sv" into library xil_defaultlib
INFO: [VRFC 10-311] analyzing module bd_48ac_m01s2a_0
INFO: [VRFC 10-2263] Analyzing SystemVerilog file "/home/ryanb/Documents/MINA/hw/custom_ip/MINA_proj/MINA_proj.ip_user_files/bd/design_1/ip/design_1_smartconnect_0_0/bd_0/ip/ip_33/sim/bd_48ac_m01arn_0.sv" into library xil_defaultlib
INFO: [VRFC 10-311] analyzing module bd_48ac_m01arn_0
INFO: [VRFC 10-2263] Analyzing SystemVerilog file "/home/ryanb/Documents/MINA/hw/custom_ip/MINA_proj/MINA_proj.ip_user_files/bd/design_1/ip/design_1_smartconnect_0_0/bd_0/ip/ip_34/sim/bd_48ac_m01rn_0.sv" into library xil_defaultlib
INFO: [VRFC 10-311] analyzing module bd_48ac_m01rn_0
INFO: [VRFC 10-2263] Analyzing SystemVerilog file "/home/ryanb/Documents/MINA/hw/custom_ip/MINA_proj/MINA_proj.ip_user_files/bd/design_1/ip/design_1_smartconnect_0_0/bd_0/ip/ip_35/sim/bd_48ac_m01awn_0.sv" into library xil_defaultlib
INFO: [VRFC 10-311] analyzing module bd_48ac_m01awn_0
INFO: [VRFC 10-2263] Analyzing SystemVerilog file "/home/ryanb/Documents/MINA/hw/custom_ip/MINA_proj/MINA_proj.ip_user_files/bd/design_1/ip/design_1_smartconnect_0_0/bd_0/ip/ip_36/sim/bd_48ac_m01wn_0.sv" into library xil_defaultlib
INFO: [VRFC 10-311] analyzing module bd_48ac_m01wn_0
INFO: [VRFC 10-2263] Analyzing SystemVerilog file "/home/ryanb/Documents/MINA/hw/custom_ip/MINA_proj/MINA_proj.ip_user_files/bd/design_1/ip/design_1_smartconnect_0_0/bd_0/ip/ip_37/sim/bd_48ac_m01bn_0.sv" into library xil_defaultlib
INFO: [VRFC 10-311] analyzing module bd_48ac_m01bn_0
INFO: [VRFC 10-2263] Analyzing SystemVerilog file "/home/ryanb/Documents/MINA/hw/custom_ip/MINA_proj/MINA_proj.ip_user_files/bd/design_1/ip/design_1_smartconnect_0_0/bd_0/ip/ip_38/sim/bd_48ac_m01e_0.sv" into library xil_defaultlib
INFO: [VRFC 10-311] analyzing module bd_48ac_m01e_0
INFO: [VRFC 10-2263] Analyzing SystemVerilog file "/home/ryanb/Documents/MINA/hw/custom_ip/MINA_proj/MINA_proj.ip_user_files/bd/design_1/ip/design_1_smartconnect_0_0/bd_0/ip/ip_39/sim/bd_48ac_m02s2a_0.sv" into library xil_defaultlib
INFO: [VRFC 10-311] analyzing module bd_48ac_m02s2a_0
INFO: [VRFC 10-2263] Analyzing SystemVerilog file "/home/ryanb/Documents/MINA/hw/custom_ip/MINA_proj/MINA_proj.ip_user_files/bd/design_1/ip/design_1_smartconnect_0_0/bd_0/ip/ip_40/sim/bd_48ac_m02arn_0.sv" into library xil_defaultlib
INFO: [VRFC 10-311] analyzing module bd_48ac_m02arn_0
INFO: [VRFC 10-2263] Analyzing SystemVerilog file "/home/ryanb/Documents/MINA/hw/custom_ip/MINA_proj/MINA_proj.ip_user_files/bd/design_1/ip/design_1_smartconnect_0_0/bd_0/ip/ip_41/sim/bd_48ac_m02rn_0.sv" into library xil_defaultlib
INFO: [VRFC 10-311] analyzing module bd_48ac_m02rn_0
INFO: [VRFC 10-2263] Analyzing SystemVerilog file "/home/ryanb/Documents/MINA/hw/custom_ip/MINA_proj/MINA_proj.ip_user_files/bd/design_1/ip/design_1_smartconnect_0_0/bd_0/ip/ip_42/sim/bd_48ac_m02awn_0.sv" into library xil_defaultlib
INFO: [VRFC 10-311] analyzing module bd_48ac_m02awn_0
INFO: [VRFC 10-2263] Analyzing SystemVerilog file "/home/ryanb/Documents/MINA/hw/custom_ip/MINA_proj/MINA_proj.ip_user_files/bd/design_1/ip/design_1_smartconnect_0_0/bd_0/ip/ip_43/sim/bd_48ac_m02wn_0.sv" into library xil_defaultlib
INFO: [VRFC 10-311] analyzing module bd_48ac_m02wn_0
INFO: [VRFC 10-2263] Analyzing SystemVerilog file "/home/ryanb/Documents/MINA/hw/custom_ip/MINA_proj/MINA_proj.ip_user_files/bd/design_1/ip/design_1_smartconnect_0_0/bd_0/ip/ip_44/sim/bd_48ac_m02bn_0.sv" into library xil_defaultlib
INFO: [VRFC 10-311] analyzing module bd_48ac_m02bn_0
INFO: [VRFC 10-2263] Analyzing SystemVerilog file "/home/ryanb/Documents/MINA/hw/custom_ip/MINA_proj/MINA_proj.ip_user_files/bd/design_1/ip/design_1_smartconnect_0_0/bd_0/ip/ip_45/sim/bd_48ac_m02e_0.sv" into library xil_defaultlib
INFO: [VRFC 10-311] analyzing module bd_48ac_m02e_0
INFO: [VRFC 10-2263] Analyzing SystemVerilog file "/home/ryanb/Documents/MINA/hw/custom_ip/MINA_proj/MINA_proj.ip_user_files/bd/design_1/ip/design_1_smartconnect_0_0/bd_0/ip/ip_46/sim/bd_48ac_m03s2a_0.sv" into library xil_defaultlib
INFO: [VRFC 10-311] analyzing module bd_48ac_m03s2a_0
INFO: [VRFC 10-2263] Analyzing SystemVerilog file "/home/ryanb/Documents/MINA/hw/custom_ip/MINA_proj/MINA_proj.ip_user_files/bd/design_1/ip/design_1_smartconnect_0_0/bd_0/ip/ip_47/sim/bd_48ac_m03arn_0.sv" into library xil_defaultlib
INFO: [VRFC 10-311] analyzing module bd_48ac_m03arn_0
INFO: [VRFC 10-2263] Analyzing SystemVerilog file "/home/ryanb/Documents/MINA/hw/custom_ip/MINA_proj/MINA_proj.ip_user_files/bd/design_1/ip/design_1_smartconnect_0_0/bd_0/ip/ip_48/sim/bd_48ac_m03rn_0.sv" into library xil_defaultlib
INFO: [VRFC 10-311] analyzing module bd_48ac_m03rn_0
INFO: [VRFC 10-2263] Analyzing SystemVerilog file "/home/ryanb/Documents/MINA/hw/custom_ip/MINA_proj/MINA_proj.ip_user_files/bd/design_1/ip/design_1_smartconnect_0_0/bd_0/ip/ip_49/sim/bd_48ac_m03awn_0.sv" into library xil_defaultlib
INFO: [VRFC 10-311] analyzing module bd_48ac_m03awn_0
INFO: [VRFC 10-2263] Analyzing SystemVerilog file "/home/ryanb/Documents/MINA/hw/custom_ip/MINA_proj/MINA_proj.ip_user_files/bd/design_1/ip/design_1_smartconnect_0_0/bd_0/ip/ip_50/sim/bd_48ac_m03wn_0.sv" into library xil_defaultlib
INFO: [VRFC 10-311] analyzing module bd_48ac_m03wn_0
INFO: [VRFC 10-2263] Analyzing SystemVerilog file "/home/ryanb/Documents/MINA/hw/custom_ip/MINA_proj/MINA_proj.ip_user_files/bd/design_1/ip/design_1_smartconnect_0_0/bd_0/ip/ip_51/sim/bd_48ac_m03bn_0.sv" into library xil_defaultlib
INFO: [VRFC 10-311] analyzing module bd_48ac_m03bn_0
INFO: [VRFC 10-2263] Analyzing SystemVerilog file "/home/ryanb/Documents/MINA/hw/custom_ip/MINA_proj/MINA_proj.ip_user_files/bd/design_1/ip/design_1_smartconnect_0_0/bd_0/ip/ip_52/sim/bd_48ac_m03e_0.sv" into library xil_defaultlib
INFO: [VRFC 10-311] analyzing module bd_48ac_m03e_0
INFO: [VRFC 10-2263] Analyzing SystemVerilog file "/home/ryanb/Documents/MINA/hw/custom_ip/MINA_proj/MINA_proj.ip_user_files/bd/design_1/ip/design_1_smartconnect_0_0/sim/design_1_smartconnect_0_0.sv" into library xil_defaultlib
INFO: [VRFC 10-311] analyzing module design_1_smartconnect_0_0
INFO: [VRFC 10-2263] Analyzing SystemVerilog file "/home/ryanb/Documents/MINA/hw/custom_ip/MINA_proj/MINA_proj.ip_user_files/bd/design_1/ip/design_1_smartconnect_1_0/bd_0/ip/ip_2/sim/bd_88fd_arinsw_0.sv" into library xil_defaultlib
INFO: [VRFC 10-311] analyzing module bd_88fd_arinsw_0
INFO: [VRFC 10-2263] Analyzing SystemVerilog file "/home/ryanb/Documents/MINA/hw/custom_ip/MINA_proj/MINA_proj.ip_user_files/bd/design_1/ip/design_1_smartconnect_1_0/bd_0/ip/ip_3/sim/bd_88fd_rinsw_0.sv" into library xil_defaultlib
INFO: [VRFC 10-311] analyzing module bd_88fd_rinsw_0
INFO: [VRFC 10-2263] Analyzing SystemVerilog file "/home/ryanb/Documents/MINA/hw/custom_ip/MINA_proj/MINA_proj.ip_user_files/bd/design_1/ip/design_1_smartconnect_1_0/bd_0/ip/ip_4/sim/bd_88fd_awinsw_0.sv" into library xil_defaultlib
INFO: [VRFC 10-311] analyzing module bd_88fd_awinsw_0
INFO: [VRFC 10-2263] Analyzing SystemVerilog file "/home/ryanb/Documents/MINA/hw/custom_ip/MINA_proj/MINA_proj.ip_user_files/bd/design_1/ip/design_1_smartconnect_1_0/bd_0/ip/ip_5/sim/bd_88fd_winsw_0.sv" into library xil_defaultlib
INFO: [VRFC 10-311] analyzing module bd_88fd_winsw_0
INFO: [VRFC 10-2263] Analyzing SystemVerilog file "/home/ryanb/Documents/MINA/hw/custom_ip/MINA_proj/MINA_proj.ip_user_files/bd/design_1/ip/design_1_smartconnect_1_0/bd_0/ip/ip_6/sim/bd_88fd_binsw_0.sv" into library xil_defaultlib
INFO: [VRFC 10-311] analyzing module bd_88fd_binsw_0
INFO: [VRFC 10-2263] Analyzing SystemVerilog file "/home/ryanb/Documents/MINA/hw/custom_ip/MINA_proj/MINA_proj.ip_user_files/bd/design_1/ip/design_1_smartconnect_1_0/bd_0/ip/ip_7/sim/bd_88fd_aroutsw_0.sv" into library xil_defaultlib
INFO: [VRFC 10-311] analyzing module bd_88fd_aroutsw_0
INFO: [VRFC 10-2263] Analyzing SystemVerilog file "/home/ryanb/Documents/MINA/hw/custom_ip/MINA_proj/MINA_proj.ip_user_files/bd/design_1/ip/design_1_smartconnect_1_0/bd_0/ip/ip_8/sim/bd_88fd_routsw_0.sv" into library xil_defaultlib
INFO: [VRFC 10-311] analyzing module bd_88fd_routsw_0
INFO: [VRFC 10-2263] Analyzing SystemVerilog file "/home/ryanb/Documents/MINA/hw/custom_ip/MINA_proj/MINA_proj.ip_user_files/bd/design_1/ip/design_1_smartconnect_1_0/bd_0/ip/ip_9/sim/bd_88fd_awoutsw_0.sv" into library xil_defaultlib
INFO: [VRFC 10-311] analyzing module bd_88fd_awoutsw_0
INFO: [VRFC 10-2263] Analyzing SystemVerilog file "/home/ryanb/Documents/MINA/hw/custom_ip/MINA_proj/MINA_proj.ip_user_files/bd/design_1/ip/design_1_smartconnect_1_0/bd_0/ip/ip_10/sim/bd_88fd_woutsw_0.sv" into library xil_defaultlib
INFO: [VRFC 10-311] analyzing module bd_88fd_woutsw_0
INFO: [VRFC 10-2263] Analyzing SystemVerilog file "/home/ryanb/Documents/MINA/hw/custom_ip/MINA_proj/MINA_proj.ip_user_files/bd/design_1/ip/design_1_smartconnect_1_0/bd_0/ip/ip_11/sim/bd_88fd_boutsw_0.sv" into library xil_defaultlib
INFO: [VRFC 10-311] analyzing module bd_88fd_boutsw_0
INFO: [VRFC 10-2263] Analyzing SystemVerilog file "/home/ryanb/Documents/MINA/hw/custom_ip/MINA_proj/MINA_proj.ip_user_files/bd/design_1/ip/design_1_smartconnect_1_0/bd_0/ip/ip_12/sim/bd_88fd_arni_0.sv" into library xil_defaultlib
INFO: [VRFC 10-311] analyzing module bd_88fd_arni_0
INFO: [VRFC 10-2263] Analyzing SystemVerilog file "/home/ryanb/Documents/MINA/hw/custom_ip/MINA_proj/MINA_proj.ip_user_files/bd/design_1/ip/design_1_smartconnect_1_0/bd_0/ip/ip_13/sim/bd_88fd_rni_0.sv" into library xil_defaultlib
INFO: [VRFC 10-311] analyzing module bd_88fd_rni_0
INFO: [VRFC 10-2263] Analyzing SystemVerilog file "/home/ryanb/Documents/MINA/hw/custom_ip/MINA_proj/MINA_proj.ip_user_files/bd/design_1/ip/design_1_smartconnect_1_0/bd_0/ip/ip_14/sim/bd_88fd_awni_0.sv" into library xil_defaultlib
INFO: [VRFC 10-311] analyzing module bd_88fd_awni_0
INFO: [VRFC 10-2263] Analyzing SystemVerilog file "/home/ryanb/Documents/MINA/hw/custom_ip/MINA_proj/MINA_proj.ip_user_files/bd/design_1/ip/design_1_smartconnect_1_0/bd_0/ip/ip_15/sim/bd_88fd_wni_0.sv" into library xil_defaultlib
INFO: [VRFC 10-311] analyzing module bd_88fd_wni_0
INFO: [VRFC 10-2263] Analyzing SystemVerilog file "/home/ryanb/Documents/MINA/hw/custom_ip/MINA_proj/MINA_proj.ip_user_files/bd/design_1/ip/design_1_smartconnect_1_0/bd_0/ip/ip_16/sim/bd_88fd_bni_0.sv" into library xil_defaultlib
INFO: [VRFC 10-311] analyzing module bd_88fd_bni_0
INFO: [VRFC 10-2263] Analyzing SystemVerilog file "/home/ryanb/Documents/MINA/hw/custom_ip/MINA_proj/MINA_proj.ip_user_files/bd/design_1/ip/design_1_smartconnect_1_0/bd_0/ip/ip_17/sim/bd_88fd_s00mmu_0.sv" into library xil_defaultlib
INFO: [VRFC 10-311] analyzing module bd_88fd_s00mmu_0
INFO: [VRFC 10-2263] Analyzing SystemVerilog file "/home/ryanb/Documents/MINA/hw/custom_ip/MINA_proj/MINA_proj.ip_user_files/bd/design_1/ip/design_1_smartconnect_1_0/bd_0/ip/ip_18/sim/bd_88fd_s00tr_0.sv" into library xil_defaultlib
INFO: [VRFC 10-311] analyzing module bd_88fd_s00tr_0
INFO: [VRFC 10-2263] Analyzing SystemVerilog file "/home/ryanb/Documents/MINA/hw/custom_ip/MINA_proj/MINA_proj.ip_user_files/bd/design_1/ip/design_1_smartconnect_1_0/bd_0/ip/ip_19/sim/bd_88fd_s00sic_0.sv" into library xil_defaultlib
INFO: [VRFC 10-311] analyzing module bd_88fd_s00sic_0
INFO: [VRFC 10-2263] Analyzing SystemVerilog file "/home/ryanb/Documents/MINA/hw/custom_ip/MINA_proj/MINA_proj.ip_user_files/bd/design_1/ip/design_1_smartconnect_1_0/bd_0/ip/ip_20/sim/bd_88fd_s00a2s_0.sv" into library xil_defaultlib
INFO: [VRFC 10-311] analyzing module bd_88fd_s00a2s_0
INFO: [VRFC 10-2263] Analyzing SystemVerilog file "/home/ryanb/Documents/MINA/hw/custom_ip/MINA_proj/MINA_proj.ip_user_files/bd/design_1/ip/design_1_smartconnect_1_0/bd_0/ip/ip_21/sim/bd_88fd_sarn_0.sv" into library xil_defaultlib
INFO: [VRFC 10-311] analyzing module bd_88fd_sarn_0
INFO: [VRFC 10-2263] Analyzing SystemVerilog file "/home/ryanb/Documents/MINA/hw/custom_ip/MINA_proj/MINA_proj.ip_user_files/bd/design_1/ip/design_1_smartconnect_1_0/bd_0/ip/ip_22/sim/bd_88fd_srn_0.sv" into library xil_defaultlib
INFO: [VRFC 10-311] analyzing module bd_88fd_srn_0
INFO: [VRFC 10-2263] Analyzing SystemVerilog file "/home/ryanb/Documents/MINA/hw/custom_ip/MINA_proj/MINA_proj.ip_user_files/bd/design_1/ip/design_1_smartconnect_1_0/bd_0/ip/ip_23/sim/bd_88fd_sawn_0.sv" into library xil_defaultlib
INFO: [VRFC 10-311] analyzing module bd_88fd_sawn_0
INFO: [VRFC 10-2263] Analyzing SystemVerilog file "/home/ryanb/Documents/MINA/hw/custom_ip/MINA_proj/MINA_proj.ip_user_files/bd/design_1/ip/design_1_smartconnect_1_0/bd_0/ip/ip_24/sim/bd_88fd_swn_0.sv" into library xil_defaultlib
INFO: [VRFC 10-311] analyzing module bd_88fd_swn_0
INFO: [VRFC 10-2263] Analyzing SystemVerilog file "/home/ryanb/Documents/MINA/hw/custom_ip/MINA_proj/MINA_proj.ip_user_files/bd/design_1/ip/design_1_smartconnect_1_0/bd_0/ip/ip_25/sim/bd_88fd_sbn_0.sv" into library xil_defaultlib
INFO: [VRFC 10-311] analyzing module bd_88fd_sbn_0
INFO: [VRFC 10-2263] Analyzing SystemVerilog file "/home/ryanb/Documents/MINA/hw/custom_ip/MINA_proj/MINA_proj.ip_user_files/bd/design_1/ip/design_1_smartconnect_1_0/bd_0/ip/ip_26/sim/bd_88fd_m00s2a_0.sv" into library xil_defaultlib
INFO: [VRFC 10-311] analyzing module bd_88fd_m00s2a_0
INFO: [VRFC 10-2263] Analyzing SystemVerilog file "/home/ryanb/Documents/MINA/hw/custom_ip/MINA_proj/MINA_proj.ip_user_files/bd/design_1/ip/design_1_smartconnect_1_0/bd_0/ip/ip_27/sim/bd_88fd_m00arn_0.sv" into library xil_defaultlib
INFO: [VRFC 10-311] analyzing module bd_88fd_m00arn_0
INFO: [VRFC 10-2263] Analyzing SystemVerilog file "/home/ryanb/Documents/MINA/hw/custom_ip/MINA_proj/MINA_proj.ip_user_files/bd/design_1/ip/design_1_smartconnect_1_0/bd_0/ip/ip_28/sim/bd_88fd_m00rn_0.sv" into library xil_defaultlib
INFO: [VRFC 10-311] analyzing module bd_88fd_m00rn_0
INFO: [VRFC 10-2263] Analyzing SystemVerilog file "/home/ryanb/Documents/MINA/hw/custom_ip/MINA_proj/MINA_proj.ip_user_files/bd/design_1/ip/design_1_smartconnect_1_0/bd_0/ip/ip_29/sim/bd_88fd_m00awn_0.sv" into library xil_defaultlib
INFO: [VRFC 10-311] analyzing module bd_88fd_m00awn_0
INFO: [VRFC 10-2263] Analyzing SystemVerilog file "/home/ryanb/Documents/MINA/hw/custom_ip/MINA_proj/MINA_proj.ip_user_files/bd/design_1/ip/design_1_smartconnect_1_0/bd_0/ip/ip_30/sim/bd_88fd_m00wn_0.sv" into library xil_defaultlib
INFO: [VRFC 10-311] analyzing module bd_88fd_m00wn_0
INFO: [VRFC 10-2263] Analyzing SystemVerilog file "/home/ryanb/Documents/MINA/hw/custom_ip/MINA_proj/MINA_proj.ip_user_files/bd/design_1/ip/design_1_smartconnect_1_0/bd_0/ip/ip_31/sim/bd_88fd_m00bn_0.sv" into library xil_defaultlib
INFO: [VRFC 10-311] analyzing module bd_88fd_m00bn_0
INFO: [VRFC 10-2263] Analyzing SystemVerilog file "/home/ryanb/Documents/MINA/hw/custom_ip/MINA_proj/MINA_proj.ip_user_files/bd/design_1/ip/design_1_smartconnect_1_0/bd_0/ip/ip_32/sim/bd_88fd_m00e_0.sv" into library xil_defaultlib
INFO: [VRFC 10-311] analyzing module bd_88fd_m00e_0
INFO: [VRFC 10-2263] Analyzing SystemVerilog file "/home/ryanb/Documents/MINA/hw/custom_ip/MINA_proj/MINA_proj.ip_user_files/bd/design_1/ip/design_1_smartconnect_1_0/bd_0/ip/ip_33/sim/bd_88fd_m01s2a_0.sv" into library xil_defaultlib
INFO: [VRFC 10-311] analyzing module bd_88fd_m01s2a_0
INFO: [VRFC 10-2263] Analyzing SystemVerilog file "/home/ryanb/Documents/MINA/hw/custom_ip/MINA_proj/MINA_proj.ip_user_files/bd/design_1/ip/design_1_smartconnect_1_0/bd_0/ip/ip_34/sim/bd_88fd_m01arn_0.sv" into library xil_defaultlib
INFO: [VRFC 10-311] analyzing module bd_88fd_m01arn_0
INFO: [VRFC 10-2263] Analyzing SystemVerilog file "/home/ryanb/Documents/MINA/hw/custom_ip/MINA_proj/MINA_proj.ip_user_files/bd/design_1/ip/design_1_smartconnect_1_0/bd_0/ip/ip_35/sim/bd_88fd_m01rn_0.sv" into library xil_defaultlib
INFO: [VRFC 10-311] analyzing module bd_88fd_m01rn_0
INFO: [VRFC 10-2263] Analyzing SystemVerilog file "/home/ryanb/Documents/MINA/hw/custom_ip/MINA_proj/MINA_proj.ip_user_files/bd/design_1/ip/design_1_smartconnect_1_0/bd_0/ip/ip_36/sim/bd_88fd_m01awn_0.sv" into library xil_defaultlib
INFO: [VRFC 10-311] analyzing module bd_88fd_m01awn_0
INFO: [VRFC 10-2263] Analyzing SystemVerilog file "/home/ryanb/Documents/MINA/hw/custom_ip/MINA_proj/MINA_proj.ip_user_files/bd/design_1/ip/design_1_smartconnect_1_0/bd_0/ip/ip_37/sim/bd_88fd_m01wn_0.sv" into library xil_defaultlib
INFO: [VRFC 10-311] analyzing module bd_88fd_m01wn_0
INFO: [VRFC 10-2263] Analyzing SystemVerilog file "/home/ryanb/Documents/MINA/hw/custom_ip/MINA_proj/MINA_proj.ip_user_files/bd/design_1/ip/design_1_smartconnect_1_0/bd_0/ip/ip_38/sim/bd_88fd_m01bn_0.sv" into library xil_defaultlib
INFO: [VRFC 10-311] analyzing module bd_88fd_m01bn_0
INFO: [VRFC 10-2263] Analyzing SystemVerilog file "/home/ryanb/Documents/MINA/hw/custom_ip/MINA_proj/MINA_proj.ip_user_files/bd/design_1/ip/design_1_smartconnect_1_0/bd_0/ip/ip_39/sim/bd_88fd_m01e_0.sv" into library xil_defaultlib
INFO: [VRFC 10-311] analyzing module bd_88fd_m01e_0
INFO: [VRFC 10-2263] Analyzing SystemVerilog file "/home/ryanb/Documents/MINA/hw/custom_ip/MINA_proj/MINA_proj.ip_user_files/bd/design_1/ip/design_1_smartconnect_1_0/bd_0/ip/ip_40/sim/bd_88fd_m02s2a_0.sv" into library xil_defaultlib
INFO: [VRFC 10-311] analyzing module bd_88fd_m02s2a_0
INFO: [VRFC 10-2263] Analyzing SystemVerilog file "/home/ryanb/Documents/MINA/hw/custom_ip/MINA_proj/MINA_proj.ip_user_files/bd/design_1/ip/design_1_smartconnect_1_0/bd_0/ip/ip_41/sim/bd_88fd_m02arn_0.sv" into library xil_defaultlib
INFO: [VRFC 10-311] analyzing module bd_88fd_m02arn_0
INFO: [VRFC 10-2263] Analyzing SystemVerilog file "/home/ryanb/Documents/MINA/hw/custom_ip/MINA_proj/MINA_proj.ip_user_files/bd/design_1/ip/design_1_smartconnect_1_0/bd_0/ip/ip_42/sim/bd_88fd_m02rn_0.sv" into library xil_defaultlib
INFO: [VRFC 10-311] analyzing module bd_88fd_m02rn_0
INFO: [VRFC 10-2263] Analyzing SystemVerilog file "/home/ryanb/Documents/MINA/hw/custom_ip/MINA_proj/MINA_proj.ip_user_files/bd/design_1/ip/design_1_smartconnect_1_0/bd_0/ip/ip_43/sim/bd_88fd_m02awn_0.sv" into library xil_defaultlib
INFO: [VRFC 10-311] analyzing module bd_88fd_m02awn_0
INFO: [VRFC 10-2263] Analyzing SystemVerilog file "/home/ryanb/Documents/MINA/hw/custom_ip/MINA_proj/MINA_proj.ip_user_files/bd/design_1/ip/design_1_smartconnect_1_0/bd_0/ip/ip_44/sim/bd_88fd_m02wn_0.sv" into library xil_defaultlib
INFO: [VRFC 10-311] analyzing module bd_88fd_m02wn_0
INFO: [VRFC 10-2263] Analyzing SystemVerilog file "/home/ryanb/Documents/MINA/hw/custom_ip/MINA_proj/MINA_proj.ip_user_files/bd/design_1/ip/design_1_smartconnect_1_0/bd_0/ip/ip_45/sim/bd_88fd_m02bn_0.sv" into library xil_defaultlib
INFO: [VRFC 10-311] analyzing module bd_88fd_m02bn_0
INFO: [VRFC 10-2263] Analyzing SystemVerilog file "/home/ryanb/Documents/MINA/hw/custom_ip/MINA_proj/MINA_proj.ip_user_files/bd/design_1/ip/design_1_smartconnect_1_0/bd_0/ip/ip_46/sim/bd_88fd_m02e_0.sv" into library xil_defaultlib
INFO: [VRFC 10-311] analyzing module bd_88fd_m02e_0
INFO: [VRFC 10-2263] Analyzing SystemVerilog file "/home/ryanb/Documents/MINA/hw/custom_ip/MINA_proj/MINA_proj.ip_user_files/bd/design_1/ip/design_1_smartconnect_1_0/bd_0/ip/ip_47/sim/bd_88fd_m03s2a_0.sv" into library xil_defaultlib
INFO: [VRFC 10-311] analyzing module bd_88fd_m03s2a_0
INFO: [VRFC 10-2263] Analyzing SystemVerilog file "/home/ryanb/Documents/MINA/hw/custom_ip/MINA_proj/MINA_proj.ip_user_files/bd/design_1/ip/design_1_smartconnect_1_0/bd_0/ip/ip_48/sim/bd_88fd_m03arn_0.sv" into library xil_defaultlib
INFO: [VRFC 10-311] analyzing module bd_88fd_m03arn_0
INFO: [VRFC 10-2263] Analyzing SystemVerilog file "/home/ryanb/Documents/MINA/hw/custom_ip/MINA_proj/MINA_proj.ip_user_files/bd/design_1/ip/design_1_smartconnect_1_0/bd_0/ip/ip_49/sim/bd_88fd_m03rn_0.sv" into library xil_defaultlib
INFO: [VRFC 10-311] analyzing module bd_88fd_m03rn_0
INFO: [VRFC 10-2263] Analyzing SystemVerilog file "/home/ryanb/Documents/MINA/hw/custom_ip/MINA_proj/MINA_proj.ip_user_files/bd/design_1/ip/design_1_smartconnect_1_0/bd_0/ip/ip_50/sim/bd_88fd_m03awn_0.sv" into library xil_defaultlib
INFO: [VRFC 10-311] analyzing module bd_88fd_m03awn_0
INFO: [VRFC 10-2263] Analyzing SystemVerilog file "/home/ryanb/Documents/MINA/hw/custom_ip/MINA_proj/MINA_proj.ip_user_files/bd/design_1/ip/design_1_smartconnect_1_0/bd_0/ip/ip_51/sim/bd_88fd_m03wn_0.sv" into library xil_defaultlib
INFO: [VRFC 10-311] analyzing module bd_88fd_m03wn_0
INFO: [VRFC 10-2263] Analyzing SystemVerilog file "/home/ryanb/Documents/MINA/hw/custom_ip/MINA_proj/MINA_proj.ip_user_files/bd/design_1/ip/design_1_smartconnect_1_0/bd_0/ip/ip_52/sim/bd_88fd_m03bn_0.sv" into library xil_defaultlib
INFO: [VRFC 10-311] analyzing module bd_88fd_m03bn_0
INFO: [VRFC 10-2263] Analyzing SystemVerilog file "/home/ryanb/Documents/MINA/hw/custom_ip/MINA_proj/MINA_proj.ip_user_files/bd/design_1/ip/design_1_smartconnect_1_0/bd_0/ip/ip_53/sim/bd_88fd_m03e_0.sv" into library xil_defaultlib
INFO: [VRFC 10-311] analyzing module bd_88fd_m03e_0
INFO: [VRFC 10-2263] Analyzing SystemVerilog file "/home/ryanb/Documents/MINA/hw/custom_ip/MINA_proj/MINA_proj.ip_user_files/bd/design_1/ip/design_1_smartconnect_1_0/bd_0/ip/ip_54/sim/bd_88fd_m04s2a_0.sv" into library xil_defaultlib
INFO: [VRFC 10-311] analyzing module bd_88fd_m04s2a_0
INFO: [VRFC 10-2263] Analyzing SystemVerilog file "/home/ryanb/Documents/MINA/hw/custom_ip/MINA_proj/MINA_proj.ip_user_files/bd/design_1/ip/design_1_smartconnect_1_0/bd_0/ip/ip_55/sim/bd_88fd_m04arn_0.sv" into library xil_defaultlib
INFO: [VRFC 10-311] analyzing module bd_88fd_m04arn_0
INFO: [VRFC 10-2263] Analyzing SystemVerilog file "/home/ryanb/Documents/MINA/hw/custom_ip/MINA_proj/MINA_proj.ip_user_files/bd/design_1/ip/design_1_smartconnect_1_0/bd_0/ip/ip_56/sim/bd_88fd_m04rn_0.sv" into library xil_defaultlib
INFO: [VRFC 10-311] analyzing module bd_88fd_m04rn_0
INFO: [VRFC 10-2263] Analyzing SystemVerilog file "/home/ryanb/Documents/MINA/hw/custom_ip/MINA_proj/MINA_proj.ip_user_files/bd/design_1/ip/design_1_smartconnect_1_0/bd_0/ip/ip_57/sim/bd_88fd_m04awn_0.sv" into library xil_defaultlib
INFO: [VRFC 10-311] analyzing module bd_88fd_m04awn_0
INFO: [VRFC 10-2263] Analyzing SystemVerilog file "/home/ryanb/Documents/MINA/hw/custom_ip/MINA_proj/MINA_proj.ip_user_files/bd/design_1/ip/design_1_smartconnect_1_0/bd_0/ip/ip_58/sim/bd_88fd_m04wn_0.sv" into library xil_defaultlib
INFO: [VRFC 10-311] analyzing module bd_88fd_m04wn_0
INFO: [VRFC 10-2263] Analyzing SystemVerilog file "/home/ryanb/Documents/MINA/hw/custom_ip/MINA_proj/MINA_proj.ip_user_files/bd/design_1/ip/design_1_smartconnect_1_0/bd_0/ip/ip_59/sim/bd_88fd_m04bn_0.sv" into library xil_defaultlib
INFO: [VRFC 10-311] analyzing module bd_88fd_m04bn_0
INFO: [VRFC 10-2263] Analyzing SystemVerilog file "/home/ryanb/Documents/MINA/hw/custom_ip/MINA_proj/MINA_proj.ip_user_files/bd/design_1/ip/design_1_smartconnect_1_0/bd_0/ip/ip_60/sim/bd_88fd_m04e_0.sv" into library xil_defaultlib
INFO: [VRFC 10-311] analyzing module bd_88fd_m04e_0
INFO: [VRFC 10-2263] Analyzing SystemVerilog file "/home/ryanb/Documents/MINA/hw/custom_ip/MINA_proj/MINA_proj.ip_user_files/bd/design_1/ip/design_1_smartconnect_1_0/sim/design_1_smartconnect_1_0.sv" into library xil_defaultlib
INFO: [VRFC 10-311] analyzing module design_1_smartconnect_1_0
xvhdl --incr --relax -prj tb_design_1_wrapper_vhdl.prj
Waiting for jobs to finish...
No pending jobs, compilation finished.
INFO: [USF-XSim-69] 'compile' step finished in '2' seconds
Command: launch_simulation -step elaborate -simset bootloader_tb -mode behavioral
INFO: [Vivado 12-25911] Executing simulation for 'XSim' simulator
INFO: [Project 1-5737] Running on host ryan-21k8s14n00 (64) - EndeavourOS Linux
INFO: [Vivado 12-28535] Process started - Sun Sep  6 20:56:46 2026

INFO: [Vivado 12-12493] Simulation top is 'tb_design_1_wrapper'
INFO: [Vivado 12-5698] Checking validity of IPs in the design for the 'XSim' simulator...
INFO: [Vivado 12-5682] Launching behavioral simulation in '/home/ryanb/Documents/MINA/hw/custom_ip/MINA_proj/MINA_proj.sim/bootloader_tb/behav/xsim'
INFO: [Vivado 12-13660] Precompiled IP simulation library mode is enabled (default). The design IP libraries will be referenced from the compiled library path. Please note that if the precompiled version of the library is not found from the path or the IP is in locked state, then the library source files for these IPs will be compiled locally as part of the compile order.
INFO: [Vivado 12-4795] Using compiled simulation libraries for IPs
INFO: [SIM-utils-51] Simulation object is 'bootloader_tb'
INFO: [USF-XSim-3] XSim::Elaborate design
INFO: [USF-XSim-61] Executing 'ELABORATE' step in '/home/ryanb/Documents/MINA/hw/custom_ip/MINA_proj/MINA_proj.sim/bootloader_tb/behav/xsim'
xelab --incr --debug typical --relax --mt 8 -L xil_defaultlib -L axi_datamover_v5_1_37 -L axi_sg_v4_1_21 -L axi_cdma_v4_1_35 -L proc_sys_reset_v5_0_17 -L smartconnect_v1_0 -L axi_infrastructure_v1_1_0 -L axi_register_slice_v2_1_36 -L axi_vip_v1_1_22 -L axi_bram_ctrl_v4_1_13 -L xlconcat_v2_1_7 -L axi_lite_ipif_v3_0_4 -L interrupt_control_v3_1_5 -L axi_gpio_v2_0_37 -L uvm -L xilinx_vip -L unisims_ver -L unimacro_ver -L secureip -L xpm --snapshot tb_design_1_wrapper_behav xil_defaultlib.tb_design_1_wrapper xil_defaultlib.glbl -log elaborate.log
Vivado Simulator v2025.2
Copyright 1986-2022 Xilinx, Inc. All Rights Reserved.
Copyright 2022-2025 Advanced Micro Devices, Inc. All Rights Reserved.
Running: /opt/Xilinx/2025.2/Vivado/bin/unwrapped/lnx64.o/xelab --incr --debug typical --relax --mt 8 -L xil_defaultlib -L axi_datamover_v5_1_37 -L axi_sg_v4_1_21 -L axi_cdma_v4_1_35 -L proc_sys_reset_v5_0_17 -L smartconnect_v1_0 -L axi_infrastructure_v1_1_0 -L axi_register_slice_v2_1_36 -L axi_vip_v1_1_22 -L axi_bram_ctrl_v4_1_13 -L xlconcat_v2_1_7 -L axi_lite_ipif_v3_0_4 -L interrupt_control_v3_1_5 -L axi_gpio_v2_0_37 -L uvm -L xilinx_vip -L unisims_ver -L unimacro_ver -L secureip -L xpm --snapshot tb_design_1_wrapper_behav xil_defaultlib.tb_design_1_wrapper xil_defaultlib.glbl -log elaborate.log 
Using 8 slave threads.
Starting static elaboration
Pass Through NonSizing Optimizer
WARNING: [VRFC 10-3091] actual bit length 32 differs from formal bit length 1 for port 's_axis_tkeep' [/home/ryanb/Documents/MINA/hw/ip/verilog-i2c/rtl/i2c_master_axil.v:389]
WARNING: [VRFC 10-3091] actual bit length 32 differs from formal bit length 8 for port 's_axis_tid' [/home/ryanb/Documents/MINA/hw/ip/verilog-i2c/rtl/i2c_master_axil.v:393]
WARNING: [VRFC 10-3091] actual bit length 32 differs from formal bit length 8 for port 's_axis_tdest' [/home/ryanb/Documents/MINA/hw/ip/verilog-i2c/rtl/i2c_master_axil.v:394]
WARNING: [VRFC 10-3091] actual bit length 32 differs from formal bit length 1 for port 's_axis_tkeep' [/home/ryanb/Documents/MINA/hw/ip/verilog-i2c/rtl/i2c_master_axil.v:433]
WARNING: [VRFC 10-3091] actual bit length 32 differs from formal bit length 8 for port 's_axis_tid' [/home/ryanb/Documents/MINA/hw/ip/verilog-i2c/rtl/i2c_master_axil.v:437]
WARNING: [VRFC 10-3091] actual bit length 32 differs from formal bit length 8 for port 's_axis_tdest' [/home/ryanb/Documents/MINA/hw/ip/verilog-i2c/rtl/i2c_master_axil.v:438]
WARNING: [VRFC 10-3091] actual bit length 32 differs from formal bit length 1 for port 's_axis_tkeep' [/home/ryanb/Documents/MINA/hw/ip/verilog-i2c/rtl/i2c_master_axil.v:473]
WARNING: [VRFC 10-3091] actual bit length 32 differs from formal bit length 8 for port 's_axis_tid' [/home/ryanb/Documents/MINA/hw/ip/verilog-i2c/rtl/i2c_master_axil.v:477]
WARNING: [VRFC 10-3091] actual bit length 32 differs from formal bit length 8 for port 's_axis_tdest' [/home/ryanb/Documents/MINA/hw/ip/verilog-i2c/rtl/i2c_master_axil.v:478]
WARNING: [VRFC 10-3091] actual bit length 32 differs from formal bit length 1 for port 's_axis_tuser' [/home/ryanb/Documents/MINA/hw/ip/verilog-i2c/rtl/i2c_master_axil.v:479]
WARNING: [VRFC 10-5021] port 'cdma_tvect_out' is not connected on this instance [/home/ryanb/Documents/MINA/hw/custom_ip/MINA_proj/MINA_proj.ip_user_files/bd/design_1/sim/design_1.v:353]
WARNING: [VRFC 10-5021] port 's_axi_awready' is not connected on this instance [/home/ryanb/Documents/MINA/hw/custom_ip/MINA_proj/MINA_proj.ip_user_files/bd/design_1/sim/design_1.v:961]
WARNING: [VRFC 10-5021] port 'bram_rst_a' is not connected on this instance [/home/ryanb/Documents/MINA/hw/custom_ip/MINA_proj/MINA_proj.ip_user_files/bd/design_1/sim/design_1.v:999]
WARNING: [VRFC 10-5021] port 'gpio_io_o' is not connected on this instance [/home/ryanb/Documents/MINA/hw/custom_ip/MINA_proj/MINA_proj.ip_user_files/bd/design_1/sim/design_1.v:1334]
WARNING: [VRFC 10-5021] port 'mb_reset' is not connected on this instance [/home/ryanb/Documents/MINA/hw/custom_ip/MINA_proj/MINA_proj.ip_user_files/bd/design_1/ip/design_1_smartconnect_1_0/bd_0/sim/bd_88fd.v:2410]
WARNING: [VRFC 10-5021] port 'mb_reset' is not connected on this instance [/home/ryanb/Documents/MINA/hw/custom_ip/MINA_proj/MINA_proj.ip_user_files/bd/design_1/ip/design_1_smartconnect_0_0/bd_0/sim/bd_48ac.v:2648]
Completed static elaboration
Starting simulation data flow analysis
Completed simulation data flow analysis
Time Resolution for simulation is 1ps
Compiling package std.standard
Compiling package std.textio
Compiling package ieee.std_logic_1164
Compiling package ieee.numeric_std
Compiling package synopsys.attributes
Compiling package ieee.std_logic_misc
Compiling package axi_cdma_v4_1_35.axi_cdma_pkg
Compiling package xpm.vcomponents
Compiling package unisim.vcomponents
Compiling package ieee.std_logic_arith
Compiling package ieee.std_logic_unsigned
Compiling package axi_datamover_v5_1_37.axi_datamover_pkg
Compiling package axi_bram_ctrl_v4_1_13.axi_bram_ctrl_funcs
Compiling package ieee.vital_timing
Compiling package ieee.vital_primitives
Compiling package unisim.vpkg
Compiling package axi_lite_ipif_v3_0_4.ipif_pkg
Compiling package vl.vl_types
Compiling module xil_defaultlib.glbl
Compiling module xil_defaultlib.InstructionCache
Compiling module xil_defaultlib.DataCache
Compiling module xil_defaultlib.VexRiscvMcuAxi
Compiling module xil_defaultlib.design_1_VexRiscvMcuAxi_0_0
Compiling architecture implementation of entity axi_datamover_v5_1_37.axi_datamover_reset [axi_datamover_reset_default]
Compiling architecture imp of entity axi_datamover_v5_1_37.axi_datamover_fifo [\axi_datamover_fifo(c_dwidth=8,c...]
Compiling architecture imp of entity axi_datamover_v5_1_37.axi_datamover_fifo [\axi_datamover_fifo(c_dwidth=71,...]
Compiling architecture implementation of entity axi_datamover_v5_1_37.axi_datamover_cmd_status [\axi_datamover_cmd_status(c_stsc...]
Compiling architecture implementation of entity axi_datamover_v5_1_37.axi_datamover_rd_status_cntl [axi_datamover_rd_status_cntl_def...]
Compiling architecture implementation of entity axi_datamover_v5_1_37.axi_datamover_strb_gen2 [\axi_datamover_strb_gen2(c_strb_...]
Compiling architecture implementation of entity axi_datamover_v5_1_37.axi_datamover_strb_gen2 [\axi_datamover_strb_gen2(c_op_mo...]
Compiling architecture implementation of entity axi_datamover_v5_1_37.axi_datamover_pcc [\axi_datamover_pcc(c_is_mm2s=1,c...]
Compiling architecture imp of entity axi_datamover_v5_1_37.srl_fifo [\srl_fifo(c_dwidth=59,c_depth=4)...]
Compiling architecture imp of entity axi_datamover_v5_1_37.axi_datamover_fifo [\axi_datamover_fifo(c_dwidth=59,...]
Compiling architecture implementation of entity axi_datamover_v5_1_37.axi_datamover_addr_cntl [\axi_datamover_addr_cntl(c_famil...]
Compiling architecture imp of entity axi_datamover_v5_1_37.srl_fifo [\srl_fifo(c_dwidth=29,c_depth=4)...]
Compiling architecture imp of entity axi_datamover_v5_1_37.axi_datamover_fifo [\axi_datamover_fifo(c_dwidth=29,...]
Compiling architecture implementation of entity axi_datamover_v5_1_37.axi_datamover_rdmux [\axi_datamover_rdmux(c_sel_addr_...]
Compiling architecture implementation of entity axi_datamover_v5_1_37.axi_datamover_rddata_cntl [\axi_datamover_rddata_cntl(c_ali...]
Compiling architecture implementation of entity axi_datamover_v5_1_37.axi_datamover_mm2s_full_wrap [\axi_datamover_mm2s_full_wrap(c_...]
Compiling architecture implementation of entity axi_datamover_v5_1_37.axi_datamover_pcc [\axi_datamover_pcc(c_dre_align_w...]
Compiling architecture imp of entity axi_datamover_v5_1_37.srl_fifo [\srl_fifo(c_dwidth=7,c_depth=6)\]
Compiling architecture imp of entity axi_datamover_v5_1_37.axi_datamover_fifo [\axi_datamover_fifo(c_dwidth=7,c...]
Compiling architecture imp of entity axi_datamover_v5_1_37.srl_fifo [\srl_fifo(c_dwidth=2,c_depth=6)\]
Compiling architecture imp of entity axi_datamover_v5_1_37.axi_datamover_fifo [\axi_datamover_fifo(c_dwidth=2,c...]
Compiling architecture implementation of entity axi_datamover_v5_1_37.axi_datamover_wr_status_cntl [\axi_datamover_wr_status_cntl(c_...]
Compiling architecture implementation of entity axi_datamover_v5_1_37.axi_datamover_addr_cntl [\axi_datamover_addr_cntl(c_addr_...]
Compiling architecture imp of entity axi_datamover_v5_1_37.srl_fifo [\srl_fifo(c_dwidth=27,c_depth=4)...]
Compiling architecture imp of entity axi_datamover_v5_1_37.axi_datamover_fifo [\axi_datamover_fifo(c_dwidth=27,...]
Compiling architecture implementation of entity axi_datamover_v5_1_37.axi_datamover_wrdata_cntl [\axi_datamover_wrdata_cntl(c_sf_...]
Compiling architecture implementation of entity axi_datamover_v5_1_37.axi_datamover_wr_demux [\axi_datamover_wr_demux(c_sel_ad...]
Compiling architecture implementation of entity axi_datamover_v5_1_37.axi_datamover_skid2mm_buf [\axi_datamover_skid2mm_buf(c_add...]
Compiling architecture implementation of entity axi_datamover_v5_1_37.axi_datamover_s2mm_full_wrap [\axi_datamover_s2mm_full_wrap(c_...]
Compiling architecture implementation of entity axi_datamover_v5_1_37.axi_datamover [\axi_datamover(c_include_mm2s=1,...]
Compiling architecture implementation of entity axi_cdma_v4_1_35.axi_cdma_pulse_gen [\axi_cdma_pulse_gen(c_pulse_widt...]
Compiling architecture implementation of entity axi_cdma_v4_1_35.axi_cdma_pulse_gen [\axi_cdma_pulse_gen(c_pos_edge_t...]
Compiling architecture implementation of entity axi_cdma_v4_1_35.axi_cdma_pulse_gen [\axi_cdma_pulse_gen(c_pulse_widt...]
Compiling architecture implementation of entity axi_cdma_v4_1_35.axi_cdma_reset [axi_cdma_reset_default]
Compiling architecture implementation of entity axi_cdma_v4_1_35.axi_cdma_lite_if [\axi_cdma_lite_if(c_num_ce=16,c_...]
Compiling architecture implementation of entity axi_cdma_v4_1_35.axi_cdma_register [\axi_cdma_register(c_num_registe...]
Compiling architecture implementation of entity axi_cdma_v4_1_35.axi_cdma_reg_module [axi_cdma_reg_module_default]
Compiling architecture implementation of entity axi_cdma_v4_1_35.axi_cdma_simple_cntlr [\axi_cdma_simple_cntlr(c_dm_cmd_...]
Compiling architecture implementation of entity axi_cdma_v4_1_35.axi_cdma_simple_wrap [\axi_cdma_simple_wrap(c_include_...]
Compiling architecture implementation of entity axi_cdma_v4_1_35.axi_cdma [\axi_cdma(c_include_sf=0,c_dlytm...]
Compiling architecture design_1_axi_cdma_0_0_arch of entity xil_defaultlib.design_1_axi_cdma_0_0 [design_1_axi_cdma_0_0_default]
Compiling module xil_defaultlib.axi_ram(STRB_WIDTH=4)
Compiling module xil_defaultlib.design_1_axi_ram_0_0
Compiling module unisims_ver.IBUF
Compiling module unisims_ver.MMCME2_ADV(CLKFBOUT_MULT_F=10.0,...
Compiling module unisims_ver.BUFG
Compiling module xil_defaultlib.design_1_clk_wiz_0_2_clk_wiz
Compiling module xil_defaultlib.design_1_clk_wiz_0_2
Compiling architecture behavioral of entity xil_defaultlib.basic_or [basic_or_default]
Compiling module xil_defaultlib.design_1_basic_or_0_0
Compiling architecture behavioral of entity xil_defaultlib.negation [negation_default]
Compiling module xil_defaultlib.design_1_negation_0_0
Compiling module xil_defaultlib.design_1_negation_0_1
Compiling module xil_defaultlib.cpu_reset_controller_imp_Y312CB
Compiling architecture implementation of entity axi_bram_ctrl_v4_1_13.sng_port_arb [\sng_port_arb(c_s_axi_addr_width...]
Compiling architecture implementation of entity axi_bram_ctrl_v4_1_13.ua_narrow [\ua_narrow(c_bram_addr_adjust_fa...]
Compiling architecture implementation of entity axi_bram_ctrl_v4_1_13.wrap_brst [\wrap_brst(c_axi_addr_width=14,c...]
Compiling architecture muxcy_v of entity unisim.MUXCY [muxcy_default]
Compiling architecture muxcy_l_v of entity unisim.MUXCY_L [muxcy_l_default]
Compiling architecture xorcy_v of entity unisim.XORCY [xorcy_default]
Compiling architecture srl16e_v of entity unisim.SRL16E [\SRL16E(0,15)\]
Compiling architecture fdre_v of entity unisim.FDRE [fdre_default]
Compiling architecture fdr_v of entity unisim.FDR [fdr_default]
Compiling architecture imp of entity axi_bram_ctrl_v4_1_13.SRL_FIFO [\SRL_FIFO(c_data_bits=1,c_depth=...]
Compiling architecture implementation of entity axi_bram_ctrl_v4_1_13.wr_chnl [\wr_chnl(c_axi_addr_width=14,c_a...]
Compiling architecture implementation of entity axi_bram_ctrl_v4_1_13.rd_chnl [\rd_chnl(c_axi_addr_width=14,c_a...]
Compiling architecture implementation of entity axi_bram_ctrl_v4_1_13.full_axi [\full_axi(c_s_axi_addr_width=14,...]
Compiling architecture implementation of entity axi_bram_ctrl_v4_1_13.axi_bram_ctrl_top [\axi_bram_ctrl_top(c_s_axi_addr_...]
Compiling architecture implementation of entity axi_bram_ctrl_v4_1_13.axi_bram_ctrl [\axi_bram_ctrl(c_s_axi_addr_widt...]
Compiling architecture design_1_axi_bram_ctrl_0_1_arch of entity xil_defaultlib.design_1_axi_bram_ctrl_0_1 [design_1_axi_bram_ctrl_0_1_defau...]
Compiling architecture implementation of entity axi_bram_ctrl_v4_1_13.wr_chnl [\wr_chnl(c_axi_addr_width=14,c_a...]
Compiling architecture implementation of entity axi_bram_ctrl_v4_1_13.rd_chnl [\rd_chnl(c_axi_addr_width=14,c_a...]
Compiling architecture implementation of entity axi_bram_ctrl_v4_1_13.full_axi [\full_axi(c_s_axi_addr_width=14,...]
Compiling architecture implementation of entity axi_bram_ctrl_v4_1_13.axi_bram_ctrl_top [\axi_bram_ctrl_top(c_s_axi_addr_...]
Compiling architecture implementation of entity axi_bram_ctrl_v4_1_13.axi_bram_ctrl [\axi_bram_ctrl(c_s_axi_addr_widt...]
Compiling architecture design_1_axi_bram_ctrl_0_2_arch of entity xil_defaultlib.design_1_axi_bram_ctrl_0_2 [design_1_axi_bram_ctrl_0_2_defau...]
Compiling module xil_defaultlib.muxed_dual_port_ram(ADDR_WIDTH=1...
Compiling module xil_defaultlib.design_1_muxed_dual_port_ram_0_0
Compiling module xil_defaultlib.instr_ram_imp_1811FLP
Compiling module xil_defaultlib.design_1_negation_1_0
Compiling module xil_defaultlib.design_1_negation_1_3
Compiling architecture implementation of entity interrupt_control_v3_1_5.interrupt_control [\interrupt_control(c_num_ce=16,c...]
Compiling architecture imp of entity axi_lite_ipif_v3_0_4.pselect_f [\pselect_f(c_ab=5,c_aw=9,c_bar="...]
Compiling architecture imp of entity axi_lite_ipif_v3_0_4.pselect_f [\pselect_f(c_ab=2,c_aw=2,c_bar="...]
Compiling architecture imp of entity axi_lite_ipif_v3_0_4.pselect_f [\pselect_f(c_ab=2,c_aw=2,c_bar="...]
Compiling architecture imp of entity axi_lite_ipif_v3_0_4.pselect_f [\pselect_f(c_ab=2,c_aw=2,c_bar="...]
Compiling architecture imp of entity axi_lite_ipif_v3_0_4.pselect_f [\pselect_f(c_ab=2,c_aw=2,c_bar="...]
Compiling architecture imp of entity axi_lite_ipif_v3_0_4.pselect_f [\pselect_f(c_ab=1,c_aw=9,c_bar="...]
Compiling architecture imp of entity axi_lite_ipif_v3_0_4.pselect_f [\pselect_f(c_ab=4,c_aw=4,c_bar="...]
Compiling architecture imp of entity axi_lite_ipif_v3_0_4.pselect_f [\pselect_f(c_ab=4,c_aw=4,c_bar="...]
Compiling architecture imp of entity axi_lite_ipif_v3_0_4.pselect_f [\pselect_f(c_ab=4,c_aw=4,c_bar="...]
Compiling architecture imp of entity axi_lite_ipif_v3_0_4.pselect_f [\pselect_f(c_ab=4,c_aw=4,c_bar="...]
Compiling architecture imp of entity axi_lite_ipif_v3_0_4.pselect_f [\pselect_f(c_ab=4,c_aw=4,c_bar="...]
Compiling architecture imp of entity axi_lite_ipif_v3_0_4.pselect_f [\pselect_f(c_ab=4,c_aw=4,c_bar="...]
Compiling architecture imp of entity axi_lite_ipif_v3_0_4.pselect_f [\pselect_f(c_ab=4,c_aw=4,c_bar="...]
Compiling architecture imp of entity axi_lite_ipif_v3_0_4.pselect_f [\pselect_f(c_ab=4,c_aw=4,c_bar="...]
Compiling architecture imp of entity axi_lite_ipif_v3_0_4.pselect_f [\pselect_f(c_ab=4,c_aw=4,c_bar="...]
Compiling architecture imp of entity axi_lite_ipif_v3_0_4.pselect_f [\pselect_f(c_ab=4,c_aw=4,c_bar="...]
Compiling architecture imp of entity axi_lite_ipif_v3_0_4.pselect_f [\pselect_f(c_ab=4,c_aw=4,c_bar="...]
Compiling architecture imp of entity axi_lite_ipif_v3_0_4.pselect_f [\pselect_f(c_ab=4,c_aw=4,c_bar="...]
Compiling architecture imp of entity axi_lite_ipif_v3_0_4.pselect_f [\pselect_f(c_ab=4,c_aw=4,c_bar="...]
Compiling architecture imp of entity axi_lite_ipif_v3_0_4.pselect_f [\pselect_f(c_ab=4,c_aw=4,c_bar="...]
Compiling architecture imp of entity axi_lite_ipif_v3_0_4.pselect_f [\pselect_f(c_ab=4,c_aw=4,c_bar="...]
Compiling architecture imp of entity axi_lite_ipif_v3_0_4.pselect_f [\pselect_f(c_ab=4,c_aw=4,c_bar="...]
Compiling architecture imp of entity axi_lite_ipif_v3_0_4.address_decoder [\address_decoder(c_bus_awidth=9,...]
Compiling architecture imp of entity axi_lite_ipif_v3_0_4.slave_attachment [\slave_attachment(c_ard_addr_ran...]
Compiling architecture imp of entity axi_lite_ipif_v3_0_4.axi_lite_ipif [\axi_lite_ipif(c_s_axi_addr_widt...]
Compiling module xpm.xpm_cdc_array_single(DEST_SYNC_F...
Compiling architecture imp of entity axi_gpio_v2_0_37.GPIO_Core [\GPIO_Core(c_aw=9,c_interrupt_pr...]
Compiling architecture imp of entity axi_gpio_v2_0_37.axi_gpio [\axi_gpio(c_family="spartan7",c_...]
Compiling architecture design_1_axi_gpio_0_0_arch of entity xil_defaultlib.design_1_axi_gpio_0_0 [design_1_axi_gpio_0_0_default]
Compiling architecture rtl of entity xil_defaultlib.uart_phy [uart_phy_default]
Compiling architecture rtl of entity xil_defaultlib.axi_uart_bootloader [axi_uart_bootloader_default]
Compiling module xil_defaultlib.axi_uart_bootloader_wrapper
Compiling module xil_defaultlib.design_1_axi_uart_bootloader_1_0
Compiling architecture rtl of entity xil_defaultlib.axil_timer_64 [axil_timer_64_default]
Compiling module xil_defaultlib.design_1_axil_timer_64_0_0
Compiling module xil_defaultlib.axis_fifo(DEPTH=32,DATA_WIDTH=12...
Compiling module xil_defaultlib.axis_fifo(DEPTH=32,KEEP_ENABLE=0...
Compiling module xil_defaultlib.i2c_master
Compiling module xil_defaultlib.i2c_master_axil_default
Compiling module xil_defaultlib.design_1_i2c_master_axil_0_0
Compiling module xil_defaultlib.design_1_negation_1_2
Compiling architecture behavioral of entity xil_defaultlib.plic [plic_default]
Compiling architecture behavioral of entity xil_defaultlib.plic_axil_wrapper [plic_axil_wrapper_default]
Compiling module xil_defaultlib.design_1_plic_axil_wrapper_0_0
Compiling architecture fdre_v of entity unisim.FDRE [\FDRE(init='1')\]
Compiling architecture srl16e_v of entity unisim.SRL16E [\SRL16E(init="1111111111111111")...]
Compiling architecture srl16_v of entity unisim.SRL16 [\SRL16(init="1111111111111111")(...]
Compiling module xpm.xpm_cdc_single(DEST_SYNC_FF=4,IN...
Compiling architecture imp of entity proc_sys_reset_v5_0_17.lpf [\lpf(c_ext_rst_width=4,c_aux_rst...]
Compiling architecture imp of entity proc_sys_reset_v5_0_17.upcnt_n [\upcnt_n(c_size=6)\]
Compiling architecture imp of entity proc_sys_reset_v5_0_17.sequence_psr [sequence_psr_default]
Compiling architecture imp of entity proc_sys_reset_v5_0_17.proc_sys_reset [\proc_sys_reset(c_family="sparta...]
Compiling architecture bd_88fd_psr_aclk_0_arch of entity xil_defaultlib.bd_88fd_psr_aclk_0 [bd_88fd_psr_aclk_0_default]
Compiling module xil_defaultlib.clk_map_imp_LEUOAK
Compiling module xpm.xpm_cdc_async_rst(DEST_SYNC_FF=3...
Compiling module xil_defaultlib.bd_88fd_m00e_0
Compiling module xil_defaultlib.m00_exit_pipeline_imp_1ED2SVB
Compiling module xil_defaultlib.bd_88fd_m00arn_0
Compiling module xil_defaultlib.bd_88fd_m00awn_0
Compiling module xil_defaultlib.bd_88fd_m00bn_0
Compiling module xil_defaultlib.bd_88fd_m00rn_0
Compiling module xil_defaultlib.bd_88fd_m00wn_0
Compiling module xil_defaultlib.m00_nodes_imp_1RQJ53F
Compiling module xil_defaultlib.bd_88fd_m00s2a_0
Compiling module xil_defaultlib.bd_88fd_m01e_0
Compiling module xil_defaultlib.m01_exit_pipeline_imp_194UWDJ
Compiling module xil_defaultlib.bd_88fd_m01arn_0
Compiling module xil_defaultlib.bd_88fd_m01awn_0
Compiling module xil_defaultlib.bd_88fd_m01bn_0
Compiling module xil_defaultlib.bd_88fd_m01rn_0
Compiling module xil_defaultlib.bd_88fd_m01wn_0
Compiling module xil_defaultlib.m01_nodes_imp_XHW5BX
Compiling module xil_defaultlib.bd_88fd_m01s2a_0
Compiling module xil_defaultlib.bd_88fd_m02e_0
Compiling module xil_defaultlib.m02_exit_pipeline_imp_178ITK7
Compiling module xil_defaultlib.bd_88fd_m02arn_0
Compiling module xil_defaultlib.bd_88fd_m02awn_0
Compiling module xil_defaultlib.bd_88fd_m02bn_0
Compiling module xil_defaultlib.bd_88fd_m02rn_0
Compiling module xil_defaultlib.bd_88fd_m02wn_0
Compiling module xil_defaultlib.m02_nodes_imp_1CEL2E
Compiling module xil_defaultlib.bd_88fd_m02s2a_0
Compiling module xil_defaultlib.bd_88fd_m03e_0
Compiling module xil_defaultlib.m03_exit_pipeline_imp_1348LIF
Compiling module xil_defaultlib.bd_88fd_m03arn_0
Compiling module xil_defaultlib.bd_88fd_m03awn_0
Compiling module xil_defaultlib.bd_88fd_m03bn_0
Compiling module xil_defaultlib.bd_88fd_m03rn_0
Compiling module xil_defaultlib.bd_88fd_m03wn_0
Compiling module xil_defaultlib.m03_nodes_imp_16OOIFK
Compiling module xil_defaultlib.bd_88fd_m03s2a_0
Compiling module xil_defaultlib.bd_88fd_m04e_0
Compiling module xil_defaultlib.m04_exit_pipeline_imp_1SOQ17R
Compiling module xil_defaultlib.bd_88fd_m04arn_0
Compiling module xil_defaultlib.bd_88fd_m04awn_0
Compiling module xil_defaultlib.bd_88fd_m04bn_0
Compiling module xil_defaultlib.bd_88fd_m04rn_0
Compiling module xil_defaultlib.bd_88fd_m04wn_0
Compiling module xil_defaultlib.m04_nodes_imp_1XY7E6O
Compiling module xil_defaultlib.bd_88fd_m04s2a_0
Compiling module xil_defaultlib.bd_88fd_s00a2s_0
Compiling module xil_defaultlib.bd_88fd_s00mmu_0
Compiling module xil_defaultlib.bd_88fd_s00sic_0
Compiling module xil_defaultlib.bd_88fd_s00tr_0
Compiling module xil_defaultlib.s00_entry_pipeline_imp_F6210K
Compiling module xil_defaultlib.bd_88fd_sarn_0
Compiling module xil_defaultlib.bd_88fd_sawn_0
Compiling module xil_defaultlib.bd_88fd_sbn_0
Compiling module xil_defaultlib.bd_88fd_srn_0
Compiling module xil_defaultlib.bd_88fd_swn_0
Compiling module xil_defaultlib.s00_nodes_imp_9QDCJI
Compiling module xil_defaultlib.bd_88fd_arinsw_0
Compiling module xil_defaultlib.bd_88fd_aroutsw_0
Compiling module xil_defaultlib.bd_88fd_awinsw_0
Compiling module xil_defaultlib.bd_88fd_awoutsw_0
Compiling module xil_defaultlib.bd_88fd_binsw_0
Compiling module xil_defaultlib.bd_88fd_boutsw_0
Compiling module xil_defaultlib.bd_88fd_arni_0
Compiling module xil_defaultlib.bd_88fd_awni_0
Compiling module xil_defaultlib.bd_88fd_bni_0
Compiling module xil_defaultlib.bd_88fd_rni_0
Compiling module xil_defaultlib.bd_88fd_wni_0
Compiling module xil_defaultlib.i_nodes_imp_1320MTU
Compiling module xil_defaultlib.bd_88fd_rinsw_0
Compiling module xil_defaultlib.bd_88fd_routsw_0
Compiling module xil_defaultlib.bd_88fd_winsw_0
Compiling module xil_defaultlib.bd_88fd_woutsw_0
Compiling module xil_defaultlib.switchboards_imp_K834X6
Compiling module xil_defaultlib.bd_88fd
Compiling module xil_defaultlib.design_1_smartconnect_1_0
Compiling module xlconcat_v2_1_7.xlconcat_v2_1_7_xlconcat(dout_wi...
Compiling module xil_defaultlib.design_1_xlconcat_0_0
Compiling module xil_defaultlib.peripherals_imp_1BOSXT5
Compiling architecture bd_48ac_psr_aclk_0_arch of entity xil_defaultlib.bd_48ac_psr_aclk_0 [bd_48ac_psr_aclk_0_default]
Compiling module xil_defaultlib.clk_map_imp_1NMB928
Compiling module xil_defaultlib.bd_48ac_m00e_0
Compiling module xil_defaultlib.m00_exit_pipeline_imp_CVVFJV
Compiling module xpm.xpm_memory_base(MEMORY_TYPE=1,ME...
Compiling module xpm.xpm_memory_sdpram(MEMORY_SIZE=32...
Compiling module xpm.xpm_memory_base(MEMORY_TYPE=1,ME...
Compiling module xpm.xpm_memory_sdpram(MEMORY_SIZE=51...
Compiling module xil_defaultlib.bd_48ac_m00arn_0
Compiling module xil_defaultlib.bd_48ac_m00awn_0
Compiling module xpm.xpm_memory_base(MEMORY_TYPE=1,ME...
Compiling module xpm.xpm_memory_sdpram(MEMORY_SIZE=60...
Compiling module xpm.xpm_memory_base(MEMORY_TYPE=1,ME...
Compiling module xpm.xpm_memory_sdpram(MEMORY_SIZE=22...
Compiling module xil_defaultlib.bd_48ac_m00bn_0
Compiling module xpm.xpm_memory_base(MEMORY_TYPE=1,ME...
Compiling module xpm.xpm_memory_sdpram(MEMORY_SIZE=16...
Compiling module xil_defaultlib.bd_48ac_m00rn_0
Compiling module xpm.xpm_memory_base(MEMORY_TYPE=1,ME...
Compiling module xpm.xpm_memory_sdpram(MEMORY_SIZE=4,...
Compiling module xpm.xpm_memory_base(MEMORY_TYPE=1,ME...
Compiling module xpm.xpm_memory_sdpram(MEMORY_SIZE=23...
Compiling module xil_defaultlib.bd_48ac_m00wn_0
Compiling module xil_defaultlib.m00_nodes_imp_Z1B1P3
Compiling module xil_defaultlib.bd_48ac_m00s2a_0
Compiling module xil_defaultlib.bd_48ac_m01e_0
Compiling module xil_defaultlib.m01_exit_pipeline_imp_FWTRCR
Compiling module xil_defaultlib.bd_48ac_m01arn_0
Compiling module xil_defaultlib.bd_48ac_m01awn_0
Compiling module xil_defaultlib.bd_48ac_m01bn_0
Compiling module xil_defaultlib.bd_48ac_m01rn_0
Compiling module xil_defaultlib.bd_48ac_m01wn_0
Compiling module xil_defaultlib.m01_nodes_imp_1R2BU3L
Compiling module xil_defaultlib.bd_48ac_m01s2a_0
Compiling module xil_defaultlib.bd_48ac_m02e_0
Compiling module xil_defaultlib.m02_exit_pipeline_imp_19C6Z
Compiling module xil_defaultlib.bd_48ac_m02arn_0
Compiling module xil_defaultlib.bd_48ac_m02awn_0
Compiling module xil_defaultlib.bd_48ac_m02bn_0
Compiling module xil_defaultlib.bd_48ac_m02rn_0
Compiling module xil_defaultlib.bd_48ac_m02wn_0
Compiling module xil_defaultlib.m02_nodes_imp_185W3JU
Compiling module xil_defaultlib.bd_48ac_m02s2a_0
Compiling module xil_defaultlib.bd_48ac_m03e_0
Compiling module xil_defaultlib.m03_exit_pipeline_imp_6E233V
Compiling module xil_defaultlib.bd_48ac_m03arn_0
Compiling module xil_defaultlib.bd_48ac_m03awn_0
Compiling module xil_defaultlib.bd_48ac_m03bn_0
Compiling module xil_defaultlib.bd_48ac_m03rn_0
Compiling module xil_defaultlib.bd_48ac_m03wn_0
Compiling module xil_defaultlib.m03_nodes_imp_LEW7G
Compiling module xil_defaultlib.bd_48ac_m03s2a_0
Compiling module xil_defaultlib.bd_48ac_s00a2s_0
Compiling module xil_defaultlib.bd_48ac_s00mmu_0
Compiling module xil_defaultlib.bd_48ac_s00sic_0
Compiling module xil_defaultlib.bd_48ac_s00tr_0
Compiling module xil_defaultlib.s00_entry_pipeline_imp_1C3JDRS
Compiling module xpm.xpm_memory_base(MEMORY_TYPE=1,ME...
Compiling module xpm.xpm_memory_sdpram(MEMORY_SIZE=70...
Compiling module xpm.xpm_memory_base(MEMORY_TYPE=1,ME...
Compiling module xpm.xpm_memory_sdpram(MEMORY_SIZE=46...
Compiling module xil_defaultlib.bd_48ac_sarn_0
Compiling module xil_defaultlib.bd_48ac_sawn_0
Compiling module xpm.xpm_memory_base(MEMORY_TYPE=1,ME...
Compiling module xpm.xpm_memory_sdpram(MEMORY_SIZE=86...
Compiling module xil_defaultlib.bd_48ac_sbn_0
Compiling module xpm.xpm_memory_base(MEMORY_TYPE=1,ME...
Compiling module xpm.xpm_memory_sdpram(MEMORY_SIZE=23...
Compiling module xil_defaultlib.bd_48ac_srn_0
Compiling module xpm.xpm_memory_base(MEMORY_TYPE=1,ME...
Compiling module xpm.xpm_memory_sdpram(MEMORY_SIZE=17...
Compiling module xil_defaultlib.bd_48ac_swn_0
Compiling module xil_defaultlib.s00_nodes_imp_1FAO4F6
Compiling module xil_defaultlib.bd_48ac_s01a2s_0
Compiling module xil_defaultlib.bd_48ac_s01mmu_0
Compiling module xil_defaultlib.bd_48ac_s01sic_0
Compiling module xil_defaultlib.bd_48ac_s01tr_0
Compiling module xil_defaultlib.s01_entry_pipeline_imp_F11SX8
Compiling module xil_defaultlib.bd_48ac_sarn_1
Compiling module xil_defaultlib.bd_48ac_sawn_1
Compiling module xil_defaultlib.bd_48ac_sbn_1
Compiling module xil_defaultlib.bd_48ac_srn_1
Compiling module xil_defaultlib.bd_48ac_swn_1
Compiling module xil_defaultlib.s01_nodes_imp_AIXRF8
Compiling module xil_defaultlib.bd_48ac_arsw_0
Compiling module xil_defaultlib.bd_48ac_awsw_0
Compiling module xil_defaultlib.bd_48ac_bsw_0
Compiling module xil_defaultlib.bd_48ac_rsw_0
Compiling module xil_defaultlib.bd_48ac_wsw_0
Compiling module xil_defaultlib.switchboards_imp_1MKJLH2
Compiling module xil_defaultlib.bd_48ac
Compiling module xil_defaultlib.design_1_smartconnect_0_0
Compiling module xil_defaultlib.design_1
Compiling module xil_defaultlib.design_1_wrapper
Compiling package smartconnect_v1_0.sc_util_v1_0_4_pkg
Compiling architecture behavioral of entity xil_defaultlib.tb_design_1_wrapper
Built simulation snapshot tb_design_1_wrapper_behav
execute_script: Time (s): cpu = 00:00:50 ; elapsed = 00:00:14 . Memory (MB): peak = 11198.555 ; gain = 0.000 ; free physical = 11174 ; free virtual = 17250
INFO: [USF-XSim-69] 'elaborate' step finished in '13' seconds
launch_simulation: Time (s): cpu = 00:00:51 ; elapsed = 00:00:15 . Memory (MB): peak = 11198.555 ; gain = 0.000 ; free physical = 11174 ; free virtual = 17250
INFO: [Wavedata 42-565] Reading protoinst file protoinst_files/bd_48ac.protoinst
INFO: [Wavedata 42-565] Reading protoinst file protoinst_files/bd_88fd.protoinst
INFO: [Wavedata 42-565] Reading protoinst file protoinst_files/design_1.protoinst
Time resolution is 1 ps
Note: ============================================================
Time: 0 ps  Iteration: 0  Process: /tb_design_1_wrapper/stimulus  File: /home/ryanb/Documents/MINA/hw/custom_ip/bootloader_tb.vhd
Note: MINA MICROCONTROLLER BOOTLOADER TEST
Time: 0 ps  Iteration: 0  Process: /tb_design_1_wrapper/stimulus  File: /home/ryanb/Documents/MINA/hw/custom_ip/bootloader_tb.vhd
Note: ============================================================
Time: 0 ps  Iteration: 0  Process: /tb_design_1_wrapper/stimulus  File: /home/ryanb/Documents/MINA/hw/custom_ip/bootloader_tb.vhd
Note: System reset released; CPU remains held in reset
Time: 200 ns  Iteration: 0  Process: /tb_design_1_wrapper/stimulus  File: /home/ryanb/Documents/MINA/hw/custom_ip/bootloader_tb.vhd
relaunch_sim: Time (s): cpu = 00:00:56 ; elapsed = 00:00:20 . Memory (MB): peak = 11198.555 ; gain = 0.000 ; free physical = 11142 ; free virtual = 17217
run 5 ms
Note: WRITE #1: address 0x00000000 <= 0x10000093
Time: 2200 ns  Iteration: 0  Process: /tb_design_1_wrapper/stimulus  File: /home/ryanb/Documents/MINA/hw/custom_ip/bootloader_tb.vhd
Failure: UART RX timeout waiting for DUT response
Time: 1130672280 ps  Iteration: 0  Process: /tb_design_1_wrapper/stimulus  File: /home/ryanb/Documents/MINA/hw/custom_ip/bootloader_tb.vhd
$finish called at time : 1130672280 ps
open_bd_design {/home/ryanb/Documents/MINA/hw/custom_ip/MINA_proj/MINA_proj.srcs/sources_1/bd/design_1/design_1.bd}
Reading block design file </home/ryanb/Documents/MINA/hw/custom_ip/MINA_proj/MINA_proj.srcs/sources_1/bd/design_1/design_1.bd>...
Adding component instance block -- xilinx.com:module_ref:VexRiscvMcuAxi:1.0 - VexRiscvMcuAxi_0
Adding component instance block -- xilinx.com:module_ref:axi_ram:1.0 - axi_ram_0
Adding component instance block -- xilinx.com:ip:axi_cdma:4.1 - axi_cdma_0
Adding component instance block -- xilinx.com:ip:smartconnect:1.0 - smartconnect_0
Adding component instance block -- xilinx.com:module_ref:muxed_dual_port_ram:1.0 - muxed_dual_port_ram_0
Adding component instance block -- xilinx.com:ip:axi_bram_ctrl:4.1 - axi_bram_ctrl_1
Adding component instance block -- xilinx.com:ip:axi_bram_ctrl:4.1 - axi_bram_ctrl_0
Adding component instance block -- xilinx.com:ip:smartconnect:1.0 - smartconnect_1
Adding component instance block -- xilinx.com:module_ref:plic_axil_wrapper:1.0 - plic_axil_wrapper_0
Adding component instance block -- xilinx.com:module_ref:axil_timer_64:1.0 - axil_timer_64_0
Adding component instance block -- xilinx.com:ip:xlconcat:2.1 - xlconcat_0
Adding component instance block -- xilinx.com:ip:axi_gpio:2.0 - axi_gpio_0
Adding component instance block -- xilinx.com:module_ref:i2c_master_axil:1.0 - i2c_master_axil_0
Adding component instance block -- xilinx.com:module_ref:negation:1.0 - negation_1
Adding component instance block -- xilinx.com:module_ref:axi_uart_bootloader_wrapper:1.0 - axi_uart_bootloader_1
Adding component instance block -- xilinx.com:module_ref:negation:1.0 - negation_0
Adding component instance block -- xilinx.com:module_ref:negation:1.0 - negation_1
Adding component instance block -- xilinx.com:module_ref:basic_or:1.0 - basic_or_0
Adding component instance block -- xilinx.com:module_ref:negation:1.0 - negation_1
Adding component instance block -- xilinx.com:ip:clk_wiz:6.0 - clk_wiz_0
Adding component instance block -- xilinx.com:module_ref:negation:1.0 - negation_2
Successfully read diagram <design_1> from block design file </home/ryanb/Documents/MINA/hw/custom_ip/MINA_proj/MINA_proj.srcs/sources_1/bd/design_1/design_1.bd>
INFO: [Device 21-403] Loading part xc7s50csga324-1
set_property name sys_rst_n [get_bd_ports sys_rst]
delete_bd_objs [get_bd_nets sys_rst_1]
undo
INFO: [Common 17-17] undo 'delete_bd_objs [get_bd_nets sys_rst_1]'
regenerate_bd_layout
regenerate_bd_layout
regenerate_bd_layout
delete_bd_objs [get_bd_nets sys_rst_1]
set_property location {-190 1066} [get_bd_ports sys_rst_n]
connect_bd_net [get_bd_ports sys_rst_n] [get_bd_pins negation_1/a]
connect_bd_net [get_bd_ports sys_rst_n] [get_bd_pins axi_cdma_0/s_axi_lite_aresetn]
connect_bd_net [get_bd_pins negation_1/b] [get_bd_pins clk_wiz_0/reset]
connect_bd_net [get_bd_ports sys_rst_n] [get_bd_pins peripherals/axi_resetn]
connect_bd_net [get_bd_ports sys_rst_n] [get_bd_pins instr_ram/s_axi_aresetn]
regenerate_bd_layout
connect_bd_net [get_bd_ports sys_rst_n] [get_bd_pins smartconnect_0/aresetn]
regenerate_bd_layout
save_bd_design
Wrote  : </home/ryanb/Documents/MINA/hw/custom_ip/MINA_proj/MINA_proj.srcs/sources_1/bd/design_1/design_1.bd> 
Wrote  : </home/ryanb/Documents/MINA/hw/custom_ip/MINA_proj/MINA_proj.srcs/sources_1/bd/design_1/ui/bd_1f5defd0.ui> 
Wrote  : </home/ryanb/Documents/MINA/hw/custom_ip/MINA_proj/MINA_proj.srcs/sources_1/bd/design_1/ui/bd_ec15ec3b.ui> 
Wrote  : </home/ryanb/Documents/MINA/hw/custom_ip/MINA_proj/MINA_proj.srcs/sources_1/bd/design_1/ui/bd_fbe1e0a7.ui> 
set_property name sys_rst [get_bd_ports sys_rst_n]
regenerate_bd_layout
save_bd_design
Wrote  : </home/ryanb/Documents/MINA/hw/custom_ip/MINA_proj/MINA_proj.srcs/sources_1/bd/design_1/design_1.bd> 
Wrote  : </home/ryanb/Documents/MINA/hw/custom_ip/MINA_proj/MINA_proj.srcs/sources_1/bd/design_1/ui/bd_1f5defd0.ui> 
Wrote  : </home/ryanb/Documents/MINA/hw/custom_ip/MINA_proj/MINA_proj.srcs/sources_1/bd/design_1/ui/bd_ec15ec3b.ui> 
Wrote  : </home/ryanb/Documents/MINA/hw/custom_ip/MINA_proj/MINA_proj.srcs/sources_1/bd/design_1/ui/bd_fbe1e0a7.ui> 
close_bd_design [get_bd_designs design_1]
Wrote  : </home/ryanb/Documents/MINA/hw/custom_ip/MINA_proj/MINA_proj.srcs/sources_1/bd/design_1/ui/bd_1f5defd0.ui> 
Wrote  : </home/ryanb/Documents/MINA/hw/custom_ip/MINA_proj/MINA_proj.srcs/sources_1/bd/design_1/ui/bd_ec15ec3b.ui> 
Wrote  : </home/ryanb/Documents/MINA/hw/custom_ip/MINA_proj/MINA_proj.srcs/sources_1/bd/design_1/ui/bd_fbe1e0a7.ui> 
relaunch_sim
INFO: xsimkernel Simulation Memory Usage: 317560 KB (Peak: 364352 KB), Simulation CPU Usage: 1070 ms
Command: launch_simulation -step compile -simset bootloader_tb -mode behavioral
INFO: [Vivado 12-25911] Executing simulation for 'XSim' simulator
INFO: [Project 1-5737] Running on host ryan-21k8s14n00 (64) - EndeavourOS Linux
INFO: [Vivado 12-28535] Process started - Sun Sep  6 21:04:29 2026

INFO: [Vivado 12-12493] Simulation top is 'tb_design_1_wrapper'
INFO: [Vivado 12-5698] Checking validity of IPs in the design for the 'XSim' simulator...
WARNING: [BD 41-2670] Found an incomplete address path from address space '/axi_cdma_0/Data' to master interface '/peripherals/smartconnect_1/M05_AXI'. Please either complete or remove this path to resolve.
WARNING: [BD 41-2670] Found an incomplete address path from address space '/axi_cdma_0/Data' to master interface '/smartconnect_0/M04_AXI'. Please either complete or remove this path to resolve.
WARNING: [BD 41-2670] Found an incomplete address path from address space '/VexRiscvMcuAxi_0/dBusAxi' to master interface '/smartconnect_0/M04_AXI'. Please either complete or remove this path to resolve.
WARNING: [BD 41-2670] Found an incomplete address path from address space '/VexRiscvMcuAxi_0/dBusAxi' to master interface '/peripherals/smartconnect_1/M05_AXI'. Please either complete or remove this path to resolve.
INFO: [BD 5-943] Reserving offset range <0x2000_0000 [ 4K ]> from slave interface '/smartconnect_0/S00_AXI' to master interface '/peripherals/smartconnect_1/M00_AXI'. This will be used by smartconnect on path for routing.
INFO: [BD 5-943] Reserving offset range <0x2000_1000 [ 4K ]> from slave interface '/smartconnect_0/S00_AXI' to master interface '/peripherals/smartconnect_1/M01_AXI'. This will be used by smartconnect on path for routing.
INFO: [BD 5-943] Reserving offset range <0x2000_2000 [ 4K ]> from slave interface '/smartconnect_0/S00_AXI' to master interface '/peripherals/smartconnect_1/M02_AXI'. This will be used by smartconnect on path for routing.
INFO: [BD 5-943] Reserving offset range <0x2000_3000 [ 4K ]> from slave interface '/smartconnect_0/S00_AXI' to master interface '/peripherals/smartconnect_1/M03_AXI'. This will be used by smartconnect on path for routing.
INFO: [BD 5-943] Reserving offset range <0x2000_4000 [ 4K ]> from slave interface '/smartconnect_0/S00_AXI' to master interface '/peripherals/smartconnect_1/M04_AXI'. This will be used by smartconnect on path for routing.
INFO: [BD 5-943] Reserving offset range <0x0000_0000 [ 16K ]> from slave interface '/smartconnect_0/S00_AXI' to master interface '/smartconnect_0/M00_AXI'. This will be used by smartconnect on path for routing.
INFO: [BD 5-943] Reserving offset range <0x1000_0000 [ 64K ]> from slave interface '/smartconnect_0/S00_AXI' to master interface '/smartconnect_0/M01_AXI'. This will be used by smartconnect on path for routing.
INFO: [BD 5-943] Reserving offset range <0x3000_0000 [ 64K ]> from slave interface '/smartconnect_0/S00_AXI' to master interface '/smartconnect_0/M03_AXI'. This will be used by smartconnect on path for routing.
INFO: [BD 5-943] Reserving offset range <0x2000_0000 [ 4K ]> from slave interface '/smartconnect_0/S01_AXI' to master interface '/peripherals/smartconnect_1/M00_AXI'. This will be used by smartconnect on path for routing.
INFO: [BD 5-943] Reserving offset range <0x2000_1000 [ 4K ]> from slave interface '/smartconnect_0/S01_AXI' to master interface '/peripherals/smartconnect_1/M01_AXI'. This will be used by smartconnect on path for routing.
INFO: [BD 5-943] Reserving offset range <0x2000_2000 [ 4K ]> from slave interface '/smartconnect_0/S01_AXI' to master interface '/peripherals/smartconnect_1/M02_AXI'. This will be used by smartconnect on path for routing.
INFO: [BD 5-943] Reserving offset range <0x2000_3000 [ 4K ]> from slave interface '/smartconnect_0/S01_AXI' to master interface '/peripherals/smartconnect_1/M03_AXI'. This will be used by smartconnect on path for routing.
INFO: [BD 5-943] Reserving offset range <0x2000_4000 [ 4K ]> from slave interface '/smartconnect_0/S01_AXI' to master interface '/peripherals/smartconnect_1/M04_AXI'. This will be used by smartconnect on path for routing.
INFO: [BD 5-943] Reserving offset range <0x0000_0000 [ 16K ]> from slave interface '/smartconnect_0/S01_AXI' to master interface '/smartconnect_0/M00_AXI'. This will be used by smartconnect on path for routing.
INFO: [BD 5-943] Reserving offset range <0x1000_0000 [ 64K ]> from slave interface '/smartconnect_0/S01_AXI' to master interface '/smartconnect_0/M01_AXI'. This will be used by smartconnect on path for routing.
INFO: [BD 5-943] Reserving offset range <0x3000_0000 [ 64K ]> from slave interface '/smartconnect_0/S01_AXI' to master interface '/smartconnect_0/M03_AXI'. This will be used by smartconnect on path for routing.
INFO: [BD 5-943] Reserving offset range <0x2000_0000 [ 4K ]> from slave interface '/smartconnect_0/S00_AXI' to master interface '/peripherals/smartconnect_1/M00_AXI'. This will be used by smartconnect on path for routing.
INFO: [BD 5-943] Reserving offset range <0x2000_1000 [ 4K ]> from slave interface '/smartconnect_0/S00_AXI' to master interface '/peripherals/smartconnect_1/M01_AXI'. This will be used by smartconnect on path for routing.
INFO: [BD 5-943] Reserving offset range <0x2000_2000 [ 4K ]> from slave interface '/smartconnect_0/S00_AXI' to master interface '/peripherals/smartconnect_1/M02_AXI'. This will be used by smartconnect on path for routing.
INFO: [BD 5-943] Reserving offset range <0x2000_3000 [ 4K ]> from slave interface '/smartconnect_0/S00_AXI' to master interface '/peripherals/smartconnect_1/M03_AXI'. This will be used by smartconnect on path for routing.
INFO: [BD 5-943] Reserving offset range <0x2000_4000 [ 4K ]> from slave interface '/smartconnect_0/S00_AXI' to master interface '/peripherals/smartconnect_1/M04_AXI'. This will be used by smartconnect on path for routing.
INFO: [BD 5-943] Reserving offset range <0x0000_0000 [ 16K ]> from slave interface '/smartconnect_0/S00_AXI' to master interface '/smartconnect_0/M00_AXI'. This will be used by smartconnect on path for routing.
INFO: [BD 5-943] Reserving offset range <0x1000_0000 [ 64K ]> from slave interface '/smartconnect_0/S00_AXI' to master interface '/smartconnect_0/M01_AXI'. This will be used by smartconnect on path for routing.
INFO: [BD 5-943] Reserving offset range <0x3000_0000 [ 64K ]> from slave interface '/smartconnect_0/S00_AXI' to master interface '/smartconnect_0/M03_AXI'. This will be used by smartconnect on path for routing.
INFO: [BD 5-943] Reserving offset range <0x2000_0000 [ 4K ]> from slave interface '/smartconnect_0/S01_AXI' to master interface '/peripherals/smartconnect_1/M00_AXI'. This will be used by smartconnect on path for routing.
INFO: [BD 5-943] Reserving offset range <0x2000_1000 [ 4K ]> from slave interface '/smartconnect_0/S01_AXI' to master interface '/peripherals/smartconnect_1/M01_AXI'. This will be used by smartconnect on path for routing.
INFO: [BD 5-943] Reserving offset range <0x2000_2000 [ 4K ]> from slave interface '/smartconnect_0/S01_AXI' to master interface '/peripherals/smartconnect_1/M02_AXI'. This will be used by smartconnect on path for routing.
INFO: [BD 5-943] Reserving offset range <0x2000_3000 [ 4K ]> from slave interface '/smartconnect_0/S01_AXI' to master interface '/peripherals/smartconnect_1/M03_AXI'. This will be used by smartconnect on path for routing.
INFO: [BD 5-943] Reserving offset range <0x2000_4000 [ 4K ]> from slave interface '/smartconnect_0/S01_AXI' to master interface '/peripherals/smartconnect_1/M04_AXI'. This will be used by smartconnect on path for routing.
INFO: [BD 5-943] Reserving offset range <0x0000_0000 [ 16K ]> from slave interface '/smartconnect_0/S01_AXI' to master interface '/smartconnect_0/M00_AXI'. This will be used by smartconnect on path for routing.
INFO: [BD 5-943] Reserving offset range <0x1000_0000 [ 64K ]> from slave interface '/smartconnect_0/S01_AXI' to master interface '/smartconnect_0/M01_AXI'. This will be used by smartconnect on path for routing.
INFO: [BD 5-943] Reserving offset range <0x3000_0000 [ 64K ]> from slave interface '/smartconnect_0/S01_AXI' to master interface '/smartconnect_0/M03_AXI'. This will be used by smartconnect on path for routing.
INFO: [xilinx.com:ip:smartconnect:1.0-1] design_1_smartconnect_0_0: SmartConnect design_1_smartconnect_0_0 is in High-performance Mode.
INFO: [BD 5-943] Reserving offset range <0x2000_0000 [ 4K ]> from slave interface '/peripherals/smartconnect_1/S00_AXI' to master interface '/peripherals/smartconnect_1/M00_AXI'. This will be used by smartconnect on path for routing.
INFO: [BD 5-943] Reserving offset range <0x2000_1000 [ 4K ]> from slave interface '/peripherals/smartconnect_1/S00_AXI' to master interface '/peripherals/smartconnect_1/M01_AXI'. This will be used by smartconnect on path for routing.
INFO: [BD 5-943] Reserving offset range <0x2000_2000 [ 4K ]> from slave interface '/peripherals/smartconnect_1/S00_AXI' to master interface '/peripherals/smartconnect_1/M02_AXI'. This will be used by smartconnect on path for routing.
INFO: [BD 5-943] Reserving offset range <0x2000_3000 [ 4K ]> from slave interface '/peripherals/smartconnect_1/S00_AXI' to master interface '/peripherals/smartconnect_1/M03_AXI'. This will be used by smartconnect on path for routing.
INFO: [BD 5-943] Reserving offset range <0x2000_4000 [ 4K ]> from slave interface '/peripherals/smartconnect_1/S00_AXI' to master interface '/peripherals/smartconnect_1/M04_AXI'. This will be used by smartconnect on path for routing.
INFO: [BD 5-943] Reserving offset range <0x2000_0000 [ 4K ]> from slave interface '/peripherals/smartconnect_1/S00_AXI' to master interface '/peripherals/smartconnect_1/M00_AXI'. This will be used by smartconnect on path for routing.
INFO: [BD 5-943] Reserving offset range <0x2000_1000 [ 4K ]> from slave interface '/peripherals/smartconnect_1/S00_AXI' to master interface '/peripherals/smartconnect_1/M01_AXI'. This will be used by smartconnect on path for routing.
INFO: [BD 5-943] Reserving offset range <0x2000_2000 [ 4K ]> from slave interface '/peripherals/smartconnect_1/S00_AXI' to master interface '/peripherals/smartconnect_1/M02_AXI'. This will be used by smartconnect on path for routing.
INFO: [BD 5-943] Reserving offset range <0x2000_3000 [ 4K ]> from slave interface '/peripherals/smartconnect_1/S00_AXI' to master interface '/peripherals/smartconnect_1/M03_AXI'. This will be used by smartconnect on path for routing.
INFO: [BD 5-943] Reserving offset range <0x2000_4000 [ 4K ]> from slave interface '/peripherals/smartconnect_1/S00_AXI' to master interface '/peripherals/smartconnect_1/M04_AXI'. This will be used by smartconnect on path for routing.
INFO: [xilinx.com:ip:smartconnect:1.0-1] design_1_smartconnect_1_0: SmartConnect design_1_smartconnect_1_0 is in Low-Area Mode.
INFO: [xilinx.com:ip:clk_wiz:6.0-1] /clk_wiz_0 clk_wiz propagate
WARNING: [xilinx.com:ip:axi_bram_ctrl:4.1-1] /instr_ram/axi_bram_ctrl_0: PORT /instr_ram/axi_bram_ctrl_0/BRAM_PORTA is UNCONNECTED in the design. Leaving the BRAM interface unconnected will cause BRAMs not to be initialized by Data2Mem
WARNING: [xilinx.com:ip:axi_bram_ctrl:4.1-1] /instr_ram/axi_bram_ctrl_1: PORT /instr_ram/axi_bram_ctrl_1/BRAM_PORTA is UNCONNECTED in the design. Leaving the BRAM interface unconnected will cause BRAMs not to be initialized by Data2Mem
CRITICAL WARNING: [BD 41-759] The input pins (listed below) are either not connected or do not have a source port, and they don't have a tie-off specified. These pins are tied-off to all 0's to avoid error in Implementation flow.
Please check your design and connect them as needed: 
/VexRiscvMcuAxi_0/softwareInterrupt
/cpu_reset_controller/sys_reset

Wrote  : </home/ryanb/Documents/MINA/hw/custom_ip/MINA_proj/MINA_proj.srcs/sources_1/bd/design_1/design_1.bd> 
CRITICAL WARNING: [BD 41-2383] Width mismatch when connecting input pin '/instr_ram/muxed_dual_port_ram_0/axi_a_addr'(12) to pin '/instr_ram/axi_bram_ctrl_0/bram_addr_a'(14) - Only lower order bits will be connected, and other input bits of this pin will be left unconnected.
CRITICAL WARNING: [BD 41-2383] Width mismatch when connecting input pin '/instr_ram/muxed_dual_port_ram_0/axi_b_addr'(12) to pin '/instr_ram/axi_bram_ctrl_1/bram_addr_a'(14) - Only lower order bits will be connected, and other input bits of this pin will be left unconnected.
CRITICAL WARNING: [BD 41-2383] Width mismatch when connecting input pin '/instr_ram/muxed_dual_port_ram_0/raw_b_addr'(12) to pin '/instr_ram/ram_addr'(14) - Only lower order bits will be connected, and other input bits of this pin will be left unconnected.
Verilog Output written to : /home/ryanb/Documents/MINA/hw/custom_ip/MINA_proj/MINA_proj.gen/sources_1/bd/design_1/synth/design_1.v
CRITICAL WARNING: [BD 41-2383] Width mismatch when connecting input pin '/instr_ram/muxed_dual_port_ram_0/axi_a_addr'(12) to pin '/instr_ram/axi_bram_ctrl_0/bram_addr_a'(14) - Only lower order bits will be connected, and other input bits of this pin will be left unconnected.
CRITICAL WARNING: [BD 41-2383] Width mismatch when connecting input pin '/instr_ram/muxed_dual_port_ram_0/axi_b_addr'(12) to pin '/instr_ram/axi_bram_ctrl_1/bram_addr_a'(14) - Only lower order bits will be connected, and other input bits of this pin will be left unconnected.
CRITICAL WARNING: [BD 41-2383] Width mismatch when connecting input pin '/instr_ram/muxed_dual_port_ram_0/raw_b_addr'(12) to pin '/instr_ram/ram_addr'(14) - Only lower order bits will be connected, and other input bits of this pin will be left unconnected.
Verilog Output written to : /home/ryanb/Documents/MINA/hw/custom_ip/MINA_proj/MINA_proj.gen/sources_1/bd/design_1/sim/design_1.v
Verilog Output written to : /home/ryanb/Documents/MINA/hw/custom_ip/MINA_proj/MINA_proj.gen/sources_1/bd/design_1/hdl/design_1_wrapper.v
Exporting to file /home/ryanb/Documents/MINA/hw/custom_ip/MINA_proj/MINA_proj.gen/sources_1/bd/design_1/ip/design_1_smartconnect_0_0/bd_0/hw_handoff/design_1_smartconnect_0_0.hwh
Generated Hardware Definition File /home/ryanb/Documents/MINA/hw/custom_ip/MINA_proj/MINA_proj.gen/sources_1/bd/design_1/ip/design_1_smartconnect_0_0/bd_0/synth/design_1_smartconnect_0_0.hwdef
Exporting to file /home/ryanb/Documents/MINA/hw/custom_ip/MINA_proj/MINA_proj.gen/sources_1/bd/design_1/ip/design_1_smartconnect_1_0/bd_0/hw_handoff/design_1_smartconnect_1_0.hwh
Generated Hardware Definition File /home/ryanb/Documents/MINA/hw/custom_ip/MINA_proj/MINA_proj.gen/sources_1/bd/design_1/ip/design_1_smartconnect_1_0/bd_0/synth/design_1_smartconnect_1_0.hwdef
Exporting to file /home/ryanb/Documents/MINA/hw/custom_ip/MINA_proj/MINA_proj.gen/sources_1/bd/design_1/hw_handoff/design_1.hwh
Generated Hardware Definition File /home/ryanb/Documents/MINA/hw/custom_ip/MINA_proj/MINA_proj.gen/sources_1/bd/design_1/synth/design_1.hwdef
INFO: [BD 41-3262] Generated VHDL Instantiation Template file /home/ryanb/Documents/MINA/hw/custom_ip/MINA_proj/MINA_proj.gen/sources_1/bd/design_1/design_1.vho
INFO: [BD 41-3262] Generated Verilog Instantiation Template file /home/ryanb/Documents/MINA/hw/custom_ip/MINA_proj/MINA_proj.gen/sources_1/bd/design_1/design_1.veo
INFO: [BD 41-3262] Generated System Verilog Instantiation Template file /home/ryanb/Documents/MINA/hw/custom_ip/MINA_proj/MINA_proj.gen/sources_1/bd/design_1/design_1_sv.sveo
INFO: [Vivado 12-5682] Launching behavioral simulation in '/home/ryanb/Documents/MINA/hw/custom_ip/MINA_proj/MINA_proj.sim/bootloader_tb/behav/xsim'
INFO: [Vivado 12-13660] Precompiled IP simulation library mode is enabled (default). The design IP libraries will be referenced from the compiled library path. Please note that if the precompiled version of the library is not found from the path or the IP is in locked state, then the library source files for these IPs will be compiled locally as part of the compile order.
INFO: [Vivado 12-4795] Using compiled simulation libraries for IPs
INFO: [SIM-utils-51] Simulation object is 'bootloader_tb'
INFO: [USF-XSim-2] XSim::Compile design
INFO: [USF-XSim-61] Executing 'COMPILE and ANALYZE' step in '/home/ryanb/Documents/MINA/hw/custom_ip/MINA_proj/MINA_proj.sim/bootloader_tb/behav/xsim'
xvlog --incr --relax -L uvm -L smartconnect_v1_0 -L axi_vip_v1_1_22 -L xilinx_vip -prj tb_design_1_wrapper_vlog.prj
INFO: [VRFC 10-2263] Analyzing Verilog file "/home/ryanb/Documents/MINA/hw/ip/VexRiscv/VexRiscvMcuAxi.v" into library xil_defaultlib
INFO: [VRFC 10-311] analyzing module VexRiscvMcuAxi
INFO: [VRFC 10-311] analyzing module DataCache
INFO: [VRFC 10-311] analyzing module InstructionCache
INFO: [VRFC 10-2263] Analyzing Verilog file "/home/ryanb/Documents/MINA/hw/ip/verilog-axi/rtl/axi_ram.v" into library xil_defaultlib
INFO: [VRFC 10-311] analyzing module axi_ram
INFO: [VRFC 10-2263] Analyzing Verilog file "/home/ryanb/Documents/MINA/hw/custom_ip/muxed_ram.v" into library xil_defaultlib
INFO: [VRFC 10-311] analyzing module muxed_dual_port_ram
INFO: [VRFC 10-2263] Analyzing Verilog file "/home/ryanb/Documents/MINA/hw/ip/verilog-i2c/rtl/axis_fifo.v" into library xil_defaultlib
INFO: [VRFC 10-311] analyzing module axis_fifo
INFO: [VRFC 10-2263] Analyzing Verilog file "/home/ryanb/Documents/MINA/hw/ip/verilog-i2c/rtl/i2c_master.v" into library xil_defaultlib
INFO: [VRFC 10-311] analyzing module i2c_master
INFO: [VRFC 10-2263] Analyzing Verilog file "/home/ryanb/Documents/MINA/hw/ip/verilog-i2c/rtl/i2c_master_axil.v" into library xil_defaultlib
INFO: [VRFC 10-311] analyzing module i2c_master_axil
INFO: [VRFC 10-2263] Analyzing Verilog file "/home/ryanb/Documents/MINA/hw/custom_ip/axi_uart_bootloader_wrapper.v" into library xil_defaultlib
INFO: [VRFC 10-311] analyzing module axi_uart_bootloader_wrapper
INFO: [VRFC 10-2263] Analyzing Verilog file "/home/ryanb/Documents/MINA/hw/custom_ip/MINA_proj/MINA_proj.ip_user_files/bd/design_1/ip/design_1_VexRiscvMcuAxi_0_0/sim/design_1_VexRiscvMcuAxi_0_0.v" into library xil_defaultlib
INFO: [VRFC 10-311] analyzing module design_1_VexRiscvMcuAxi_0_0
INFO: [VRFC 10-2263] Analyzing Verilog file "/home/ryanb/Documents/MINA/hw/custom_ip/MINA_proj/MINA_proj.ip_user_files/bd/design_1/ip/design_1_axi_ram_0_0/sim/design_1_axi_ram_0_0.v" into library xil_defaultlib
INFO: [VRFC 10-311] analyzing module design_1_axi_ram_0_0
INFO: [VRFC 10-2263] Analyzing SystemVerilog file "/home/ryanb/Documents/MINA/hw/custom_ip/MINA_proj/MINA_proj.ip_user_files/bd/design_1/ip/design_1_smartconnect_0_0/bd_0/ip/ip_2/sim/bd_48ac_arsw_0.sv" into library xil_defaultlib
INFO: [VRFC 10-311] analyzing module bd_48ac_arsw_0
INFO: [VRFC 10-2263] Analyzing SystemVerilog file "/home/ryanb/Documents/MINA/hw/custom_ip/MINA_proj/MINA_proj.ip_user_files/bd/design_1/ip/design_1_smartconnect_0_0/bd_0/ip/ip_3/sim/bd_48ac_rsw_0.sv" into library xil_defaultlib
INFO: [VRFC 10-311] analyzing module bd_48ac_rsw_0
INFO: [VRFC 10-2263] Analyzing SystemVerilog file "/home/ryanb/Documents/MINA/hw/custom_ip/MINA_proj/MINA_proj.ip_user_files/bd/design_1/ip/design_1_smartconnect_0_0/bd_0/ip/ip_4/sim/bd_48ac_awsw_0.sv" into library xil_defaultlib
INFO: [VRFC 10-311] analyzing module bd_48ac_awsw_0
INFO: [VRFC 10-2263] Analyzing SystemVerilog file "/home/ryanb/Documents/MINA/hw/custom_ip/MINA_proj/MINA_proj.ip_user_files/bd/design_1/ip/design_1_smartconnect_0_0/bd_0/ip/ip_5/sim/bd_48ac_wsw_0.sv" into library xil_defaultlib
INFO: [VRFC 10-311] analyzing module bd_48ac_wsw_0
INFO: [VRFC 10-2263] Analyzing SystemVerilog file "/home/ryanb/Documents/MINA/hw/custom_ip/MINA_proj/MINA_proj.ip_user_files/bd/design_1/ip/design_1_smartconnect_0_0/bd_0/ip/ip_6/sim/bd_48ac_bsw_0.sv" into library xil_defaultlib
INFO: [VRFC 10-311] analyzing module bd_48ac_bsw_0
INFO: [VRFC 10-2263] Analyzing SystemVerilog file "/home/ryanb/Documents/MINA/hw/custom_ip/MINA_proj/MINA_proj.ip_user_files/bd/design_1/ip/design_1_smartconnect_0_0/bd_0/ip/ip_7/sim/bd_48ac_s00mmu_0.sv" into library xil_defaultlib
INFO: [VRFC 10-311] analyzing module bd_48ac_s00mmu_0
INFO: [VRFC 10-2263] Analyzing SystemVerilog file "/home/ryanb/Documents/MINA/hw/custom_ip/MINA_proj/MINA_proj.ip_user_files/bd/design_1/ip/design_1_smartconnect_0_0/bd_0/ip/ip_8/sim/bd_48ac_s00tr_0.sv" into library xil_defaultlib
INFO: [VRFC 10-311] analyzing module bd_48ac_s00tr_0
INFO: [VRFC 10-2263] Analyzing SystemVerilog file "/home/ryanb/Documents/MINA/hw/custom_ip/MINA_proj/MINA_proj.ip_user_files/bd/design_1/ip/design_1_smartconnect_0_0/bd_0/ip/ip_9/sim/bd_48ac_s00sic_0.sv" into library xil_defaultlib
INFO: [VRFC 10-311] analyzing module bd_48ac_s00sic_0
INFO: [VRFC 10-2263] Analyzing SystemVerilog file "/home/ryanb/Documents/MINA/hw/custom_ip/MINA_proj/MINA_proj.ip_user_files/bd/design_1/ip/design_1_smartconnect_0_0/bd_0/ip/ip_10/sim/bd_48ac_s00a2s_0.sv" into library xil_defaultlib
INFO: [VRFC 10-311] analyzing module bd_48ac_s00a2s_0
INFO: [VRFC 10-2263] Analyzing SystemVerilog file "/home/ryanb/Documents/MINA/hw/custom_ip/MINA_proj/MINA_proj.ip_user_files/bd/design_1/ip/design_1_smartconnect_0_0/bd_0/ip/ip_11/sim/bd_48ac_sarn_0.sv" into library xil_defaultlib
INFO: [VRFC 10-311] analyzing module bd_48ac_sarn_0
INFO: [VRFC 10-2263] Analyzing SystemVerilog file "/home/ryanb/Documents/MINA/hw/custom_ip/MINA_proj/MINA_proj.ip_user_files/bd/design_1/ip/design_1_smartconnect_0_0/bd_0/ip/ip_12/sim/bd_48ac_srn_0.sv" into library xil_defaultlib
INFO: [VRFC 10-311] analyzing module bd_48ac_srn_0
INFO: [VRFC 10-2263] Analyzing SystemVerilog file "/home/ryanb/Documents/MINA/hw/custom_ip/MINA_proj/MINA_proj.ip_user_files/bd/design_1/ip/design_1_smartconnect_0_0/bd_0/ip/ip_13/sim/bd_48ac_sawn_0.sv" into library xil_defaultlib
INFO: [VRFC 10-311] analyzing module bd_48ac_sawn_0
INFO: [VRFC 10-2263] Analyzing SystemVerilog file "/home/ryanb/Documents/MINA/hw/custom_ip/MINA_proj/MINA_proj.ip_user_files/bd/design_1/ip/design_1_smartconnect_0_0/bd_0/ip/ip_14/sim/bd_48ac_swn_0.sv" into library xil_defaultlib
INFO: [VRFC 10-311] analyzing module bd_48ac_swn_0
INFO: [VRFC 10-2263] Analyzing SystemVerilog file "/home/ryanb/Documents/MINA/hw/custom_ip/MINA_proj/MINA_proj.ip_user_files/bd/design_1/ip/design_1_smartconnect_0_0/bd_0/ip/ip_15/sim/bd_48ac_sbn_0.sv" into library xil_defaultlib
INFO: [VRFC 10-311] analyzing module bd_48ac_sbn_0
INFO: [VRFC 10-2263] Analyzing SystemVerilog file "/home/ryanb/Documents/MINA/hw/custom_ip/MINA_proj/MINA_proj.ip_user_files/bd/design_1/ip/design_1_smartconnect_0_0/bd_0/ip/ip_16/sim/bd_48ac_s01mmu_0.sv" into library xil_defaultlib
INFO: [VRFC 10-311] analyzing module bd_48ac_s01mmu_0
INFO: [VRFC 10-2263] Analyzing SystemVerilog file "/home/ryanb/Documents/MINA/hw/custom_ip/MINA_proj/MINA_proj.ip_user_files/bd/design_1/ip/design_1_smartconnect_0_0/bd_0/ip/ip_17/sim/bd_48ac_s01tr_0.sv" into library xil_defaultlib
INFO: [VRFC 10-311] analyzing module bd_48ac_s01tr_0
INFO: [VRFC 10-2263] Analyzing SystemVerilog file "/home/ryanb/Documents/MINA/hw/custom_ip/MINA_proj/MINA_proj.ip_user_files/bd/design_1/ip/design_1_smartconnect_0_0/bd_0/ip/ip_18/sim/bd_48ac_s01sic_0.sv" into library xil_defaultlib
INFO: [VRFC 10-311] analyzing module bd_48ac_s01sic_0
INFO: [VRFC 10-2263] Analyzing SystemVerilog file "/home/ryanb/Documents/MINA/hw/custom_ip/MINA_proj/MINA_proj.ip_user_files/bd/design_1/ip/design_1_smartconnect_0_0/bd_0/ip/ip_19/sim/bd_48ac_s01a2s_0.sv" into library xil_defaultlib
INFO: [VRFC 10-311] analyzing module bd_48ac_s01a2s_0
INFO: [VRFC 10-2263] Analyzing SystemVerilog file "/home/ryanb/Documents/MINA/hw/custom_ip/MINA_proj/MINA_proj.ip_user_files/bd/design_1/ip/design_1_smartconnect_0_0/bd_0/ip/ip_20/sim/bd_48ac_sarn_1.sv" into library xil_defaultlib
INFO: [VRFC 10-311] analyzing module bd_48ac_sarn_1
INFO: [VRFC 10-2263] Analyzing SystemVerilog file "/home/ryanb/Documents/MINA/hw/custom_ip/MINA_proj/MINA_proj.ip_user_files/bd/design_1/ip/design_1_smartconnect_0_0/bd_0/ip/ip_21/sim/bd_48ac_srn_1.sv" into library xil_defaultlib
INFO: [VRFC 10-311] analyzing module bd_48ac_srn_1
INFO: [VRFC 10-2263] Analyzing SystemVerilog file "/home/ryanb/Documents/MINA/hw/custom_ip/MINA_proj/MINA_proj.ip_user_files/bd/design_1/ip/design_1_smartconnect_0_0/bd_0/ip/ip_22/sim/bd_48ac_sawn_1.sv" into library xil_defaultlib
INFO: [VRFC 10-311] analyzing module bd_48ac_sawn_1
INFO: [VRFC 10-2263] Analyzing SystemVerilog file "/home/ryanb/Documents/MINA/hw/custom_ip/MINA_proj/MINA_proj.ip_user_files/bd/design_1/ip/design_1_smartconnect_0_0/bd_0/ip/ip_23/sim/bd_48ac_swn_1.sv" into library xil_defaultlib
INFO: [VRFC 10-311] analyzing module bd_48ac_swn_1
INFO: [VRFC 10-2263] Analyzing SystemVerilog file "/home/ryanb/Documents/MINA/hw/custom_ip/MINA_proj/MINA_proj.ip_user_files/bd/design_1/ip/design_1_smartconnect_0_0/bd_0/ip/ip_24/sim/bd_48ac_sbn_1.sv" into library xil_defaultlib
INFO: [VRFC 10-311] analyzing module bd_48ac_sbn_1
INFO: [VRFC 10-2263] Analyzing SystemVerilog file "/home/ryanb/Documents/MINA/hw/custom_ip/MINA_proj/MINA_proj.ip_user_files/bd/design_1/ip/design_1_smartconnect_0_0/bd_0/ip/ip_25/sim/bd_48ac_m00s2a_0.sv" into library xil_defaultlib
INFO: [VRFC 10-311] analyzing module bd_48ac_m00s2a_0
INFO: [VRFC 10-2263] Analyzing SystemVerilog file "/home/ryanb/Documents/MINA/hw/custom_ip/MINA_proj/MINA_proj.ip_user_files/bd/design_1/ip/design_1_smartconnect_0_0/bd_0/ip/ip_26/sim/bd_48ac_m00arn_0.sv" into library xil_defaultlib
INFO: [VRFC 10-311] analyzing module bd_48ac_m00arn_0
INFO: [VRFC 10-2263] Analyzing SystemVerilog file "/home/ryanb/Documents/MINA/hw/custom_ip/MINA_proj/MINA_proj.ip_user_files/bd/design_1/ip/design_1_smartconnect_0_0/bd_0/ip/ip_27/sim/bd_48ac_m00rn_0.sv" into library xil_defaultlib
INFO: [VRFC 10-311] analyzing module bd_48ac_m00rn_0
INFO: [VRFC 10-2263] Analyzing SystemVerilog file "/home/ryanb/Documents/MINA/hw/custom_ip/MINA_proj/MINA_proj.ip_user_files/bd/design_1/ip/design_1_smartconnect_0_0/bd_0/ip/ip_28/sim/bd_48ac_m00awn_0.sv" into library xil_defaultlib
INFO: [VRFC 10-311] analyzing module bd_48ac_m00awn_0
INFO: [VRFC 10-2263] Analyzing SystemVerilog file "/home/ryanb/Documents/MINA/hw/custom_ip/MINA_proj/MINA_proj.ip_user_files/bd/design_1/ip/design_1_smartconnect_0_0/bd_0/ip/ip_29/sim/bd_48ac_m00wn_0.sv" into library xil_defaultlib
INFO: [VRFC 10-311] analyzing module bd_48ac_m00wn_0
INFO: [VRFC 10-2263] Analyzing SystemVerilog file "/home/ryanb/Documents/MINA/hw/custom_ip/MINA_proj/MINA_proj.ip_user_files/bd/design_1/ip/design_1_smartconnect_0_0/bd_0/ip/ip_30/sim/bd_48ac_m00bn_0.sv" into library xil_defaultlib
INFO: [VRFC 10-311] analyzing module bd_48ac_m00bn_0
INFO: [VRFC 10-2263] Analyzing SystemVerilog file "/home/ryanb/Documents/MINA/hw/custom_ip/MINA_proj/MINA_proj.ip_user_files/bd/design_1/ip/design_1_smartconnect_0_0/bd_0/ip/ip_31/sim/bd_48ac_m00e_0.sv" into library xil_defaultlib
INFO: [VRFC 10-311] analyzing module bd_48ac_m00e_0
INFO: [VRFC 10-2263] Analyzing SystemVerilog file "/home/ryanb/Documents/MINA/hw/custom_ip/MINA_proj/MINA_proj.ip_user_files/bd/design_1/ip/design_1_smartconnect_0_0/bd_0/ip/ip_32/sim/bd_48ac_m01s2a_0.sv" into library xil_defaultlib
INFO: [VRFC 10-311] analyzing module bd_48ac_m01s2a_0
INFO: [VRFC 10-2263] Analyzing SystemVerilog file "/home/ryanb/Documents/MINA/hw/custom_ip/MINA_proj/MINA_proj.ip_user_files/bd/design_1/ip/design_1_smartconnect_0_0/bd_0/ip/ip_33/sim/bd_48ac_m01arn_0.sv" into library xil_defaultlib
INFO: [VRFC 10-311] analyzing module bd_48ac_m01arn_0
INFO: [VRFC 10-2263] Analyzing SystemVerilog file "/home/ryanb/Documents/MINA/hw/custom_ip/MINA_proj/MINA_proj.ip_user_files/bd/design_1/ip/design_1_smartconnect_0_0/bd_0/ip/ip_34/sim/bd_48ac_m01rn_0.sv" into library xil_defaultlib
INFO: [VRFC 10-311] analyzing module bd_48ac_m01rn_0
INFO: [VRFC 10-2263] Analyzing SystemVerilog file "/home/ryanb/Documents/MINA/hw/custom_ip/MINA_proj/MINA_proj.ip_user_files/bd/design_1/ip/design_1_smartconnect_0_0/bd_0/ip/ip_35/sim/bd_48ac_m01awn_0.sv" into library xil_defaultlib
INFO: [VRFC 10-311] analyzing module bd_48ac_m01awn_0
INFO: [VRFC 10-2263] Analyzing SystemVerilog file "/home/ryanb/Documents/MINA/hw/custom_ip/MINA_proj/MINA_proj.ip_user_files/bd/design_1/ip/design_1_smartconnect_0_0/bd_0/ip/ip_36/sim/bd_48ac_m01wn_0.sv" into library xil_defaultlib
INFO: [VRFC 10-311] analyzing module bd_48ac_m01wn_0
INFO: [VRFC 10-2263] Analyzing SystemVerilog file "/home/ryanb/Documents/MINA/hw/custom_ip/MINA_proj/MINA_proj.ip_user_files/bd/design_1/ip/design_1_smartconnect_0_0/bd_0/ip/ip_37/sim/bd_48ac_m01bn_0.sv" into library xil_defaultlib
INFO: [VRFC 10-311] analyzing module bd_48ac_m01bn_0
INFO: [VRFC 10-2263] Analyzing SystemVerilog file "/home/ryanb/Documents/MINA/hw/custom_ip/MINA_proj/MINA_proj.ip_user_files/bd/design_1/ip/design_1_smartconnect_0_0/bd_0/ip/ip_38/sim/bd_48ac_m01e_0.sv" into library xil_defaultlib
INFO: [VRFC 10-311] analyzing module bd_48ac_m01e_0
INFO: [VRFC 10-2263] Analyzing SystemVerilog file "/home/ryanb/Documents/MINA/hw/custom_ip/MINA_proj/MINA_proj.ip_user_files/bd/design_1/ip/design_1_smartconnect_0_0/bd_0/ip/ip_39/sim/bd_48ac_m02s2a_0.sv" into library xil_defaultlib
INFO: [VRFC 10-311] analyzing module bd_48ac_m02s2a_0
INFO: [VRFC 10-2263] Analyzing SystemVerilog file "/home/ryanb/Documents/MINA/hw/custom_ip/MINA_proj/MINA_proj.ip_user_files/bd/design_1/ip/design_1_smartconnect_0_0/bd_0/ip/ip_40/sim/bd_48ac_m02arn_0.sv" into library xil_defaultlib
INFO: [VRFC 10-311] analyzing module bd_48ac_m02arn_0
INFO: [VRFC 10-2263] Analyzing SystemVerilog file "/home/ryanb/Documents/MINA/hw/custom_ip/MINA_proj/MINA_proj.ip_user_files/bd/design_1/ip/design_1_smartconnect_0_0/bd_0/ip/ip_41/sim/bd_48ac_m02rn_0.sv" into library xil_defaultlib
INFO: [VRFC 10-311] analyzing module bd_48ac_m02rn_0
INFO: [VRFC 10-2263] Analyzing SystemVerilog file "/home/ryanb/Documents/MINA/hw/custom_ip/MINA_proj/MINA_proj.ip_user_files/bd/design_1/ip/design_1_smartconnect_0_0/bd_0/ip/ip_42/sim/bd_48ac_m02awn_0.sv" into library xil_defaultlib
INFO: [VRFC 10-311] analyzing module bd_48ac_m02awn_0
INFO: [VRFC 10-2263] Analyzing SystemVerilog file "/home/ryanb/Documents/MINA/hw/custom_ip/MINA_proj/MINA_proj.ip_user_files/bd/design_1/ip/design_1_smartconnect_0_0/bd_0/ip/ip_43/sim/bd_48ac_m02wn_0.sv" into library xil_defaultlib
INFO: [VRFC 10-311] analyzing module bd_48ac_m02wn_0
INFO: [VRFC 10-2263] Analyzing SystemVerilog file "/home/ryanb/Documents/MINA/hw/custom_ip/MINA_proj/MINA_proj.ip_user_files/bd/design_1/ip/design_1_smartconnect_0_0/bd_0/ip/ip_44/sim/bd_48ac_m02bn_0.sv" into library xil_defaultlib
INFO: [VRFC 10-311] analyzing module bd_48ac_m02bn_0
INFO: [VRFC 10-2263] Analyzing SystemVerilog file "/home/ryanb/Documents/MINA/hw/custom_ip/MINA_proj/MINA_proj.ip_user_files/bd/design_1/ip/design_1_smartconnect_0_0/bd_0/ip/ip_45/sim/bd_48ac_m02e_0.sv" into library xil_defaultlib
INFO: [VRFC 10-311] analyzing module bd_48ac_m02e_0
INFO: [VRFC 10-2263] Analyzing SystemVerilog file "/home/ryanb/Documents/MINA/hw/custom_ip/MINA_proj/MINA_proj.ip_user_files/bd/design_1/ip/design_1_smartconnect_0_0/bd_0/ip/ip_46/sim/bd_48ac_m03s2a_0.sv" into library xil_defaultlib
INFO: [VRFC 10-311] analyzing module bd_48ac_m03s2a_0
INFO: [VRFC 10-2263] Analyzing SystemVerilog file "/home/ryanb/Documents/MINA/hw/custom_ip/MINA_proj/MINA_proj.ip_user_files/bd/design_1/ip/design_1_smartconnect_0_0/bd_0/ip/ip_47/sim/bd_48ac_m03arn_0.sv" into library xil_defaultlib
INFO: [VRFC 10-311] analyzing module bd_48ac_m03arn_0
INFO: [VRFC 10-2263] Analyzing SystemVerilog file "/home/ryanb/Documents/MINA/hw/custom_ip/MINA_proj/MINA_proj.ip_user_files/bd/design_1/ip/design_1_smartconnect_0_0/bd_0/ip/ip_48/sim/bd_48ac_m03rn_0.sv" into library xil_defaultlib
INFO: [VRFC 10-311] analyzing module bd_48ac_m03rn_0
INFO: [VRFC 10-2263] Analyzing SystemVerilog file "/home/ryanb/Documents/MINA/hw/custom_ip/MINA_proj/MINA_proj.ip_user_files/bd/design_1/ip/design_1_smartconnect_0_0/bd_0/ip/ip_49/sim/bd_48ac_m03awn_0.sv" into library xil_defaultlib
INFO: [VRFC 10-311] analyzing module bd_48ac_m03awn_0
INFO: [VRFC 10-2263] Analyzing SystemVerilog file "/home/ryanb/Documents/MINA/hw/custom_ip/MINA_proj/MINA_proj.ip_user_files/bd/design_1/ip/design_1_smartconnect_0_0/bd_0/ip/ip_50/sim/bd_48ac_m03wn_0.sv" into library xil_defaultlib
INFO: [VRFC 10-311] analyzing module bd_48ac_m03wn_0
INFO: [VRFC 10-2263] Analyzing SystemVerilog file "/home/ryanb/Documents/MINA/hw/custom_ip/MINA_proj/MINA_proj.ip_user_files/bd/design_1/ip/design_1_smartconnect_0_0/bd_0/ip/ip_51/sim/bd_48ac_m03bn_0.sv" into library xil_defaultlib
INFO: [VRFC 10-311] analyzing module bd_48ac_m03bn_0
INFO: [VRFC 10-2263] Analyzing SystemVerilog file "/home/ryanb/Documents/MINA/hw/custom_ip/MINA_proj/MINA_proj.ip_user_files/bd/design_1/ip/design_1_smartconnect_0_0/bd_0/ip/ip_52/sim/bd_48ac_m03e_0.sv" into library xil_defaultlib
INFO: [VRFC 10-311] analyzing module bd_48ac_m03e_0
INFO: [VRFC 10-2263] Analyzing SystemVerilog file "/home/ryanb/Documents/MINA/hw/custom_ip/MINA_proj/MINA_proj.ip_user_files/bd/design_1/ip/design_1_smartconnect_0_0/sim/design_1_smartconnect_0_0.sv" into library xil_defaultlib
INFO: [VRFC 10-311] analyzing module design_1_smartconnect_0_0
INFO: [VRFC 10-2263] Analyzing SystemVerilog file "/home/ryanb/Documents/MINA/hw/custom_ip/MINA_proj/MINA_proj.ip_user_files/bd/design_1/ip/design_1_smartconnect_1_0/bd_0/ip/ip_2/sim/bd_88fd_arinsw_0.sv" into library xil_defaultlib
INFO: [VRFC 10-311] analyzing module bd_88fd_arinsw_0
INFO: [VRFC 10-2263] Analyzing SystemVerilog file "/home/ryanb/Documents/MINA/hw/custom_ip/MINA_proj/MINA_proj.ip_user_files/bd/design_1/ip/design_1_smartconnect_1_0/bd_0/ip/ip_3/sim/bd_88fd_rinsw_0.sv" into library xil_defaultlib
INFO: [VRFC 10-311] analyzing module bd_88fd_rinsw_0
INFO: [VRFC 10-2263] Analyzing SystemVerilog file "/home/ryanb/Documents/MINA/hw/custom_ip/MINA_proj/MINA_proj.ip_user_files/bd/design_1/ip/design_1_smartconnect_1_0/bd_0/ip/ip_4/sim/bd_88fd_awinsw_0.sv" into library xil_defaultlib
INFO: [VRFC 10-311] analyzing module bd_88fd_awinsw_0
INFO: [VRFC 10-2263] Analyzing SystemVerilog file "/home/ryanb/Documents/MINA/hw/custom_ip/MINA_proj/MINA_proj.ip_user_files/bd/design_1/ip/design_1_smartconnect_1_0/bd_0/ip/ip_5/sim/bd_88fd_winsw_0.sv" into library xil_defaultlib
INFO: [VRFC 10-311] analyzing module bd_88fd_winsw_0
INFO: [VRFC 10-2263] Analyzing SystemVerilog file "/home/ryanb/Documents/MINA/hw/custom_ip/MINA_proj/MINA_proj.ip_user_files/bd/design_1/ip/design_1_smartconnect_1_0/bd_0/ip/ip_6/sim/bd_88fd_binsw_0.sv" into library xil_defaultlib
INFO: [VRFC 10-311] analyzing module bd_88fd_binsw_0
INFO: [VRFC 10-2263] Analyzing SystemVerilog file "/home/ryanb/Documents/MINA/hw/custom_ip/MINA_proj/MINA_proj.ip_user_files/bd/design_1/ip/design_1_smartconnect_1_0/bd_0/ip/ip_7/sim/bd_88fd_aroutsw_0.sv" into library xil_defaultlib
INFO: [VRFC 10-311] analyzing module bd_88fd_aroutsw_0
INFO: [VRFC 10-2263] Analyzing SystemVerilog file "/home/ryanb/Documents/MINA/hw/custom_ip/MINA_proj/MINA_proj.ip_user_files/bd/design_1/ip/design_1_smartconnect_1_0/bd_0/ip/ip_8/sim/bd_88fd_routsw_0.sv" into library xil_defaultlib
INFO: [VRFC 10-311] analyzing module bd_88fd_routsw_0
INFO: [VRFC 10-2263] Analyzing SystemVerilog file "/home/ryanb/Documents/MINA/hw/custom_ip/MINA_proj/MINA_proj.ip_user_files/bd/design_1/ip/design_1_smartconnect_1_0/bd_0/ip/ip_9/sim/bd_88fd_awoutsw_0.sv" into library xil_defaultlib
INFO: [VRFC 10-311] analyzing module bd_88fd_awoutsw_0
INFO: [VRFC 10-2263] Analyzing SystemVerilog file "/home/ryanb/Documents/MINA/hw/custom_ip/MINA_proj/MINA_proj.ip_user_files/bd/design_1/ip/design_1_smartconnect_1_0/bd_0/ip/ip_10/sim/bd_88fd_woutsw_0.sv" into library xil_defaultlib
INFO: [VRFC 10-311] analyzing module bd_88fd_woutsw_0
INFO: [VRFC 10-2263] Analyzing SystemVerilog file "/home/ryanb/Documents/MINA/hw/custom_ip/MINA_proj/MINA_proj.ip_user_files/bd/design_1/ip/design_1_smartconnect_1_0/bd_0/ip/ip_11/sim/bd_88fd_boutsw_0.sv" into library xil_defaultlib
INFO: [VRFC 10-311] analyzing module bd_88fd_boutsw_0
INFO: [VRFC 10-2263] Analyzing SystemVerilog file "/home/ryanb/Documents/MINA/hw/custom_ip/MINA_proj/MINA_proj.ip_user_files/bd/design_1/ip/design_1_smartconnect_1_0/bd_0/ip/ip_12/sim/bd_88fd_arni_0.sv" into library xil_defaultlib
INFO: [VRFC 10-311] analyzing module bd_88fd_arni_0
INFO: [VRFC 10-2263] Analyzing SystemVerilog file "/home/ryanb/Documents/MINA/hw/custom_ip/MINA_proj/MINA_proj.ip_user_files/bd/design_1/ip/design_1_smartconnect_1_0/bd_0/ip/ip_13/sim/bd_88fd_rni_0.sv" into library xil_defaultlib
INFO: [VRFC 10-311] analyzing module bd_88fd_rni_0
INFO: [VRFC 10-2263] Analyzing SystemVerilog file "/home/ryanb/Documents/MINA/hw/custom_ip/MINA_proj/MINA_proj.ip_user_files/bd/design_1/ip/design_1_smartconnect_1_0/bd_0/ip/ip_14/sim/bd_88fd_awni_0.sv" into library xil_defaultlib
INFO: [VRFC 10-311] analyzing module bd_88fd_awni_0
INFO: [VRFC 10-2263] Analyzing SystemVerilog file "/home/ryanb/Documents/MINA/hw/custom_ip/MINA_proj/MINA_proj.ip_user_files/bd/design_1/ip/design_1_smartconnect_1_0/bd_0/ip/ip_15/sim/bd_88fd_wni_0.sv" into library xil_defaultlib
INFO: [VRFC 10-311] analyzing module bd_88fd_wni_0
INFO: [VRFC 10-2263] Analyzing SystemVerilog file "/home/ryanb/Documents/MINA/hw/custom_ip/MINA_proj/MINA_proj.ip_user_files/bd/design_1/ip/design_1_smartconnect_1_0/bd_0/ip/ip_16/sim/bd_88fd_bni_0.sv" into library xil_defaultlib
INFO: [VRFC 10-311] analyzing module bd_88fd_bni_0
INFO: [VRFC 10-2263] Analyzing SystemVerilog file "/home/ryanb/Documents/MINA/hw/custom_ip/MINA_proj/MINA_proj.ip_user_files/bd/design_1/ip/design_1_smartconnect_1_0/bd_0/ip/ip_17/sim/bd_88fd_s00mmu_0.sv" into library xil_defaultlib
INFO: [VRFC 10-311] analyzing module bd_88fd_s00mmu_0
INFO: [VRFC 10-2263] Analyzing SystemVerilog file "/home/ryanb/Documents/MINA/hw/custom_ip/MINA_proj/MINA_proj.ip_user_files/bd/design_1/ip/design_1_smartconnect_1_0/bd_0/ip/ip_18/sim/bd_88fd_s00tr_0.sv" into library xil_defaultlib
INFO: [VRFC 10-311] analyzing module bd_88fd_s00tr_0
INFO: [VRFC 10-2263] Analyzing SystemVerilog file "/home/ryanb/Documents/MINA/hw/custom_ip/MINA_proj/MINA_proj.ip_user_files/bd/design_1/ip/design_1_smartconnect_1_0/bd_0/ip/ip_19/sim/bd_88fd_s00sic_0.sv" into library xil_defaultlib
INFO: [VRFC 10-311] analyzing module bd_88fd_s00sic_0
INFO: [VRFC 10-2263] Analyzing SystemVerilog file "/home/ryanb/Documents/MINA/hw/custom_ip/MINA_proj/MINA_proj.ip_user_files/bd/design_1/ip/design_1_smartconnect_1_0/bd_0/ip/ip_20/sim/bd_88fd_s00a2s_0.sv" into library xil_defaultlib
INFO: [VRFC 10-311] analyzing module bd_88fd_s00a2s_0
INFO: [VRFC 10-2263] Analyzing SystemVerilog file "/home/ryanb/Documents/MINA/hw/custom_ip/MINA_proj/MINA_proj.ip_user_files/bd/design_1/ip/design_1_smartconnect_1_0/bd_0/ip/ip_21/sim/bd_88fd_sarn_0.sv" into library xil_defaultlib
INFO: [VRFC 10-311] analyzing module bd_88fd_sarn_0
INFO: [VRFC 10-2263] Analyzing SystemVerilog file "/home/ryanb/Documents/MINA/hw/custom_ip/MINA_proj/MINA_proj.ip_user_files/bd/design_1/ip/design_1_smartconnect_1_0/bd_0/ip/ip_22/sim/bd_88fd_srn_0.sv" into library xil_defaultlib
INFO: [VRFC 10-311] analyzing module bd_88fd_srn_0
INFO: [VRFC 10-2263] Analyzing SystemVerilog file "/home/ryanb/Documents/MINA/hw/custom_ip/MINA_proj/MINA_proj.ip_user_files/bd/design_1/ip/design_1_smartconnect_1_0/bd_0/ip/ip_23/sim/bd_88fd_sawn_0.sv" into library xil_defaultlib
INFO: [VRFC 10-311] analyzing module bd_88fd_sawn_0
INFO: [VRFC 10-2263] Analyzing SystemVerilog file "/home/ryanb/Documents/MINA/hw/custom_ip/MINA_proj/MINA_proj.ip_user_files/bd/design_1/ip/design_1_smartconnect_1_0/bd_0/ip/ip_24/sim/bd_88fd_swn_0.sv" into library xil_defaultlib
INFO: [VRFC 10-311] analyzing module bd_88fd_swn_0
INFO: [VRFC 10-2263] Analyzing SystemVerilog file "/home/ryanb/Documents/MINA/hw/custom_ip/MINA_proj/MINA_proj.ip_user_files/bd/design_1/ip/design_1_smartconnect_1_0/bd_0/ip/ip_25/sim/bd_88fd_sbn_0.sv" into library xil_defaultlib
INFO: [VRFC 10-311] analyzing module bd_88fd_sbn_0
INFO: [VRFC 10-2263] Analyzing SystemVerilog file "/home/ryanb/Documents/MINA/hw/custom_ip/MINA_proj/MINA_proj.ip_user_files/bd/design_1/ip/design_1_smartconnect_1_0/bd_0/ip/ip_26/sim/bd_88fd_m00s2a_0.sv" into library xil_defaultlib
INFO: [VRFC 10-311] analyzing module bd_88fd_m00s2a_0
INFO: [VRFC 10-2263] Analyzing SystemVerilog file "/home/ryanb/Documents/MINA/hw/custom_ip/MINA_proj/MINA_proj.ip_user_files/bd/design_1/ip/design_1_smartconnect_1_0/bd_0/ip/ip_27/sim/bd_88fd_m00arn_0.sv" into library xil_defaultlib
INFO: [VRFC 10-311] analyzing module bd_88fd_m00arn_0
INFO: [VRFC 10-2263] Analyzing SystemVerilog file "/home/ryanb/Documents/MINA/hw/custom_ip/MINA_proj/MINA_proj.ip_user_files/bd/design_1/ip/design_1_smartconnect_1_0/bd_0/ip/ip_28/sim/bd_88fd_m00rn_0.sv" into library xil_defaultlib
INFO: [VRFC 10-311] analyzing module bd_88fd_m00rn_0
INFO: [VRFC 10-2263] Analyzing SystemVerilog file "/home/ryanb/Documents/MINA/hw/custom_ip/MINA_proj/MINA_proj.ip_user_files/bd/design_1/ip/design_1_smartconnect_1_0/bd_0/ip/ip_29/sim/bd_88fd_m00awn_0.sv" into library xil_defaultlib
INFO: [VRFC 10-311] analyzing module bd_88fd_m00awn_0
INFO: [VRFC 10-2263] Analyzing SystemVerilog file "/home/ryanb/Documents/MINA/hw/custom_ip/MINA_proj/MINA_proj.ip_user_files/bd/design_1/ip/design_1_smartconnect_1_0/bd_0/ip/ip_30/sim/bd_88fd_m00wn_0.sv" into library xil_defaultlib
INFO: [VRFC 10-311] analyzing module bd_88fd_m00wn_0
INFO: [VRFC 10-2263] Analyzing SystemVerilog file "/home/ryanb/Documents/MINA/hw/custom_ip/MINA_proj/MINA_proj.ip_user_files/bd/design_1/ip/design_1_smartconnect_1_0/bd_0/ip/ip_31/sim/bd_88fd_m00bn_0.sv" into library xil_defaultlib
INFO: [VRFC 10-311] analyzing module bd_88fd_m00bn_0
INFO: [VRFC 10-2263] Analyzing SystemVerilog file "/home/ryanb/Documents/MINA/hw/custom_ip/MINA_proj/MINA_proj.ip_user_files/bd/design_1/ip/design_1_smartconnect_1_0/bd_0/ip/ip_32/sim/bd_88fd_m00e_0.sv" into library xil_defaultlib
INFO: [VRFC 10-311] analyzing module bd_88fd_m00e_0
INFO: [VRFC 10-2263] Analyzing SystemVerilog file "/home/ryanb/Documents/MINA/hw/custom_ip/MINA_proj/MINA_proj.ip_user_files/bd/design_1/ip/design_1_smartconnect_1_0/bd_0/ip/ip_33/sim/bd_88fd_m01s2a_0.sv" into library xil_defaultlib
INFO: [VRFC 10-311] analyzing module bd_88fd_m01s2a_0
INFO: [VRFC 10-2263] Analyzing SystemVerilog file "/home/ryanb/Documents/MINA/hw/custom_ip/MINA_proj/MINA_proj.ip_user_files/bd/design_1/ip/design_1_smartconnect_1_0/bd_0/ip/ip_34/sim/bd_88fd_m01arn_0.sv" into library xil_defaultlib
INFO: [VRFC 10-311] analyzing module bd_88fd_m01arn_0
INFO: [VRFC 10-2263] Analyzing SystemVerilog file "/home/ryanb/Documents/MINA/hw/custom_ip/MINA_proj/MINA_proj.ip_user_files/bd/design_1/ip/design_1_smartconnect_1_0/bd_0/ip/ip_35/sim/bd_88fd_m01rn_0.sv" into library xil_defaultlib
INFO: [VRFC 10-311] analyzing module bd_88fd_m01rn_0
INFO: [VRFC 10-2263] Analyzing SystemVerilog file "/home/ryanb/Documents/MINA/hw/custom_ip/MINA_proj/MINA_proj.ip_user_files/bd/design_1/ip/design_1_smartconnect_1_0/bd_0/ip/ip_36/sim/bd_88fd_m01awn_0.sv" into library xil_defaultlib
INFO: [VRFC 10-311] analyzing module bd_88fd_m01awn_0
INFO: [VRFC 10-2263] Analyzing SystemVerilog file "/home/ryanb/Documents/MINA/hw/custom_ip/MINA_proj/MINA_proj.ip_user_files/bd/design_1/ip/design_1_smartconnect_1_0/bd_0/ip/ip_37/sim/bd_88fd_m01wn_0.sv" into library xil_defaultlib
INFO: [VRFC 10-311] analyzing module bd_88fd_m01wn_0
INFO: [VRFC 10-2263] Analyzing SystemVerilog file "/home/ryanb/Documents/MINA/hw/custom_ip/MINA_proj/MINA_proj.ip_user_files/bd/design_1/ip/design_1_smartconnect_1_0/bd_0/ip/ip_38/sim/bd_88fd_m01bn_0.sv" into library xil_defaultlib
INFO: [VRFC 10-311] analyzing module bd_88fd_m01bn_0
INFO: [VRFC 10-2263] Analyzing SystemVerilog file "/home/ryanb/Documents/MINA/hw/custom_ip/MINA_proj/MINA_proj.ip_user_files/bd/design_1/ip/design_1_smartconnect_1_0/bd_0/ip/ip_39/sim/bd_88fd_m01e_0.sv" into library xil_defaultlib
INFO: [VRFC 10-311] analyzing module bd_88fd_m01e_0
INFO: [VRFC 10-2263] Analyzing SystemVerilog file "/home/ryanb/Documents/MINA/hw/custom_ip/MINA_proj/MINA_proj.ip_user_files/bd/design_1/ip/design_1_smartconnect_1_0/bd_0/ip/ip_40/sim/bd_88fd_m02s2a_0.sv" into library xil_defaultlib
INFO: [VRFC 10-311] analyzing module bd_88fd_m02s2a_0
INFO: [VRFC 10-2263] Analyzing SystemVerilog file "/home/ryanb/Documents/MINA/hw/custom_ip/MINA_proj/MINA_proj.ip_user_files/bd/design_1/ip/design_1_smartconnect_1_0/bd_0/ip/ip_41/sim/bd_88fd_m02arn_0.sv" into library xil_defaultlib
INFO: [VRFC 10-311] analyzing module bd_88fd_m02arn_0
INFO: [VRFC 10-2263] Analyzing SystemVerilog file "/home/ryanb/Documents/MINA/hw/custom_ip/MINA_proj/MINA_proj.ip_user_files/bd/design_1/ip/design_1_smartconnect_1_0/bd_0/ip/ip_42/sim/bd_88fd_m02rn_0.sv" into library xil_defaultlib
INFO: [VRFC 10-311] analyzing module bd_88fd_m02rn_0
INFO: [VRFC 10-2263] Analyzing SystemVerilog file "/home/ryanb/Documents/MINA/hw/custom_ip/MINA_proj/MINA_proj.ip_user_files/bd/design_1/ip/design_1_smartconnect_1_0/bd_0/ip/ip_43/sim/bd_88fd_m02awn_0.sv" into library xil_defaultlib
INFO: [VRFC 10-311] analyzing module bd_88fd_m02awn_0
INFO: [VRFC 10-2263] Analyzing SystemVerilog file "/home/ryanb/Documents/MINA/hw/custom_ip/MINA_proj/MINA_proj.ip_user_files/bd/design_1/ip/design_1_smartconnect_1_0/bd_0/ip/ip_44/sim/bd_88fd_m02wn_0.sv" into library xil_defaultlib
INFO: [VRFC 10-311] analyzing module bd_88fd_m02wn_0
INFO: [VRFC 10-2263] Analyzing SystemVerilog file "/home/ryanb/Documents/MINA/hw/custom_ip/MINA_proj/MINA_proj.ip_user_files/bd/design_1/ip/design_1_smartconnect_1_0/bd_0/ip/ip_45/sim/bd_88fd_m02bn_0.sv" into library xil_defaultlib
INFO: [VRFC 10-311] analyzing module bd_88fd_m02bn_0
INFO: [VRFC 10-2263] Analyzing SystemVerilog file "/home/ryanb/Documents/MINA/hw/custom_ip/MINA_proj/MINA_proj.ip_user_files/bd/design_1/ip/design_1_smartconnect_1_0/bd_0/ip/ip_46/sim/bd_88fd_m02e_0.sv" into library xil_defaultlib
INFO: [VRFC 10-311] analyzing module bd_88fd_m02e_0
INFO: [VRFC 10-2263] Analyzing SystemVerilog file "/home/ryanb/Documents/MINA/hw/custom_ip/MINA_proj/MINA_proj.ip_user_files/bd/design_1/ip/design_1_smartconnect_1_0/bd_0/ip/ip_47/sim/bd_88fd_m03s2a_0.sv" into library xil_defaultlib
INFO: [VRFC 10-311] analyzing module bd_88fd_m03s2a_0
INFO: [VRFC 10-2263] Analyzing SystemVerilog file "/home/ryanb/Documents/MINA/hw/custom_ip/MINA_proj/MINA_proj.ip_user_files/bd/design_1/ip/design_1_smartconnect_1_0/bd_0/ip/ip_48/sim/bd_88fd_m03arn_0.sv" into library xil_defaultlib
INFO: [VRFC 10-311] analyzing module bd_88fd_m03arn_0
INFO: [VRFC 10-2263] Analyzing SystemVerilog file "/home/ryanb/Documents/MINA/hw/custom_ip/MINA_proj/MINA_proj.ip_user_files/bd/design_1/ip/design_1_smartconnect_1_0/bd_0/ip/ip_49/sim/bd_88fd_m03rn_0.sv" into library xil_defaultlib
INFO: [VRFC 10-311] analyzing module bd_88fd_m03rn_0
INFO: [VRFC 10-2263] Analyzing SystemVerilog file "/home/ryanb/Documents/MINA/hw/custom_ip/MINA_proj/MINA_proj.ip_user_files/bd/design_1/ip/design_1_smartconnect_1_0/bd_0/ip/ip_50/sim/bd_88fd_m03awn_0.sv" into library xil_defaultlib
INFO: [VRFC 10-311] analyzing module bd_88fd_m03awn_0
INFO: [VRFC 10-2263] Analyzing SystemVerilog file "/home/ryanb/Documents/MINA/hw/custom_ip/MINA_proj/MINA_proj.ip_user_files/bd/design_1/ip/design_1_smartconnect_1_0/bd_0/ip/ip_51/sim/bd_88fd_m03wn_0.sv" into library xil_defaultlib
INFO: [VRFC 10-311] analyzing module bd_88fd_m03wn_0
INFO: [VRFC 10-2263] Analyzing SystemVerilog file "/home/ryanb/Documents/MINA/hw/custom_ip/MINA_proj/MINA_proj.ip_user_files/bd/design_1/ip/design_1_smartconnect_1_0/bd_0/ip/ip_52/sim/bd_88fd_m03bn_0.sv" into library xil_defaultlib
INFO: [VRFC 10-311] analyzing module bd_88fd_m03bn_0
INFO: [VRFC 10-2263] Analyzing SystemVerilog file "/home/ryanb/Documents/MINA/hw/custom_ip/MINA_proj/MINA_proj.ip_user_files/bd/design_1/ip/design_1_smartconnect_1_0/bd_0/ip/ip_53/sim/bd_88fd_m03e_0.sv" into library xil_defaultlib
INFO: [VRFC 10-311] analyzing module bd_88fd_m03e_0
INFO: [VRFC 10-2263] Analyzing SystemVerilog file "/home/ryanb/Documents/MINA/hw/custom_ip/MINA_proj/MINA_proj.ip_user_files/bd/design_1/ip/design_1_smartconnect_1_0/bd_0/ip/ip_54/sim/bd_88fd_m04s2a_0.sv" into library xil_defaultlib
INFO: [VRFC 10-311] analyzing module bd_88fd_m04s2a_0
INFO: [VRFC 10-2263] Analyzing SystemVerilog file "/home/ryanb/Documents/MINA/hw/custom_ip/MINA_proj/MINA_proj.ip_user_files/bd/design_1/ip/design_1_smartconnect_1_0/bd_0/ip/ip_55/sim/bd_88fd_m04arn_0.sv" into library xil_defaultlib
INFO: [VRFC 10-311] analyzing module bd_88fd_m04arn_0
INFO: [VRFC 10-2263] Analyzing SystemVerilog file "/home/ryanb/Documents/MINA/hw/custom_ip/MINA_proj/MINA_proj.ip_user_files/bd/design_1/ip/design_1_smartconnect_1_0/bd_0/ip/ip_56/sim/bd_88fd_m04rn_0.sv" into library xil_defaultlib
INFO: [VRFC 10-311] analyzing module bd_88fd_m04rn_0
INFO: [VRFC 10-2263] Analyzing SystemVerilog file "/home/ryanb/Documents/MINA/hw/custom_ip/MINA_proj/MINA_proj.ip_user_files/bd/design_1/ip/design_1_smartconnect_1_0/bd_0/ip/ip_57/sim/bd_88fd_m04awn_0.sv" into library xil_defaultlib
INFO: [VRFC 10-311] analyzing module bd_88fd_m04awn_0
INFO: [VRFC 10-2263] Analyzing SystemVerilog file "/home/ryanb/Documents/MINA/hw/custom_ip/MINA_proj/MINA_proj.ip_user_files/bd/design_1/ip/design_1_smartconnect_1_0/bd_0/ip/ip_58/sim/bd_88fd_m04wn_0.sv" into library xil_defaultlib
INFO: [VRFC 10-311] analyzing module bd_88fd_m04wn_0
INFO: [VRFC 10-2263] Analyzing SystemVerilog file "/home/ryanb/Documents/MINA/hw/custom_ip/MINA_proj/MINA_proj.ip_user_files/bd/design_1/ip/design_1_smartconnect_1_0/bd_0/ip/ip_59/sim/bd_88fd_m04bn_0.sv" into library xil_defaultlib
INFO: [VRFC 10-311] analyzing module bd_88fd_m04bn_0
INFO: [VRFC 10-2263] Analyzing SystemVerilog file "/home/ryanb/Documents/MINA/hw/custom_ip/MINA_proj/MINA_proj.ip_user_files/bd/design_1/ip/design_1_smartconnect_1_0/bd_0/ip/ip_60/sim/bd_88fd_m04e_0.sv" into library xil_defaultlib
INFO: [VRFC 10-311] analyzing module bd_88fd_m04e_0
INFO: [VRFC 10-2263] Analyzing SystemVerilog file "/home/ryanb/Documents/MINA/hw/custom_ip/MINA_proj/MINA_proj.ip_user_files/bd/design_1/ip/design_1_smartconnect_1_0/sim/design_1_smartconnect_1_0.sv" into library xil_defaultlib
INFO: [VRFC 10-311] analyzing module design_1_smartconnect_1_0
INFO: [VRFC 10-2263] Analyzing Verilog file "/home/ryanb/Documents/MINA/hw/custom_ip/MINA_proj/MINA_proj.ip_user_files/bd/design_1/ip/design_1_plic_axil_wrapper_0_0/sim/design_1_plic_axil_wrapper_0_0.v" into library xil_defaultlib
INFO: [VRFC 10-311] analyzing module design_1_plic_axil_wrapper_0_0
INFO: [VRFC 10-2263] Analyzing Verilog file "/home/ryanb/Documents/MINA/hw/custom_ip/MINA_proj/MINA_proj.ip_user_files/bd/design_1/ip/design_1_axil_timer_64_0_0/sim/design_1_axil_timer_64_0_0.v" into library xil_defaultlib
INFO: [VRFC 10-311] analyzing module design_1_axil_timer_64_0_0
INFO: [VRFC 10-2263] Analyzing Verilog file "/home/ryanb/Documents/MINA/hw/custom_ip/MINA_proj/MINA_proj.ip_user_files/bd/design_1/ip/design_1_xlconcat_0_0/sim/design_1_xlconcat_0_0.v" into library xil_defaultlib
INFO: [VRFC 10-311] analyzing module design_1_xlconcat_0_0
INFO: [VRFC 10-2263] Analyzing Verilog file "/home/ryanb/Documents/MINA/hw/custom_ip/MINA_proj/MINA_proj.ip_user_files/bd/design_1/ip/design_1_i2c_master_axil_0_0/sim/design_1_i2c_master_axil_0_0.v" into library xil_defaultlib
INFO: [VRFC 10-311] analyzing module design_1_i2c_master_axil_0_0
INFO: [VRFC 10-2263] Analyzing Verilog file "/home/ryanb/Documents/MINA/hw/custom_ip/MINA_proj/MINA_proj.ip_user_files/bd/design_1/ip/design_1_negation_1_2/sim/design_1_negation_1_2.v" into library xil_defaultlib
INFO: [VRFC 10-311] analyzing module design_1_negation_1_2
INFO: [VRFC 10-2263] Analyzing Verilog file "/home/ryanb/Documents/MINA/hw/custom_ip/MINA_proj/MINA_proj.ip_user_files/bd/design_1/ip/design_1_axi_uart_bootloader_1_0/sim/design_1_axi_uart_bootloader_1_0.v" into library xil_defaultlib
INFO: [VRFC 10-311] analyzing module design_1_axi_uart_bootloader_1_0
INFO: [VRFC 10-2263] Analyzing Verilog file "/home/ryanb/Documents/MINA/hw/custom_ip/MINA_proj/MINA_proj.ip_user_files/bd/design_1/ip/design_1_negation_0_0/sim/design_1_negation_0_0.v" into library xil_defaultlib
INFO: [VRFC 10-311] analyzing module design_1_negation_0_0
INFO: [VRFC 10-2263] Analyzing Verilog file "/home/ryanb/Documents/MINA/hw/custom_ip/MINA_proj/MINA_proj.ip_user_files/bd/design_1/ip/design_1_negation_0_1/sim/design_1_negation_0_1.v" into library xil_defaultlib
INFO: [VRFC 10-311] analyzing module design_1_negation_0_1
INFO: [VRFC 10-2263] Analyzing Verilog file "/home/ryanb/Documents/MINA/hw/custom_ip/MINA_proj/MINA_proj.ip_user_files/bd/design_1/ip/design_1_basic_or_0_0/sim/design_1_basic_or_0_0.v" into library xil_defaultlib
INFO: [VRFC 10-311] analyzing module design_1_basic_or_0_0
INFO: [VRFC 10-2263] Analyzing Verilog file "/home/ryanb/Documents/MINA/hw/custom_ip/MINA_proj/MINA_proj.ip_user_files/bd/design_1/ip/design_1_negation_1_0/sim/design_1_negation_1_0.v" into library xil_defaultlib
INFO: [VRFC 10-311] analyzing module design_1_negation_1_0
INFO: [VRFC 10-2263] Analyzing Verilog file "/home/ryanb/Documents/MINA/hw/custom_ip/MINA_proj/MINA_proj.ip_user_files/bd/design_1/ip/design_1_clk_wiz_0_2/design_1_clk_wiz_0_2_clk_wiz.v" into library xil_defaultlib
INFO: [VRFC 10-311] analyzing module design_1_clk_wiz_0_2_clk_wiz
INFO: [VRFC 10-2263] Analyzing Verilog file "/home/ryanb/Documents/MINA/hw/custom_ip/MINA_proj/MINA_proj.ip_user_files/bd/design_1/ip/design_1_clk_wiz_0_2/design_1_clk_wiz_0_2.v" into library xil_defaultlib
INFO: [VRFC 10-311] analyzing module design_1_clk_wiz_0_2
INFO: [VRFC 10-2263] Analyzing Verilog file "/home/ryanb/Documents/MINA/hw/custom_ip/MINA_proj/MINA_proj.ip_user_files/bd/design_1/ip/design_1_negation_1_3/sim/design_1_negation_1_3.v" into library xil_defaultlib
INFO: [VRFC 10-311] analyzing module design_1_negation_1_3
INFO: [VRFC 10-2263] Analyzing Verilog file "/home/ryanb/Documents/MINA/hw/custom_ip/MINA_proj/MINA_proj.ip_user_files/bd/design_1/sim/design_1.v" into library xil_defaultlib
INFO: [VRFC 10-311] analyzing module cpu_reset_controller_imp_Y312CB
INFO: [VRFC 10-311] analyzing module design_1
INFO: [VRFC 10-311] analyzing module instr_ram_imp_1811FLP
INFO: [VRFC 10-311] analyzing module peripherals_imp_1BOSXT5
INFO: [VRFC 10-2263] Analyzing Verilog file "/home/ryanb/Documents/MINA/hw/custom_ip/MINA_proj/MINA_proj.gen/sources_1/bd/design_1/hdl/design_1_wrapper.v" into library xil_defaultlib
INFO: [VRFC 10-311] analyzing module design_1_wrapper
xvhdl --incr --relax -prj tb_design_1_wrapper_vhdl.prj
INFO: [VRFC 10-163] Analyzing VHDL file "/home/ryanb/Documents/MINA/hw/custom_ip/MINA_proj/MINA_proj.ip_user_files/bd/design_1/ip/design_1_smartconnect_0_0/bd_0/ip/ip_1/sim/bd_48ac_psr_aclk_0.vhd" into library xil_defaultlib
INFO: [VRFC 10-3107] analyzing entity 'bd_48ac_psr_aclk_0'
INFO: [VRFC 10-163] Analyzing VHDL file "/home/ryanb/Documents/MINA/hw/custom_ip/MINA_proj/MINA_proj.ip_user_files/bd/design_1/ip/design_1_smartconnect_1_0/bd_0/ip/ip_1/sim/bd_88fd_psr_aclk_0.vhd" into library xil_defaultlib
INFO: [VRFC 10-3107] analyzing entity 'bd_88fd_psr_aclk_0'
Waiting for jobs to finish...
No pending jobs, compilation finished.
INFO: [USF-XSim-69] 'compile' step finished in '2' seconds
launch_simulation: Time (s): cpu = 00:00:14 ; elapsed = 00:00:13 . Memory (MB): peak = 11714.523 ; gain = 0.000 ; free physical = 10331 ; free virtual = 16484
Command: launch_simulation -step elaborate -simset bootloader_tb -mode behavioral
INFO: [Vivado 12-25911] Executing simulation for 'XSim' simulator
INFO: [Project 1-5737] Running on host ryan-21k8s14n00 (64) - EndeavourOS Linux
INFO: [Vivado 12-28535] Process started - Sun Sep  6 21:04:42 2026

INFO: [Vivado 12-12493] Simulation top is 'tb_design_1_wrapper'
INFO: [Vivado 12-5698] Checking validity of IPs in the design for the 'XSim' simulator...
INFO: [Vivado 12-5682] Launching behavioral simulation in '/home/ryanb/Documents/MINA/hw/custom_ip/MINA_proj/MINA_proj.sim/bootloader_tb/behav/xsim'
INFO: [Vivado 12-13660] Precompiled IP simulation library mode is enabled (default). The design IP libraries will be referenced from the compiled library path. Please note that if the precompiled version of the library is not found from the path or the IP is in locked state, then the library source files for these IPs will be compiled locally as part of the compile order.
INFO: [Vivado 12-4795] Using compiled simulation libraries for IPs
INFO: [SIM-utils-51] Simulation object is 'bootloader_tb'
INFO: [USF-XSim-3] XSim::Elaborate design
expected boolean value but got ""
    while executing
"if { $b_requires_vip } {
      return true
    }"
    ("foreach" body line 4)
    invoked from within
"foreach ip [array names a_sim_cache_all_ip_obj] {
    set ip_obj $a_sim_cache_all_ip_obj($ip)
    set b_requires_vip [get_property -quiet requires_vip..."
    (procedure "xcs_design_contain_sv_ip" line 9)
    invoked from within
"xcs_design_contain_sv_ip"
    (procedure "usf_xsim_get_xelab_cmdline_args" line 380)
    invoked from within
"usf_xsim_get_xelab_cmdline_args"
    (procedure "usf_xsim_write_elaborate_script" line 81)
    invoked from within
"usf_xsim_write_elaborate_script scr_filename"
    (procedure "tclapp::xilinx::xsim::elaborate" line 10)
    invoked from within
"tclapp::xilinx::xsim::elaborate { -simset bootloader_tb -mode behavioral -run_dir /home/ryanb/Documents/MINA/hw/custom_ip/MINA_proj/MINA_proj.sim/boot..."
ERROR: [Vivado 12-4473] Detected error while running simulation. Please correct the issue and retry this operation.
ERROR: [Common 17-161] Invalid option value 'null' specified for 'object'.
relaunch_sim: Time (s): cpu = 00:00:16 ; elapsed = 00:00:14 . Memory (MB): peak = 11714.523 ; gain = 0.000 ; free physical = 10398 ; free virtual = 16550
ERROR: [Common 17-69] Command failed: ERROR: [Common 17-39] 'launch_simulation' failed due to earlier errors.

save_wave_config {/home/ryanb/Documents/MINA/hw/custom_ip/MINA_proj/tb_design_1_wrapper_behav.wcfg}
close_sim
INFO: [Simtcl 6-16] Simulation closed
exit
INFO: [Common 17-206] Exiting Vivado at Sun Sep  6 21:04:59 2026...
