#-----------------------------------------------------------
# Vivado v2025.2 (64-bit)
# SW Build 6299465 on Fri Nov 14 12:34:56 MST 2025
# IP Build 6300035 on Fri Nov 14 10:48:45 MST 2025
# SharedData Build 6298862 on Thu Nov 13 04:50:51 MST 2025
# Start of session at: Fri Sep  4 14:14:20 2026
# Process ID         : 24220
# Current directory  : /home/ryanb/Documents/MINA/hw/custom_ip
# Command line       : vivado
# Log file           : /home/ryanb/Documents/MINA/hw/custom_ip/vivado.log
# Journal file       : /home/ryanb/Documents/MINA/hw/custom_ip/vivado.jou
# Running On         : ryan-21k8s14n00
# Platform           : EndeavourOS
# Operating System   : EndeavourOS Linux
# Processor Detail   : AMD Ryzen 7 PRO 7840U w/ Radeon 780M Graphics
# CPU Frequency      : 1396.621 MHz
# CPU Physical cores : 8
# CPU Logical cores  : 16
# Host memory        : 32211 MB
# Swap memory        : 0 MB
# Total Virtual      : 32211 MB
# Available Virtual  : 18556 MB
#-----------------------------------------------------------
start_gui
WARNING: [Board 49-26] cannot add Board Part digilentinc.com:arty-a7-100:part0:1.0 available at /opt/Xilinx/2025.2/data/boards/board_files/arty-a7-100/E.0/1.0/board.xml as part xc7a100tcsg324-1 specified in board_part file is either invalid or not available
WARNING: [Board 49-26] cannot add Board Part digilentinc.com:arty-a7-100:part0:1.1 available at /opt/Xilinx/2025.2/data/boards/board_files/arty-a7-100/E.0/1.1/board.xml as part xc7a100tcsg324-1 specified in board_part file is either invalid or not available
WARNING: [Board 49-26] cannot add Board Part digilentinc.com:arty-a7-35:part0:1.0 available at /opt/Xilinx/2025.2/data/boards/board_files/arty-a7-35/E.0/1.0/board.xml as part xc7a35ticsg324-1l specified in board_part file is either invalid or not available
WARNING: [Board 49-26] cannot add Board Part digilentinc.com:arty-a7-35:part0:1.1 available at /opt/Xilinx/2025.2/data/boards/board_files/arty-a7-35/E.0/1.1/board.xml as part xc7a35ticsg324-1l specified in board_part file is either invalid or not available
WARNING: [Board 49-26] cannot add Board Part digilentinc.com:arty-z7-10:part0:1.1 available at /opt/Xilinx/2025.2/data/boards/board_files/arty-z7-10/A.0/board.xml as part xc7z010clg400-1 specified in board_part file is either invalid or not available
WARNING: [Board 49-26] cannot add Board Part digilentinc.com:arty-z7-20:part0:1.1 available at /opt/Xilinx/2025.2/data/boards/board_files/arty-z7-20/A.0/board.xml as part xc7z020clg400-1 specified in board_part file is either invalid or not available
WARNING: [Board 49-26] cannot add Board Part digilentinc.com:arty:part0:1.1 available at /opt/Xilinx/2025.2/data/boards/board_files/arty/C.0/board.xml as part xc7a35ticsg324-1l specified in board_part file is either invalid or not available
WARNING: [Board 49-26] cannot add Board Part digilentinc.com:basys3:part0:1.2 available at /opt/Xilinx/2025.2/data/boards/board_files/basys3/C.0/board.xml as part xc7a35tcpg236-1 specified in board_part file is either invalid or not available
WARNING: [Board 49-26] cannot add Board Part digilentinc.com:cmod_a7-15t:part0:1.2 available at /opt/Xilinx/2025.2/data/boards/board_files/cmod_a7-15t/B.0/board.xml as part xc7a15tcpg236-1 specified in board_part file is either invalid or not available
WARNING: [Board 49-26] cannot add Board Part digilentinc.com:cmod_a7-35t:part0:1.2 available at /opt/Xilinx/2025.2/data/boards/board_files/cmod_a7-35t/B.0/board.xml as part xc7a35tcpg236-1 specified in board_part file is either invalid or not available
WARNING: [Board 49-26] cannot add Board Part digilentinc.com:cora-z7-07s:part0:1.1 available at /opt/Xilinx/2025.2/data/boards/board_files/cora-z7-07s/B.0/board.xml as part xc7z007sclg400-1 specified in board_part file is either invalid or not available
WARNING: [Board 49-26] cannot add Board Part digilentinc.com:cora-z7-10:part0:1.1 available at /opt/Xilinx/2025.2/data/boards/board_files/cora-z7-10/B.0/board.xml as part xc7z010clg400-1 specified in board_part file is either invalid or not available
WARNING: [Board 49-26] cannot add Board Part digilentinc.com:eclypse-z7:part0:1.0 available at /opt/Xilinx/2025.2/data/boards/board_files/eclypse-z7/A.0/board.xml as part xc7z020clg484-1 specified in board_part file is either invalid or not available
WARNING: [Board 49-26] cannot add Board Part digilentinc.com:eclypse-z7:part0:1.1 available at /opt/Xilinx/2025.2/data/boards/board_files/eclypse-z7/B.0/board.xml as part xc7z020clg484-1 specified in board_part file is either invalid or not available
WARNING: [Board 49-26] cannot add Board Part digilentinc.com:genesys2:part0:1.1 available at /opt/Xilinx/2025.2/data/boards/board_files/genesys2/H/board.xml as part xc7k325tffg900-2 specified in board_part file is either invalid or not available
WARNING: [Board 49-26] cannot add Board Part digilentinc.com:gzu_3eg:part0:1.0 available at /opt/Xilinx/2025.2/data/boards/board_files/genesys-zu-3eg/B.0/board.xml as part xczu3eg-sfvc784-1-e specified in board_part file is either invalid or not available
WARNING: [Board 49-26] cannot add Board Part digilentinc.com:gzu_3eg:part0:1.1 available at /opt/Xilinx/2025.2/data/boards/board_files/genesys-zu-3eg/D.0/board.xml as part xczu3eg-sfvc784-1-e specified in board_part file is either invalid or not available
WARNING: [Board 49-26] cannot add Board Part digilentinc.com:gzu_5ev:part0:1.1 available at /opt/Xilinx/2025.2/data/boards/board_files/genesys-zu-5ev/C.0/board.xml as part xczu5ev-sfvc784-1-e specified in board_part file is either invalid or not available
WARNING: [Board 49-26] cannot add Board Part digilentinc.com:nexys-a7-100t:part0:1.0 available at /opt/Xilinx/2025.2/data/boards/board_files/nexys-a7-100t/D.0/1.0/board.xml as part xc7a100tcsg324-1 specified in board_part file is either invalid or not available
WARNING: [Board 49-26] cannot add Board Part digilentinc.com:nexys-a7-100t:part0:1.3 available at /opt/Xilinx/2025.2/data/boards/board_files/nexys-a7-100t/D.0/1.3/board.xml as part xc7a100tcsg324-1 specified in board_part file is either invalid or not available
WARNING: [Board 49-26] cannot add Board Part digilentinc.com:nexys-a7-50t:part0:1.0 available at /opt/Xilinx/2025.2/data/boards/board_files/nexys-a7-50t/D.0/1.0/board.xml as part xc7a50ticsg324-1l specified in board_part file is either invalid or not available
WARNING: [Board 49-26] cannot add Board Part digilentinc.com:nexys-a7-50t:part0:1.3 available at /opt/Xilinx/2025.2/data/boards/board_files/nexys-a7-50t/D.0/1.3/board.xml as part xc7a50ticsg324-1l specified in board_part file is either invalid or not available
WARNING: [Board 49-26] cannot add Board Part digilentinc.com:nexys4:part0:1.1 available at /opt/Xilinx/2025.2/data/boards/board_files/nexys4/B.1/board.xml as part xc7a100tcsg324-1 specified in board_part file is either invalid or not available
WARNING: [Board 49-26] cannot add Board Part digilentinc.com:nexys4_ddr:part0:1.1 available at /opt/Xilinx/2025.2/data/boards/board_files/nexys4_ddr/C.1/board.xml as part xc7a100tcsg324-1 specified in board_part file is either invalid or not available
WARNING: [Board 49-26] cannot add Board Part digilentinc.com:nexys_video:part0:1.1 available at /opt/Xilinx/2025.2/data/boards/board_files/nexys_video/A.0/1.1/board.xml as part xc7a200tsbg484-1 specified in board_part file is either invalid or not available
WARNING: [Board 49-26] cannot add Board Part digilentinc.com:nexys_video:part0:1.2 available at /opt/Xilinx/2025.2/data/boards/board_files/nexys_video/A.0/1.2/board.xml as part xc7a200tsbg484-1 specified in board_part file is either invalid or not available
WARNING: [Board 49-26] cannot add Board Part digilentinc.com:sword:part0:1.0 available at /opt/Xilinx/2025.2/data/boards/board_files/sword/C.0/board.xml as part xc7k325tffg900-2 specified in board_part file is either invalid or not available
WARNING: [Board 49-26] cannot add Board Part digilentinc.com:usb104-a7:part0:1.0 available at /opt/Xilinx/2025.2/data/boards/board_files/usb104-a7/B/1.0/board.xml as part xc7a100tcsg324-1 specified in board_part file is either invalid or not available
WARNING: [Board 49-26] cannot add Board Part digilentinc.com:usb104-a7:part0:1.1 available at /opt/Xilinx/2025.2/data/boards/board_files/usb104-a7/B/1.1/board.xml as part xc7a100tcsg324-1 specified in board_part file is either invalid or not available
WARNING: [Board 49-26] cannot add Board Part digilentinc.com:usb104-a7:part0:1.2 available at /opt/Xilinx/2025.2/data/boards/board_files/usb104-a7/B/1.2/board.xml as part xc7a100tcsg324-1 specified in board_part file is either invalid or not available
WARNING: [Board 49-26] cannot add Board Part digilentinc.com:usb104-a7:part0:1.3 available at /opt/Xilinx/2025.2/data/boards/board_files/usb104-a7/B/1.3/board.xml as part xc7a100tcsg324-1 specified in board_part file is either invalid or not available
WARNING: [Board 49-26] cannot add Board Part digilentinc.com:zedboard:part0:1.1 available at /opt/Xilinx/2025.2/data/boards/board_files/zedboard/1.3/board.xml as part xc7z020clg484-1 specified in board_part file is either invalid or not available
WARNING: [Board 49-26] cannot add Board Part digilentinc.com:zybo-z7-10:part0:1.2 available at /opt/Xilinx/2025.2/data/boards/board_files/zybo-z7-10/A.0/board.xml as part xc7z010clg400-1 specified in board_part file is either invalid or not available
WARNING: [Board 49-26] cannot add Board Part digilentinc.com:zybo-z7-20:part0:1.2 available at /opt/Xilinx/2025.2/data/boards/board_files/zybo-z7-20/A.0/board.xml as part xc7z020clg400-1 specified in board_part file is either invalid or not available
WARNING: [Board 49-26] cannot add Board Part digilentinc.com:zybo:part0:1.0 available at /opt/Xilinx/2025.2/data/boards/board_files/zybo/B.3/board.xml as part xc7z010clg400-1 specified in board_part file is either invalid or not available
WARNING: [Board 49-26] cannot add Board Part digilentinc.com:zybo:part0:2.0 available at /opt/Xilinx/2025.2/data/boards/board_files/zybo/B.4/board.xml as part xc7z010clg400-1 specified in board_part file is either invalid or not available
WARNING: [Board 49-26] cannot add Board Part xilinx.com:ac701:part0:1.4 available at /opt/Xilinx/2025.2/data/xhub/boards/XilinxBoardStore/boards/Xilinx/ac701/1.4/board.xml as part xc7a200tfbg676-2 specified in board_part file is either invalid or not available
WARNING: [Board 49-26] cannot add Board Part xilinx.com:emb-plus-vpr-4616:part0:1.0 available at /opt/Xilinx/2025.2/data/xhub/boards/XilinxBoardStore/boards/Xilinx/emb-plus-vpr-4616/1.0/board.xml as part xcve2302-sfva784-2mp-e-s specified in board_part file is either invalid or not available
WARNING: [Board 49-26] cannot add Board Part xilinx.com:emb-plus-vpr-4616:part0:1.1 available at /opt/Xilinx/2025.2/data/xhub/boards/XilinxBoardStore/boards/Xilinx/emb-plus-vpr-4616/1.1/board.xml as part xcve2302-sfva784-2mp-e-s specified in board_part file is either invalid or not available
WARNING: [Board 49-26] cannot add Board Part xilinx.com:k24c:part0:1.0 available at /opt/Xilinx/2025.2/data/xhub/boards/XilinxBoardStore/boards/Xilinx/k24c/1.0/board.xml as part xck24-ubva530-2lv-c specified in board_part file is either invalid or not available
WARNING: [Board 49-26] cannot add Board Part xilinx.com:k24c:part0:1.1 available at /opt/Xilinx/2025.2/data/xhub/boards/XilinxBoardStore/boards/Xilinx/k24c/1.1/board.xml as part xck24-ubva530-2lv-c specified in board_part file is either invalid or not available
WARNING: [Board 49-26] cannot add Board Part xilinx.com:k24i:part0:1.0 available at /opt/Xilinx/2025.2/data/xhub/boards/XilinxBoardStore/boards/Xilinx/k24i/1.0/board.xml as part xck24-ubva530-2lvi-i specified in board_part file is either invalid or not available
WARNING: [Board 49-26] cannot add Board Part xilinx.com:k26c:part0:1.2 available at /opt/Xilinx/2025.2/data/xhub/boards/XilinxBoardStore/boards/Xilinx/k26c/1.2/board.xml as part xck26-sfvc784-2lv-c specified in board_part file is either invalid or not available
WARNING: [Board 49-26] cannot add Board Part xilinx.com:k26c:part0:1.3 available at /opt/Xilinx/2025.2/data/xhub/boards/XilinxBoardStore/boards/Xilinx/k26c/1.3/board.xml as part xck26-sfvc784-2lv-c specified in board_part file is either invalid or not available
WARNING: [Board 49-26] cannot add Board Part xilinx.com:k26c:part0:1.4 available at /opt/Xilinx/2025.2/data/xhub/boards/XilinxBoardStore/boards/Xilinx/k26c/1.4/board.xml as part xck26-sfvc784-2lv-c specified in board_part file is either invalid or not available
WARNING: [Board 49-26] cannot add Board Part xilinx.com:k26i:part0:1.2 available at /opt/Xilinx/2025.2/data/xhub/boards/XilinxBoardStore/boards/Xilinx/k26i/1.2/board.xml as part xck26-sfvc784-2lvi-i specified in board_part file is either invalid or not available
WARNING: [Board 49-26] cannot add Board Part xilinx.com:k26i:part0:1.3 available at /opt/Xilinx/2025.2/data/xhub/boards/XilinxBoardStore/boards/Xilinx/k26i/1.3/board.xml as part xck26-sfvc784-2lvi-i specified in board_part file is either invalid or not available
WARNING: [Board 49-26] cannot add Board Part xilinx.com:k26i:part0:1.4 available at /opt/Xilinx/2025.2/data/xhub/boards/XilinxBoardStore/boards/Xilinx/k26i/1.4/board.xml as part xck26-sfvc784-2lvi-i specified in board_part file is either invalid or not available
WARNING: [Board 49-26] cannot add Board Part xilinx.com:kc705:part0:1.6 available at /opt/Xilinx/2025.2/data/xhub/boards/XilinxBoardStore/boards/Xilinx/kc705/1.6/board.xml as part xc7k325tffg900-2 specified in board_part file is either invalid or not available
WARNING: [Board 49-26] cannot add Board Part xilinx.com:kc705:part0:1.7 available at /opt/Xilinx/2025.2/data/xhub/boards/XilinxBoardStore/boards/Xilinx/kc705/1.7/board.xml as part xc7k325tffg900-2 specified in board_part file is either invalid or not available
WARNING: [Board 49-26] cannot add Board Part xilinx.com:kcu105:part0:1.6 available at /opt/Xilinx/2025.2/data/xhub/boards/XilinxBoardStore/boards/Xilinx/kcu105/1.6/board.xml as part xcku040-ffva1156-2-e specified in board_part file is either invalid or not available
WARNING: [Board 49-26] cannot add Board Part xilinx.com:kcu105:part0:1.7 available at /opt/Xilinx/2025.2/data/xhub/boards/XilinxBoardStore/boards/Xilinx/kcu105/1.7/board.xml as part xcku040-ffva1156-2-e specified in board_part file is either invalid or not available
WARNING: [Board 49-26] cannot add Board Part xilinx.com:kcu116:part0:1.4 available at /opt/Xilinx/2025.2/data/xhub/boards/XilinxBoardStore/boards/Xilinx/kcu116/1.4/board.xml as part xcku5p-ffvb676-2-e specified in board_part file is either invalid or not available
WARNING: [Board 49-26] cannot add Board Part xilinx.com:kcu116:part0:1.5 available at /opt/Xilinx/2025.2/data/xhub/boards/XilinxBoardStore/boards/Xilinx/kcu116/1.5/board.xml as part xcku5p-ffvb676-2-e specified in board_part file is either invalid or not available
WARNING: [Board 49-26] cannot add Board Part xilinx.com:kcu1500:part0:1.2 available at /opt/Xilinx/2025.2/data/xhub/boards/XilinxBoardStore/boards/Xilinx/kcu1500/1.2/board.xml as part xcku115-flvb2104-2-e specified in board_part file is either invalid or not available
WARNING: [Board 49-26] cannot add Board Part xilinx.com:kd240_som:part0:1.0 available at /opt/Xilinx/2025.2/data/xhub/boards/XilinxBoardStore/boards/Xilinx/kd240_som/1.0/board.xml as part xck24-ubva530-2lv-c specified in board_part file is either invalid or not available
WARNING: [Board 49-26] cannot add Board Part xilinx.com:kd240_som:part0:1.1 available at /opt/Xilinx/2025.2/data/xhub/boards/XilinxBoardStore/boards/Xilinx/kd240_som/1.1/board.xml as part xck24-ubva530-2lv-c specified in board_part file is either invalid or not available
WARNING: [Board 49-26] cannot add Board Part xilinx.com:kr260_som:part0:1.0 available at /opt/Xilinx/2025.2/data/xhub/boards/XilinxBoardStore/boards/Xilinx/kr260_som/1.0/board.xml as part xck26-sfvc784-2lv-c specified in board_part file is either invalid or not available
WARNING: [Board 49-26] cannot add Board Part xilinx.com:kr260_som:part0:1.1 available at /opt/Xilinx/2025.2/data/xhub/boards/XilinxBoardStore/boards/Xilinx/kr260_som/1.1/board.xml as part xck26-sfvc784-2lv-c specified in board_part file is either invalid or not available
WARNING: [Board 49-26] cannot add Board Part xilinx.com:kv260_som:part0:1.2 available at /opt/Xilinx/2025.2/data/xhub/boards/XilinxBoardStore/boards/Xilinx/kv260_som/1.2/board.xml as part xck26-sfvc784-2lv-c specified in board_part file is either invalid or not available
WARNING: [Board 49-26] cannot add Board Part xilinx.com:kv260_som:part0:1.3 available at /opt/Xilinx/2025.2/data/xhub/boards/XilinxBoardStore/boards/Xilinx/kv260_som/1.3/board.xml as part xck26-sfvc784-2lv-c specified in board_part file is either invalid or not available
WARNING: [Board 49-26] cannot add Board Part xilinx.com:kv260_som:part0:1.4 available at /opt/Xilinx/2025.2/data/xhub/boards/XilinxBoardStore/boards/Xilinx/kv260_som/1.4/board.xml as part xck26-sfvc784-2lv-c specified in board_part file is either invalid or not available
WARNING: [Board 49-26] cannot add Board Part xilinx.com:scu35:part0:1.0 available at /opt/Xilinx/2025.2/data/xhub/boards/XilinxBoardStore/boards/Xilinx/scu35/1.0/board.xml as part xcsu35p-sbvb625-2-e specified in board_part file is either invalid or not available
WARNING: [Board 49-26] cannot add Board Part xilinx.com:v80:part0:1.0 available at /opt/Xilinx/2025.2/data/xhub/boards/XilinxBoardStore/boards/Xilinx/v80/1.0/board.xml as part xcv80-lsva4737-2mhp-e-s specified in board_part file is either invalid or not available
WARNING: [Board 49-26] cannot add Board Part xilinx.com:vc707:part0:1.4 available at /opt/Xilinx/2025.2/data/xhub/boards/XilinxBoardStore/boards/Xilinx/vc707/1.4/board.xml as part xc7vx485tffg1761-2 specified in board_part file is either invalid or not available
WARNING: [Board 49-26] cannot add Board Part xilinx.com:vc707:part0:1.5 available at /opt/Xilinx/2025.2/data/xhub/boards/XilinxBoardStore/boards/Xilinx/vc707/1.5/board.xml as part xc7vx485tffg1761-2 specified in board_part file is either invalid or not available
WARNING: [Board 49-26] cannot add Board Part xilinx.com:vc709:part0:1.8 available at /opt/Xilinx/2025.2/data/xhub/boards/XilinxBoardStore/boards/Xilinx/vc709/1.8/board.xml as part xc7vx690tffg1761-2 specified in board_part file is either invalid or not available
WARNING: [Board 49-26] cannot add Board Part xilinx.com:vck190:part0:2.2 available at /opt/Xilinx/2025.2/data/xhub/boards/XilinxBoardStore/boards/Xilinx/vck190/production/2.2/board.xml as part xcvc1902-vsva2197-2mp-e-s specified in board_part file is either invalid or not available
WARNING: [Board 49-26] cannot add Board Part xilinx.com:vck190:part0:3.0 available at /opt/Xilinx/2025.2/data/xhub/boards/XilinxBoardStore/boards/Xilinx/vck190/production/3.0/board.xml as part xcvc1902-vsva2197-2mp-e-s specified in board_part file is either invalid or not available
WARNING: [Board 49-26] cannot add Board Part xilinx.com:vck190:part0:3.1 available at /opt/Xilinx/2025.2/data/xhub/boards/XilinxBoardStore/boards/Xilinx/vck190/production/3.1/board.xml as part xcvc1902-vsva2197-2mp-e-s specified in board_part file is either invalid or not available
WARNING: [Board 49-26] cannot add Board Part xilinx.com:vck190:part0:3.2 available at /opt/Xilinx/2025.2/data/xhub/boards/XilinxBoardStore/boards/Xilinx/vck190/production/3.2/board.xml as part xcvc1902-vsva2197-2mp-e-s specified in board_part file is either invalid or not available
WARNING: [Board 49-26] cannot add Board Part xilinx.com:vck190:part0:3.3 available at /opt/Xilinx/2025.2/data/xhub/boards/XilinxBoardStore/boards/Xilinx/vck190/production/3.3/board.xml as part xcvc1902-vsva2197-2mp-e-s specified in board_part file is either invalid or not available
WARNING: [Board 49-26] cannot add Board Part xilinx.com:vck190:part0:3.4 available at /opt/Xilinx/2025.2/data/xhub/boards/XilinxBoardStore/boards/Xilinx/vck190/production/3.4/board.xml as part xcvc1902-vsva2197-2mp-e-s specified in board_part file is either invalid or not available
WARNING: [Board 49-26] cannot add Board Part xilinx.com:vck190_newl:part0:1.0 available at /opt/Xilinx/2025.2/data/xhub/boards/XilinxBoardStore/boards/Xilinx/vck190_newl/production/1.0/board.xml as part xcvc1902-vsva2197-2mp-e-s specified in board_part file is either invalid or not available
WARNING: [Board 49-26] cannot add Board Part xilinx.com:vck190_newl:part0:1.1 available at /opt/Xilinx/2025.2/data/xhub/boards/XilinxBoardStore/boards/Xilinx/vck190_newl/production/1.1/board.xml as part xcvc1902-vsva2197-2mp-e-s specified in board_part file is either invalid or not available
WARNING: [Board 49-26] cannot add Board Part xilinx.com:vck190_newl:part0:1.2 available at /opt/Xilinx/2025.2/data/xhub/boards/XilinxBoardStore/boards/Xilinx/vck190_newl/production/1.2/board.xml as part xcvc1902-vsva2197-2mp-e-s specified in board_part file is either invalid or not available
WARNING: [Board 49-26] cannot add Board Part xilinx.com:vck190_newl:part0:1.3 available at /opt/Xilinx/2025.2/data/xhub/boards/XilinxBoardStore/boards/Xilinx/vck190_newl/production/1.3/board.xml as part xcvc1902-vsva2197-2mp-e-s specified in board_part file is either invalid or not available
WARNING: [Board 49-26] cannot add Board Part xilinx.com:vcu108:part0:1.6 available at /opt/Xilinx/2025.2/data/xhub/boards/XilinxBoardStore/boards/Xilinx/vcu108/1.6/board.xml as part xcvu095-ffva2104-2-e specified in board_part file is either invalid or not available
WARNING: [Board 49-26] cannot add Board Part xilinx.com:vcu108:part0:1.7 available at /opt/Xilinx/2025.2/data/xhub/boards/XilinxBoardStore/boards/Xilinx/vcu108/1.7/board.xml as part xcvu095-ffva2104-2-e specified in board_part file is either invalid or not available
WARNING: [Board 49-26] cannot add Board Part xilinx.com:vcu110:part0:1.4 available at /opt/Xilinx/2025.2/data/xhub/boards/XilinxBoardStore/boards/Xilinx/vcu110/1.4/board.xml as part xcvu190-flgc2104-2-e specified in board_part file is either invalid or not available
WARNING: [Board 49-26] cannot add Board Part xilinx.com:vcu118:part0:2.0 available at /opt/Xilinx/2025.2/data/xhub/boards/XilinxBoardStore/boards/Xilinx/vcu118/2.0/board.xml as part xcvu9p-flga2104-2l-e specified in board_part file is either invalid or not available
WARNING: [Board 49-26] cannot add Board Part xilinx.com:vcu118:part0:2.3 available at /opt/Xilinx/2025.2/data/xhub/boards/XilinxBoardStore/boards/Xilinx/vcu118/2.3/board.xml as part xcvu9p-flga2104-2l-e specified in board_part file is either invalid or not available
WARNING: [Board 49-26] cannot add Board Part xilinx.com:vcu118:part0:2.4 available at /opt/Xilinx/2025.2/data/xhub/boards/XilinxBoardStore/boards/Xilinx/vcu118/2.4/board.xml as part xcvu9p-flga2104-2l-e specified in board_part file is either invalid or not available
WARNING: [Board 49-26] cannot add Board Part xilinx.com:vcu128:part0:1.0 available at /opt/Xilinx/2025.2/data/xhub/boards/XilinxBoardStore/boards/Xilinx/vcu128/production/1.0/board.xml as part xcvu37p-fsvh2892-2l-e specified in board_part file is either invalid or not available
WARNING: [Board 49-26] cannot add Board Part xilinx.com:vcu129:part0:1.0 available at /opt/Xilinx/2025.2/data/xhub/boards/XilinxBoardStore/boards/Xilinx/vcu129/production/1.0/board.xml as part xcvu29p-fsga2577-2l-e specified in board_part file is either invalid or not available
WARNING: [Board 49-26] cannot add Board Part xilinx.com:vcu1525:part0:1.3 available at /opt/Xilinx/2025.2/data/xhub/boards/XilinxBoardStore/boards/Xilinx/vcu1525/1.3/board.xml as part xcvu9p-fsgd2104-2l-e specified in board_part file is either invalid or not available
WARNING: [Board 49-26] cannot add Board Part xilinx.com:vek280:part0:1.0 available at /opt/Xilinx/2025.2/data/xhub/boards/XilinxBoardStore/boards/Xilinx/vek280/production/1.0/board.xml as part xcve2802-vsvh1760-2mp-e-s specified in board_part file is either invalid or not available
WARNING: [Board 49-26] cannot add Board Part xilinx.com:vek280:part0:1.1 available at /opt/Xilinx/2025.2/data/xhub/boards/XilinxBoardStore/boards/Xilinx/vek280/production/1.1/board.xml as part xcve2802-vsvh1760-2mp-e-s specified in board_part file is either invalid or not available
WARNING: [Board 49-26] cannot add Board Part xilinx.com:vek280:part0:1.2 available at /opt/Xilinx/2025.2/data/xhub/boards/XilinxBoardStore/boards/Xilinx/vek280/production/1.2/board.xml as part xcve2802-vsvh1760-2mp-e-s specified in board_part file is either invalid or not available
WARNING: [Board 49-26] cannot add Board Part xilinx.com:vek385:part0:1.0 available at /opt/Xilinx/2025.2/data/xhub/boards/XilinxBoardStore/boards/Xilinx/vek385/1.0/board.xml as part xc2ve3858-ssva2112-2mp-e-s specified in board_part file is either invalid or not available
WARNING: [Board 49-26] cannot add Board Part xilinx.com:vek385:part0:1.1 available at /opt/Xilinx/2025.2/data/xhub/boards/XilinxBoardStore/boards/Xilinx/vek385/1.1/board.xml as part xc2ve3858-ssva2112-2mp-e-s specified in board_part file is either invalid or not available
WARNING: [Board 49-26] cannot add Board Part xilinx.com:vek385_1:part0:1.0 available at /opt/Xilinx/2025.2/data/xhub/boards/XilinxBoardStore/boards/Xilinx/vek385_2/1.0/board.xml as part xc2ve3858-ssva2112-2mp-e-s specified in board_part file is either invalid or not available
WARNING: [Board 49-26] cannot add Board Part xilinx.com:vermeo_t1_mpsoc:part0:1.0 available at /opt/Xilinx/2025.2/data/xhub/boards/XilinxBoardStore/boards/Xilinx/vermeo_t1_mpsoc/1.0/board.xml as part xczu19eg-ffvd1760-2l-e specified in board_part file is either invalid or not available
WARNING: [Board 49-26] cannot add Board Part xilinx.com:vermeo_t1_rfsoc:part0:1.0 available at /opt/Xilinx/2025.2/data/xhub/boards/XilinxBoardStore/boards/Xilinx/vermeo_t1_rfsoc/1.0/board.xml as part xczu21dr-ffvd1156-2l-e specified in board_part file is either invalid or not available
WARNING: [Board 49-26] cannot add Board Part xilinx.com:vhk158:part0:1.0 available at /opt/Xilinx/2025.2/data/xhub/boards/XilinxBoardStore/boards/Xilinx/vhk158/production/1.0/board.xml as part xcvh1582-vsva3697-2mp-e-s specified in board_part file is either invalid or not available
WARNING: [Board 49-26] cannot add Board Part xilinx.com:vhk158:part0:1.1 available at /opt/Xilinx/2025.2/data/xhub/boards/XilinxBoardStore/boards/Xilinx/vhk158/production/1.1/board.xml as part xcvh1582-vsva3697-2mp-e-s specified in board_part file is either invalid or not available
WARNING: [Board 49-26] cannot add Board Part xilinx.com:vhk158:part0:1.2 available at /opt/Xilinx/2025.2/data/xhub/boards/XilinxBoardStore/boards/Xilinx/vhk158/production/1.2/board.xml as part xcvh1582-vsva3697-2mp-e-s specified in board_part file is either invalid or not available
WARNING: [Board 49-26] cannot add Board Part xilinx.com:vmk180:part0:2.2 available at /opt/Xilinx/2025.2/data/xhub/boards/XilinxBoardStore/boards/Xilinx/vmk180/production/2.2/board.xml as part xcvm1802-vsva2197-2mp-e-s specified in board_part file is either invalid or not available
WARNING: [Board 49-26] cannot add Board Part xilinx.com:vmk180:part0:3.0 available at /opt/Xilinx/2025.2/data/xhub/boards/XilinxBoardStore/boards/Xilinx/vmk180/production/3.0/board.xml as part xcvm1802-vsva2197-2mp-e-s specified in board_part file is either invalid or not available
WARNING: [Board 49-26] cannot add Board Part xilinx.com:vmk180:part0:3.1 available at /opt/Xilinx/2025.2/data/xhub/boards/XilinxBoardStore/boards/Xilinx/vmk180/production/3.1/board.xml as part xcvm1802-vsva2197-2mp-e-s specified in board_part file is either invalid or not available
INFO: [Common 17-14] Message 'Board 49-26' appears 100 times and further instances of the messages will be disabled. Use the Tcl command set_msg_config to change the current settings.
open_project /home/ryanb/Documents/MINA/hw/custom_ip/MINA_proj/MINA_proj.xpr
Scanning sources...
Finished scanning sources
WARNING: [Board 49-26] cannot add Board Part digilentinc.com:arty-a7-100:part0:1.0 available at /opt/Xilinx/2025.2/data/boards/board_files/arty-a7-100/E.0/1.0/board.xml as part xc7a100tcsg324-1 specified in board_part file is either invalid or not available
WARNING: [Board 49-26] cannot add Board Part digilentinc.com:arty-a7-100:part0:1.1 available at /opt/Xilinx/2025.2/data/boards/board_files/arty-a7-100/E.0/1.1/board.xml as part xc7a100tcsg324-1 specified in board_part file is either invalid or not available
WARNING: [Board 49-26] cannot add Board Part digilentinc.com:arty-a7-35:part0:1.0 available at /opt/Xilinx/2025.2/data/boards/board_files/arty-a7-35/E.0/1.0/board.xml as part xc7a35ticsg324-1l specified in board_part file is either invalid or not available
WARNING: [Board 49-26] cannot add Board Part digilentinc.com:arty-a7-35:part0:1.1 available at /opt/Xilinx/2025.2/data/boards/board_files/arty-a7-35/E.0/1.1/board.xml as part xc7a35ticsg324-1l specified in board_part file is either invalid or not available
WARNING: [Board 49-26] cannot add Board Part digilentinc.com:arty-z7-10:part0:1.1 available at /opt/Xilinx/2025.2/data/boards/board_files/arty-z7-10/A.0/board.xml as part xc7z010clg400-1 specified in board_part file is either invalid or not available
WARNING: [Board 49-26] cannot add Board Part digilentinc.com:arty-z7-20:part0:1.1 available at /opt/Xilinx/2025.2/data/boards/board_files/arty-z7-20/A.0/board.xml as part xc7z020clg400-1 specified in board_part file is either invalid or not available
WARNING: [Board 49-26] cannot add Board Part digilentinc.com:arty:part0:1.1 available at /opt/Xilinx/2025.2/data/boards/board_files/arty/C.0/board.xml as part xc7a35ticsg324-1l specified in board_part file is either invalid or not available
WARNING: [Board 49-26] cannot add Board Part digilentinc.com:basys3:part0:1.2 available at /opt/Xilinx/2025.2/data/boards/board_files/basys3/C.0/board.xml as part xc7a35tcpg236-1 specified in board_part file is either invalid or not available
WARNING: [Board 49-26] cannot add Board Part digilentinc.com:cmod_a7-15t:part0:1.2 available at /opt/Xilinx/2025.2/data/boards/board_files/cmod_a7-15t/B.0/board.xml as part xc7a15tcpg236-1 specified in board_part file is either invalid or not available
WARNING: [Board 49-26] cannot add Board Part digilentinc.com:cmod_a7-35t:part0:1.2 available at /opt/Xilinx/2025.2/data/boards/board_files/cmod_a7-35t/B.0/board.xml as part xc7a35tcpg236-1 specified in board_part file is either invalid or not available
WARNING: [Board 49-26] cannot add Board Part digilentinc.com:cora-z7-07s:part0:1.1 available at /opt/Xilinx/2025.2/data/boards/board_files/cora-z7-07s/B.0/board.xml as part xc7z007sclg400-1 specified in board_part file is either invalid or not available
WARNING: [Board 49-26] cannot add Board Part digilentinc.com:cora-z7-10:part0:1.1 available at /opt/Xilinx/2025.2/data/boards/board_files/cora-z7-10/B.0/board.xml as part xc7z010clg400-1 specified in board_part file is either invalid or not available
WARNING: [Board 49-26] cannot add Board Part digilentinc.com:eclypse-z7:part0:1.0 available at /opt/Xilinx/2025.2/data/boards/board_files/eclypse-z7/A.0/board.xml as part xc7z020clg484-1 specified in board_part file is either invalid or not available
WARNING: [Board 49-26] cannot add Board Part digilentinc.com:eclypse-z7:part0:1.1 available at /opt/Xilinx/2025.2/data/boards/board_files/eclypse-z7/B.0/board.xml as part xc7z020clg484-1 specified in board_part file is either invalid or not available
WARNING: [Board 49-26] cannot add Board Part digilentinc.com:genesys2:part0:1.1 available at /opt/Xilinx/2025.2/data/boards/board_files/genesys2/H/board.xml as part xc7k325tffg900-2 specified in board_part file is either invalid or not available
WARNING: [Board 49-26] cannot add Board Part digilentinc.com:gzu_3eg:part0:1.0 available at /opt/Xilinx/2025.2/data/boards/board_files/genesys-zu-3eg/B.0/board.xml as part xczu3eg-sfvc784-1-e specified in board_part file is either invalid or not available
WARNING: [Board 49-26] cannot add Board Part digilentinc.com:gzu_3eg:part0:1.1 available at /opt/Xilinx/2025.2/data/boards/board_files/genesys-zu-3eg/D.0/board.xml as part xczu3eg-sfvc784-1-e specified in board_part file is either invalid or not available
WARNING: [Board 49-26] cannot add Board Part digilentinc.com:gzu_5ev:part0:1.1 available at /opt/Xilinx/2025.2/data/boards/board_files/genesys-zu-5ev/C.0/board.xml as part xczu5ev-sfvc784-1-e specified in board_part file is either invalid or not available
WARNING: [Board 49-26] cannot add Board Part digilentinc.com:nexys-a7-100t:part0:1.0 available at /opt/Xilinx/2025.2/data/boards/board_files/nexys-a7-100t/D.0/1.0/board.xml as part xc7a100tcsg324-1 specified in board_part file is either invalid or not available
WARNING: [Board 49-26] cannot add Board Part digilentinc.com:nexys-a7-100t:part0:1.3 available at /opt/Xilinx/2025.2/data/boards/board_files/nexys-a7-100t/D.0/1.3/board.xml as part xc7a100tcsg324-1 specified in board_part file is either invalid or not available
WARNING: [Board 49-26] cannot add Board Part digilentinc.com:nexys-a7-50t:part0:1.0 available at /opt/Xilinx/2025.2/data/boards/board_files/nexys-a7-50t/D.0/1.0/board.xml as part xc7a50ticsg324-1l specified in board_part file is either invalid or not available
WARNING: [Board 49-26] cannot add Board Part digilentinc.com:nexys-a7-50t:part0:1.3 available at /opt/Xilinx/2025.2/data/boards/board_files/nexys-a7-50t/D.0/1.3/board.xml as part xc7a50ticsg324-1l specified in board_part file is either invalid or not available
WARNING: [Board 49-26] cannot add Board Part digilentinc.com:nexys4:part0:1.1 available at /opt/Xilinx/2025.2/data/boards/board_files/nexys4/B.1/board.xml as part xc7a100tcsg324-1 specified in board_part file is either invalid or not available
WARNING: [Board 49-26] cannot add Board Part digilentinc.com:nexys4_ddr:part0:1.1 available at /opt/Xilinx/2025.2/data/boards/board_files/nexys4_ddr/C.1/board.xml as part xc7a100tcsg324-1 specified in board_part file is either invalid or not available
WARNING: [Board 49-26] cannot add Board Part digilentinc.com:nexys_video:part0:1.1 available at /opt/Xilinx/2025.2/data/boards/board_files/nexys_video/A.0/1.1/board.xml as part xc7a200tsbg484-1 specified in board_part file is either invalid or not available
WARNING: [Board 49-26] cannot add Board Part digilentinc.com:nexys_video:part0:1.2 available at /opt/Xilinx/2025.2/data/boards/board_files/nexys_video/A.0/1.2/board.xml as part xc7a200tsbg484-1 specified in board_part file is either invalid or not available
WARNING: [Board 49-26] cannot add Board Part digilentinc.com:sword:part0:1.0 available at /opt/Xilinx/2025.2/data/boards/board_files/sword/C.0/board.xml as part xc7k325tffg900-2 specified in board_part file is either invalid or not available
WARNING: [Board 49-26] cannot add Board Part digilentinc.com:usb104-a7:part0:1.0 available at /opt/Xilinx/2025.2/data/boards/board_files/usb104-a7/B/1.0/board.xml as part xc7a100tcsg324-1 specified in board_part file is either invalid or not available
WARNING: [Board 49-26] cannot add Board Part digilentinc.com:usb104-a7:part0:1.1 available at /opt/Xilinx/2025.2/data/boards/board_files/usb104-a7/B/1.1/board.xml as part xc7a100tcsg324-1 specified in board_part file is either invalid or not available
WARNING: [Board 49-26] cannot add Board Part digilentinc.com:usb104-a7:part0:1.2 available at /opt/Xilinx/2025.2/data/boards/board_files/usb104-a7/B/1.2/board.xml as part xc7a100tcsg324-1 specified in board_part file is either invalid or not available
WARNING: [Board 49-26] cannot add Board Part digilentinc.com:usb104-a7:part0:1.3 available at /opt/Xilinx/2025.2/data/boards/board_files/usb104-a7/B/1.3/board.xml as part xc7a100tcsg324-1 specified in board_part file is either invalid or not available
WARNING: [Board 49-26] cannot add Board Part digilentinc.com:zedboard:part0:1.1 available at /opt/Xilinx/2025.2/data/boards/board_files/zedboard/1.3/board.xml as part xc7z020clg484-1 specified in board_part file is either invalid or not available
WARNING: [Board 49-26] cannot add Board Part digilentinc.com:zybo-z7-10:part0:1.2 available at /opt/Xilinx/2025.2/data/boards/board_files/zybo-z7-10/A.0/board.xml as part xc7z010clg400-1 specified in board_part file is either invalid or not available
WARNING: [Board 49-26] cannot add Board Part digilentinc.com:zybo-z7-20:part0:1.2 available at /opt/Xilinx/2025.2/data/boards/board_files/zybo-z7-20/A.0/board.xml as part xc7z020clg400-1 specified in board_part file is either invalid or not available
WARNING: [Board 49-26] cannot add Board Part digilentinc.com:zybo:part0:1.0 available at /opt/Xilinx/2025.2/data/boards/board_files/zybo/B.3/board.xml as part xc7z010clg400-1 specified in board_part file is either invalid or not available
WARNING: [Board 49-26] cannot add Board Part digilentinc.com:zybo:part0:2.0 available at /opt/Xilinx/2025.2/data/boards/board_files/zybo/B.4/board.xml as part xc7z010clg400-1 specified in board_part file is either invalid or not available
WARNING: [Board 49-26] cannot add Board Part xilinx.com:ac701:part0:1.4 available at /opt/Xilinx/2025.2/data/xhub/boards/XilinxBoardStore/boards/Xilinx/ac701/1.4/board.xml as part xc7a200tfbg676-2 specified in board_part file is either invalid or not available
WARNING: [Board 49-26] cannot add Board Part xilinx.com:emb-plus-vpr-4616:part0:1.0 available at /opt/Xilinx/2025.2/data/xhub/boards/XilinxBoardStore/boards/Xilinx/emb-plus-vpr-4616/1.0/board.xml as part xcve2302-sfva784-2mp-e-s specified in board_part file is either invalid or not available
WARNING: [Board 49-26] cannot add Board Part xilinx.com:emb-plus-vpr-4616:part0:1.1 available at /opt/Xilinx/2025.2/data/xhub/boards/XilinxBoardStore/boards/Xilinx/emb-plus-vpr-4616/1.1/board.xml as part xcve2302-sfva784-2mp-e-s specified in board_part file is either invalid or not available
WARNING: [Board 49-26] cannot add Board Part xilinx.com:k24c:part0:1.0 available at /opt/Xilinx/2025.2/data/xhub/boards/XilinxBoardStore/boards/Xilinx/k24c/1.0/board.xml as part xck24-ubva530-2lv-c specified in board_part file is either invalid or not available
WARNING: [Board 49-26] cannot add Board Part xilinx.com:k24c:part0:1.1 available at /opt/Xilinx/2025.2/data/xhub/boards/XilinxBoardStore/boards/Xilinx/k24c/1.1/board.xml as part xck24-ubva530-2lv-c specified in board_part file is either invalid or not available
WARNING: [Board 49-26] cannot add Board Part xilinx.com:k24i:part0:1.0 available at /opt/Xilinx/2025.2/data/xhub/boards/XilinxBoardStore/boards/Xilinx/k24i/1.0/board.xml as part xck24-ubva530-2lvi-i specified in board_part file is either invalid or not available
WARNING: [Board 49-26] cannot add Board Part xilinx.com:k26c:part0:1.2 available at /opt/Xilinx/2025.2/data/xhub/boards/XilinxBoardStore/boards/Xilinx/k26c/1.2/board.xml as part xck26-sfvc784-2lv-c specified in board_part file is either invalid or not available
WARNING: [Board 49-26] cannot add Board Part xilinx.com:k26c:part0:1.3 available at /opt/Xilinx/2025.2/data/xhub/boards/XilinxBoardStore/boards/Xilinx/k26c/1.3/board.xml as part xck26-sfvc784-2lv-c specified in board_part file is either invalid or not available
WARNING: [Board 49-26] cannot add Board Part xilinx.com:k26c:part0:1.4 available at /opt/Xilinx/2025.2/data/xhub/boards/XilinxBoardStore/boards/Xilinx/k26c/1.4/board.xml as part xck26-sfvc784-2lv-c specified in board_part file is either invalid or not available
WARNING: [Board 49-26] cannot add Board Part xilinx.com:k26i:part0:1.2 available at /opt/Xilinx/2025.2/data/xhub/boards/XilinxBoardStore/boards/Xilinx/k26i/1.2/board.xml as part xck26-sfvc784-2lvi-i specified in board_part file is either invalid or not available
WARNING: [Board 49-26] cannot add Board Part xilinx.com:k26i:part0:1.3 available at /opt/Xilinx/2025.2/data/xhub/boards/XilinxBoardStore/boards/Xilinx/k26i/1.3/board.xml as part xck26-sfvc784-2lvi-i specified in board_part file is either invalid or not available
WARNING: [Board 49-26] cannot add Board Part xilinx.com:k26i:part0:1.4 available at /opt/Xilinx/2025.2/data/xhub/boards/XilinxBoardStore/boards/Xilinx/k26i/1.4/board.xml as part xck26-sfvc784-2lvi-i specified in board_part file is either invalid or not available
WARNING: [Board 49-26] cannot add Board Part xilinx.com:kc705:part0:1.6 available at /opt/Xilinx/2025.2/data/xhub/boards/XilinxBoardStore/boards/Xilinx/kc705/1.6/board.xml as part xc7k325tffg900-2 specified in board_part file is either invalid or not available
WARNING: [Board 49-26] cannot add Board Part xilinx.com:kc705:part0:1.7 available at /opt/Xilinx/2025.2/data/xhub/boards/XilinxBoardStore/boards/Xilinx/kc705/1.7/board.xml as part xc7k325tffg900-2 specified in board_part file is either invalid or not available
WARNING: [Board 49-26] cannot add Board Part xilinx.com:kcu105:part0:1.6 available at /opt/Xilinx/2025.2/data/xhub/boards/XilinxBoardStore/boards/Xilinx/kcu105/1.6/board.xml as part xcku040-ffva1156-2-e specified in board_part file is either invalid or not available
WARNING: [Board 49-26] cannot add Board Part xilinx.com:kcu105:part0:1.7 available at /opt/Xilinx/2025.2/data/xhub/boards/XilinxBoardStore/boards/Xilinx/kcu105/1.7/board.xml as part xcku040-ffva1156-2-e specified in board_part file is either invalid or not available
WARNING: [Board 49-26] cannot add Board Part xilinx.com:kcu116:part0:1.4 available at /opt/Xilinx/2025.2/data/xhub/boards/XilinxBoardStore/boards/Xilinx/kcu116/1.4/board.xml as part xcku5p-ffvb676-2-e specified in board_part file is either invalid or not available
WARNING: [Board 49-26] cannot add Board Part xilinx.com:kcu116:part0:1.5 available at /opt/Xilinx/2025.2/data/xhub/boards/XilinxBoardStore/boards/Xilinx/kcu116/1.5/board.xml as part xcku5p-ffvb676-2-e specified in board_part file is either invalid or not available
WARNING: [Board 49-26] cannot add Board Part xilinx.com:kcu1500:part0:1.2 available at /opt/Xilinx/2025.2/data/xhub/boards/XilinxBoardStore/boards/Xilinx/kcu1500/1.2/board.xml as part xcku115-flvb2104-2-e specified in board_part file is either invalid or not available
WARNING: [Board 49-26] cannot add Board Part xilinx.com:kd240_som:part0:1.0 available at /opt/Xilinx/2025.2/data/xhub/boards/XilinxBoardStore/boards/Xilinx/kd240_som/1.0/board.xml as part xck24-ubva530-2lv-c specified in board_part file is either invalid or not available
WARNING: [Board 49-26] cannot add Board Part xilinx.com:kd240_som:part0:1.1 available at /opt/Xilinx/2025.2/data/xhub/boards/XilinxBoardStore/boards/Xilinx/kd240_som/1.1/board.xml as part xck24-ubva530-2lv-c specified in board_part file is either invalid or not available
WARNING: [Board 49-26] cannot add Board Part xilinx.com:kr260_som:part0:1.0 available at /opt/Xilinx/2025.2/data/xhub/boards/XilinxBoardStore/boards/Xilinx/kr260_som/1.0/board.xml as part xck26-sfvc784-2lv-c specified in board_part file is either invalid or not available
WARNING: [Board 49-26] cannot add Board Part xilinx.com:kr260_som:part0:1.1 available at /opt/Xilinx/2025.2/data/xhub/boards/XilinxBoardStore/boards/Xilinx/kr260_som/1.1/board.xml as part xck26-sfvc784-2lv-c specified in board_part file is either invalid or not available
WARNING: [Board 49-26] cannot add Board Part xilinx.com:kv260_som:part0:1.2 available at /opt/Xilinx/2025.2/data/xhub/boards/XilinxBoardStore/boards/Xilinx/kv260_som/1.2/board.xml as part xck26-sfvc784-2lv-c specified in board_part file is either invalid or not available
WARNING: [Board 49-26] cannot add Board Part xilinx.com:kv260_som:part0:1.3 available at /opt/Xilinx/2025.2/data/xhub/boards/XilinxBoardStore/boards/Xilinx/kv260_som/1.3/board.xml as part xck26-sfvc784-2lv-c specified in board_part file is either invalid or not available
WARNING: [Board 49-26] cannot add Board Part xilinx.com:kv260_som:part0:1.4 available at /opt/Xilinx/2025.2/data/xhub/boards/XilinxBoardStore/boards/Xilinx/kv260_som/1.4/board.xml as part xck26-sfvc784-2lv-c specified in board_part file is either invalid or not available
WARNING: [Board 49-26] cannot add Board Part xilinx.com:scu35:part0:1.0 available at /opt/Xilinx/2025.2/data/xhub/boards/XilinxBoardStore/boards/Xilinx/scu35/1.0/board.xml as part xcsu35p-sbvb625-2-e specified in board_part file is either invalid or not available
WARNING: [Board 49-26] cannot add Board Part xilinx.com:v80:part0:1.0 available at /opt/Xilinx/2025.2/data/xhub/boards/XilinxBoardStore/boards/Xilinx/v80/1.0/board.xml as part xcv80-lsva4737-2mhp-e-s specified in board_part file is either invalid or not available
WARNING: [Board 49-26] cannot add Board Part xilinx.com:vc707:part0:1.4 available at /opt/Xilinx/2025.2/data/xhub/boards/XilinxBoardStore/boards/Xilinx/vc707/1.4/board.xml as part xc7vx485tffg1761-2 specified in board_part file is either invalid or not available
WARNING: [Board 49-26] cannot add Board Part xilinx.com:vc707:part0:1.5 available at /opt/Xilinx/2025.2/data/xhub/boards/XilinxBoardStore/boards/Xilinx/vc707/1.5/board.xml as part xc7vx485tffg1761-2 specified in board_part file is either invalid or not available
WARNING: [Board 49-26] cannot add Board Part xilinx.com:vc709:part0:1.8 available at /opt/Xilinx/2025.2/data/xhub/boards/XilinxBoardStore/boards/Xilinx/vc709/1.8/board.xml as part xc7vx690tffg1761-2 specified in board_part file is either invalid or not available
WARNING: [Board 49-26] cannot add Board Part xilinx.com:vck190:part0:2.2 available at /opt/Xilinx/2025.2/data/xhub/boards/XilinxBoardStore/boards/Xilinx/vck190/production/2.2/board.xml as part xcvc1902-vsva2197-2mp-e-s specified in board_part file is either invalid or not available
WARNING: [Board 49-26] cannot add Board Part xilinx.com:vck190:part0:3.0 available at /opt/Xilinx/2025.2/data/xhub/boards/XilinxBoardStore/boards/Xilinx/vck190/production/3.0/board.xml as part xcvc1902-vsva2197-2mp-e-s specified in board_part file is either invalid or not available
WARNING: [Board 49-26] cannot add Board Part xilinx.com:vck190:part0:3.1 available at /opt/Xilinx/2025.2/data/xhub/boards/XilinxBoardStore/boards/Xilinx/vck190/production/3.1/board.xml as part xcvc1902-vsva2197-2mp-e-s specified in board_part file is either invalid or not available
WARNING: [Board 49-26] cannot add Board Part xilinx.com:vck190:part0:3.2 available at /opt/Xilinx/2025.2/data/xhub/boards/XilinxBoardStore/boards/Xilinx/vck190/production/3.2/board.xml as part xcvc1902-vsva2197-2mp-e-s specified in board_part file is either invalid or not available
WARNING: [Board 49-26] cannot add Board Part xilinx.com:vck190:part0:3.3 available at /opt/Xilinx/2025.2/data/xhub/boards/XilinxBoardStore/boards/Xilinx/vck190/production/3.3/board.xml as part xcvc1902-vsva2197-2mp-e-s specified in board_part file is either invalid or not available
WARNING: [Board 49-26] cannot add Board Part xilinx.com:vck190:part0:3.4 available at /opt/Xilinx/2025.2/data/xhub/boards/XilinxBoardStore/boards/Xilinx/vck190/production/3.4/board.xml as part xcvc1902-vsva2197-2mp-e-s specified in board_part file is either invalid or not available
WARNING: [Board 49-26] cannot add Board Part xilinx.com:vck190_newl:part0:1.0 available at /opt/Xilinx/2025.2/data/xhub/boards/XilinxBoardStore/boards/Xilinx/vck190_newl/production/1.0/board.xml as part xcvc1902-vsva2197-2mp-e-s specified in board_part file is either invalid or not available
WARNING: [Board 49-26] cannot add Board Part xilinx.com:vck190_newl:part0:1.1 available at /opt/Xilinx/2025.2/data/xhub/boards/XilinxBoardStore/boards/Xilinx/vck190_newl/production/1.1/board.xml as part xcvc1902-vsva2197-2mp-e-s specified in board_part file is either invalid or not available
WARNING: [Board 49-26] cannot add Board Part xilinx.com:vck190_newl:part0:1.2 available at /opt/Xilinx/2025.2/data/xhub/boards/XilinxBoardStore/boards/Xilinx/vck190_newl/production/1.2/board.xml as part xcvc1902-vsva2197-2mp-e-s specified in board_part file is either invalid or not available
WARNING: [Board 49-26] cannot add Board Part xilinx.com:vck190_newl:part0:1.3 available at /opt/Xilinx/2025.2/data/xhub/boards/XilinxBoardStore/boards/Xilinx/vck190_newl/production/1.3/board.xml as part xcvc1902-vsva2197-2mp-e-s specified in board_part file is either invalid or not available
WARNING: [Board 49-26] cannot add Board Part xilinx.com:vcu108:part0:1.6 available at /opt/Xilinx/2025.2/data/xhub/boards/XilinxBoardStore/boards/Xilinx/vcu108/1.6/board.xml as part xcvu095-ffva2104-2-e specified in board_part file is either invalid or not available
WARNING: [Board 49-26] cannot add Board Part xilinx.com:vcu108:part0:1.7 available at /opt/Xilinx/2025.2/data/xhub/boards/XilinxBoardStore/boards/Xilinx/vcu108/1.7/board.xml as part xcvu095-ffva2104-2-e specified in board_part file is either invalid or not available
WARNING: [Board 49-26] cannot add Board Part xilinx.com:vcu110:part0:1.4 available at /opt/Xilinx/2025.2/data/xhub/boards/XilinxBoardStore/boards/Xilinx/vcu110/1.4/board.xml as part xcvu190-flgc2104-2-e specified in board_part file is either invalid or not available
WARNING: [Board 49-26] cannot add Board Part xilinx.com:vcu118:part0:2.0 available at /opt/Xilinx/2025.2/data/xhub/boards/XilinxBoardStore/boards/Xilinx/vcu118/2.0/board.xml as part xcvu9p-flga2104-2l-e specified in board_part file is either invalid or not available
WARNING: [Board 49-26] cannot add Board Part xilinx.com:vcu118:part0:2.3 available at /opt/Xilinx/2025.2/data/xhub/boards/XilinxBoardStore/boards/Xilinx/vcu118/2.3/board.xml as part xcvu9p-flga2104-2l-e specified in board_part file is either invalid or not available
WARNING: [Board 49-26] cannot add Board Part xilinx.com:vcu118:part0:2.4 available at /opt/Xilinx/2025.2/data/xhub/boards/XilinxBoardStore/boards/Xilinx/vcu118/2.4/board.xml as part xcvu9p-flga2104-2l-e specified in board_part file is either invalid or not available
WARNING: [Board 49-26] cannot add Board Part xilinx.com:vcu128:part0:1.0 available at /opt/Xilinx/2025.2/data/xhub/boards/XilinxBoardStore/boards/Xilinx/vcu128/production/1.0/board.xml as part xcvu37p-fsvh2892-2l-e specified in board_part file is either invalid or not available
WARNING: [Board 49-26] cannot add Board Part xilinx.com:vcu129:part0:1.0 available at /opt/Xilinx/2025.2/data/xhub/boards/XilinxBoardStore/boards/Xilinx/vcu129/production/1.0/board.xml as part xcvu29p-fsga2577-2l-e specified in board_part file is either invalid or not available
WARNING: [Board 49-26] cannot add Board Part xilinx.com:vcu1525:part0:1.3 available at /opt/Xilinx/2025.2/data/xhub/boards/XilinxBoardStore/boards/Xilinx/vcu1525/1.3/board.xml as part xcvu9p-fsgd2104-2l-e specified in board_part file is either invalid or not available
WARNING: [Board 49-26] cannot add Board Part xilinx.com:vek280:part0:1.0 available at /opt/Xilinx/2025.2/data/xhub/boards/XilinxBoardStore/boards/Xilinx/vek280/production/1.0/board.xml as part xcve2802-vsvh1760-2mp-e-s specified in board_part file is either invalid or not available
WARNING: [Board 49-26] cannot add Board Part xilinx.com:vek280:part0:1.1 available at /opt/Xilinx/2025.2/data/xhub/boards/XilinxBoardStore/boards/Xilinx/vek280/production/1.1/board.xml as part xcve2802-vsvh1760-2mp-e-s specified in board_part file is either invalid or not available
WARNING: [Board 49-26] cannot add Board Part xilinx.com:vek280:part0:1.2 available at /opt/Xilinx/2025.2/data/xhub/boards/XilinxBoardStore/boards/Xilinx/vek280/production/1.2/board.xml as part xcve2802-vsvh1760-2mp-e-s specified in board_part file is either invalid or not available
WARNING: [Board 49-26] cannot add Board Part xilinx.com:vek385:part0:1.0 available at /opt/Xilinx/2025.2/data/xhub/boards/XilinxBoardStore/boards/Xilinx/vek385/1.0/board.xml as part xc2ve3858-ssva2112-2mp-e-s specified in board_part file is either invalid or not available
WARNING: [Board 49-26] cannot add Board Part xilinx.com:vek385:part0:1.1 available at /opt/Xilinx/2025.2/data/xhub/boards/XilinxBoardStore/boards/Xilinx/vek385/1.1/board.xml as part xc2ve3858-ssva2112-2mp-e-s specified in board_part file is either invalid or not available
WARNING: [Board 49-26] cannot add Board Part xilinx.com:vek385_1:part0:1.0 available at /opt/Xilinx/2025.2/data/xhub/boards/XilinxBoardStore/boards/Xilinx/vek385_2/1.0/board.xml as part xc2ve3858-ssva2112-2mp-e-s specified in board_part file is either invalid or not available
WARNING: [Board 49-26] cannot add Board Part xilinx.com:vermeo_t1_mpsoc:part0:1.0 available at /opt/Xilinx/2025.2/data/xhub/boards/XilinxBoardStore/boards/Xilinx/vermeo_t1_mpsoc/1.0/board.xml as part xczu19eg-ffvd1760-2l-e specified in board_part file is either invalid or not available
WARNING: [Board 49-26] cannot add Board Part xilinx.com:vermeo_t1_rfsoc:part0:1.0 available at /opt/Xilinx/2025.2/data/xhub/boards/XilinxBoardStore/boards/Xilinx/vermeo_t1_rfsoc/1.0/board.xml as part xczu21dr-ffvd1156-2l-e specified in board_part file is either invalid or not available
WARNING: [Board 49-26] cannot add Board Part xilinx.com:vhk158:part0:1.0 available at /opt/Xilinx/2025.2/data/xhub/boards/XilinxBoardStore/boards/Xilinx/vhk158/production/1.0/board.xml as part xcvh1582-vsva3697-2mp-e-s specified in board_part file is either invalid or not available
WARNING: [Board 49-26] cannot add Board Part xilinx.com:vhk158:part0:1.1 available at /opt/Xilinx/2025.2/data/xhub/boards/XilinxBoardStore/boards/Xilinx/vhk158/production/1.1/board.xml as part xcvh1582-vsva3697-2mp-e-s specified in board_part file is either invalid or not available
WARNING: [Board 49-26] cannot add Board Part xilinx.com:vhk158:part0:1.2 available at /opt/Xilinx/2025.2/data/xhub/boards/XilinxBoardStore/boards/Xilinx/vhk158/production/1.2/board.xml as part xcvh1582-vsva3697-2mp-e-s specified in board_part file is either invalid or not available
WARNING: [Board 49-26] cannot add Board Part xilinx.com:vmk180:part0:2.2 available at /opt/Xilinx/2025.2/data/xhub/boards/XilinxBoardStore/boards/Xilinx/vmk180/production/2.2/board.xml as part xcvm1802-vsva2197-2mp-e-s specified in board_part file is either invalid or not available
WARNING: [Board 49-26] cannot add Board Part xilinx.com:vmk180:part0:3.0 available at /opt/Xilinx/2025.2/data/xhub/boards/XilinxBoardStore/boards/Xilinx/vmk180/production/3.0/board.xml as part xcvm1802-vsva2197-2mp-e-s specified in board_part file is either invalid or not available
WARNING: [Board 49-26] cannot add Board Part xilinx.com:vmk180:part0:3.1 available at /opt/Xilinx/2025.2/data/xhub/boards/XilinxBoardStore/boards/Xilinx/vmk180/production/3.1/board.xml as part xcvm1802-vsva2197-2mp-e-s specified in board_part file is either invalid or not available
INFO: [Common 17-14] Message 'Board 49-26' appears 100 times and further instances of the messages will be disabled. Use the Tcl command set_msg_config to change the current settings.
INFO: [IP_Flow 19-234] Refreshing IP repositories
INFO: [IP_Flow 19-1704] No user IP repositories specified
INFO: [IP_Flow 19-2313] Loaded Vivado IP repository '/opt/Xilinx/2025.2/data/ip'.
update_compile_order -fileset sources_1
add_files -scan_for_includes {/home/ryanb/Documents/MINA/hw/ip/verilog-axi/rtl/axi_register_wr.v /home/ryanb/Documents/MINA/hw/ip/verilog-axi/rtl/axi_axil_adapter_rd.v /home/ryanb/Documents/MINA/hw/ip/verilog-axi/tb/test_axi_dma_wr_32_32.v /home/ryanb/Documents/MINA/hw/ip/verilog-axi/rtl/axi_vfifo_enc.v /home/ryanb/Documents/MINA/hw/ip/verilog-axi/tb/test_axi_dma_rd_32_32.v /home/ryanb/Documents/MINA/hw/ip/verilog-axi/rtl/axi_crossbar_rd.v /home/ryanb/Documents/MINA/hw/ip/verilog-axi/tb/test_axi_register.v /home/ryanb/Documents/MINA/hw/ip/verilog-axi/rtl/axi_register.v /home/ryanb/Documents/MINA/hw/ip/verilog-axi/rtl/axi_dma.v /home/ryanb/Documents/MINA/hw/ip/verilog-axi/tb/test_axi_cdma_32.v /home/ryanb/Documents/MINA/hw/ip/verilog-axi/rtl/axil_crossbar_addr.v /home/ryanb/Documents/MINA/hw/ip/verilog-axi/rtl/axi_crossbar.v /home/ryanb/Documents/MINA/hw/ip/verilog-axi/tb/test_axi_dma_rd_32_32_unaligned.v /home/ryanb/Documents/MINA/hw/ip/verilog-axi/tb/test_axi_crossbar_4x4.v /home/ryanb/Documents/MINA/hw/ip/verilog-axi/rtl/axi_dma_wr.v /home/ryanb/Documents/MINA/hw/ip/verilog-axi/tb/test_axil_ram.v /home/ryanb/Documents/MINA/hw/ip/verilog-axi/rtl/axi_dp_ram.v /home/ryanb/Documents/MINA/hw/ip/verilog-axi/rtl/axil_crossbar.v /home/ryanb/Documents/MINA/hw/ip/verilog-axi/tb/test_axi_ram.v /home/ryanb/Documents/MINA/hw/ip/verilog-axi/tb/test_axi_dma_32_32.v /home/ryanb/Documents/MINA/hw/ip/verilog-axi/rtl/axil_crossbar_wr.v /home/ryanb/Documents/MINA/hw/ip/verilog-axi/rtl/axi_axil_adapter.v /home/ryanb/Documents/MINA/hw/ip/verilog-axi/rtl/axi_register_rd.v /home/ryanb/Documents/MINA/hw/ip/verilog-axi/tb/test_axil_adapter_16_32.v /home/ryanb/Documents/MINA/hw/ip/verilog-axi/rtl/axi_crossbar_addr.v /home/ryanb/Documents/MINA/hw/ip/verilog-axi/rtl/axi_cdma.v /home/ryanb/Documents/MINA/hw/ip/verilog-axi/rtl/axi_vfifo_raw_wr.v /home/ryanb/Documents/MINA/hw/ip/verilog-axi/tb/test_axi_axil_adapter_32_16.v /home/ryanb/Documents/MINA/hw/ip/verilog-axi/rtl/axi_dma_rd.v /home/ryanb/Documents/MINA/hw/ip/verilog-axi/rtl/axi_vfifo_raw_rd.v /home/ryanb/Documents/MINA/hw/ip/verilog-axi/tb/test_axil_dp_ram.v /home/ryanb/Documents/MINA/hw/ip/verilog-axi/tb/test_axil_adapter_32_32.v /home/ryanb/Documents/MINA/hw/ip/verilog-axi/rtl/axil_interconnect.v /home/ryanb/Documents/MINA/hw/ip/verilog-axi/tb/test_axi_adapter_32_16.v /home/ryanb/Documents/MINA/hw/ip/verilog-axi/rtl/axi_crossbar_1x4.v /home/ryanb/Documents/MINA/hw/ip/verilog-axi/rtl/axil_reg_if_wr.v /home/ryanb/Documents/MINA/hw/ip/verilog-axi/rtl/axil_register_wr.v /home/ryanb/Documents/MINA/hw/ip/verilog-axi/rtl/axil_cdc_rd.v /home/ryanb/Documents/MINA/hw/ip/verilog-axi/rtl/axi_adapter_wr.v /home/ryanb/Documents/MINA/hw/ip/verilog-axi/rtl/axil_crossbar_rd.v /home/ryanb/Documents/MINA/hw/ip/verilog-axi/rtl/arbiter.v /home/ryanb/Documents/MINA/hw/ip/verilog-axi/rtl/axil_reg_if_rd.v /home/ryanb/Documents/MINA/hw/ip/verilog-axi/tb/test_axil_cdc.v /home/ryanb/Documents/MINA/hw/ip/verilog-axi/rtl/axi_vfifo_dec.v /home/ryanb/Documents/MINA/hw/ip/verilog-axi/rtl/axi_interconnect.v /home/ryanb/Documents/MINA/hw/ip/verilog-axi/rtl/axi_fifo_rd.v /home/ryanb/Documents/MINA/hw/ip/verilog-axi/rtl/priority_encoder.v /home/ryanb/Documents/MINA/hw/ip/verilog-axi/rtl/axi_ram_rd_if.v /home/ryanb/Documents/MINA/hw/ip/verilog-axi/rtl/axil_ram.v /home/ryanb/Documents/MINA/hw/ip/verilog-axi/tb/test_axil_register.v /home/ryanb/Documents/MINA/hw/ip/verilog-axi/rtl/axi_dma_desc_mux.v /home/ryanb/Documents/MINA/hw/ip/verilog-axi/rtl/axi_ram_wr_rd_if.v /home/ryanb/Documents/MINA/hw/ip/verilog-axi/rtl/axi_cdma_desc_mux.v /home/ryanb/Documents/MINA/hw/ip/verilog-axi/rtl/axi_ram_wr_if.v /home/ryanb/Documents/MINA/hw/ip/verilog-axi/rtl/axi_vfifo.v /home/ryanb/Documents/MINA/hw/ip/verilog-axi/rtl/axil_adapter_wr.v /home/ryanb/Documents/MINA/hw/ip/verilog-axi/rtl/axil_reg_if.v /home/ryanb/Documents/MINA/hw/ip/verilog-axi/tb/test_axil_interconnect_4x4.v /home/ryanb/Documents/MINA/hw/ip/verilog-axi/rtl/axil_cdc_wr.v /home/ryanb/Documents/MINA/hw/ip/verilog-axi/tb/test_axi_dp_ram.v /home/ryanb/Documents/MINA/hw/ip/verilog-axi/rtl/axil_adapter_rd.v /home/ryanb/Documents/MINA/hw/ip/verilog-axi/tb/test_axi_dma_wr_32_32_unaligned.v /home/ryanb/Documents/MINA/hw/ip/verilog-axi/tb/test_axi_axil_adapter_32_32.v /home/ryanb/Documents/MINA/hw/ip/verilog-axi/rtl/axi_crossbar_wr.v /home/ryanb/Documents/MINA/hw/ip/verilog-axi/tb/test_axi_cdma_32_unaligned.v /home/ryanb/Documents/MINA/hw/ip/verilog-axi/rtl/axi_ram.v /home/ryanb/Documents/MINA/hw/ip/verilog-axi/rtl/axi_adapter.v /home/ryanb/Documents/MINA/hw/ip/verilog-axi/rtl/axil_dp_ram.v /home/ryanb/Documents/MINA/hw/ip/verilog-axi/rtl/axil_adapter.v /home/ryanb/Documents/MINA/hw/ip/verilog-axi/rtl/axi_adapter_rd.v /home/ryanb/Documents/MINA/hw/ip/verilog-axi/rtl/axil_register_rd.v /home/ryanb/Documents/MINA/hw/ip/verilog-axi/tb/test_axi_fifo_delay.v /home/ryanb/Documents/MINA/hw/ip/verilog-axi/rtl/axi_vfifo_raw.v /home/ryanb/Documents/MINA/hw/ip/verilog-axi/rtl/axi_axil_adapter_wr.v /home/ryanb/Documents/MINA/hw/ip/verilog-axi/tb/test_axi_axil_adapter_16_32.v /home/ryanb/Documents/MINA/hw/ip/verilog-axi/rtl/axil_register.v /home/ryanb/Documents/MINA/hw/ip/verilog-axi/tb/test_axil_adapter_32_16.v /home/ryanb/Documents/MINA/hw/ip/verilog-axi/rtl/axi_fifo.v /home/ryanb/Documents/MINA/hw/ip/verilog-axi/tb/test_axi_fifo.v /home/ryanb/Documents/MINA/hw/ip/verilog-axi/rtl/axi_fifo_wr.v /home/ryanb/Documents/MINA/hw/ip/verilog-axi/tb/test_axi_adapter_16_32.v /home/ryanb/Documents/MINA/hw/ip/verilog-axi/tb/test_axi_interconnect_4x4.v /home/ryanb/Documents/MINA/hw/ip/verilog-axi/rtl/axil_cdc.v /home/ryanb/Documents/MINA/hw/ip/verilog-axi/tb/test_axi_adapter_32_32.v}
update_compile_order -fileset sources_1
create_bd_design "design_1"
Wrote  : </home/ryanb/Documents/MINA/hw/custom_ip/MINA_proj/MINA_proj.srcs/sources_1/bd/design_1/design_1.bd> 
update_compile_order -fileset sources_1
create_bd_cell -type module -reference VexRiscvMcuAxi VexRiscvMcuAxi_0
create_bd_cell -type module -reference axi_crossbar_1x4 axi_crossbar_1x4_0
INFO: [IP_Flow 19-4821] For module 'axi_crossbar_1x4', parameter 'M00_CONNECT_READ' is inferred to be bitString format.
INFO: [IP_Flow 19-4821] For module 'axi_crossbar_1x4', parameter 'M00_CONNECT_WRITE' is inferred to be bitString format.
INFO: [IP_Flow 19-4821] For module 'axi_crossbar_1x4', parameter 'M01_CONNECT_READ' is inferred to be bitString format.
INFO: [IP_Flow 19-4821] For module 'axi_crossbar_1x4', parameter 'M01_CONNECT_WRITE' is inferred to be bitString format.
INFO: [IP_Flow 19-4821] For module 'axi_crossbar_1x4', parameter 'M02_CONNECT_READ' is inferred to be bitString format.
INFO: [IP_Flow 19-4821] For module 'axi_crossbar_1x4', parameter 'M02_CONNECT_WRITE' is inferred to be bitString format.
INFO: [IP_Flow 19-4821] For module 'axi_crossbar_1x4', parameter 'M03_CONNECT_READ' is inferred to be bitString format.
INFO: [IP_Flow 19-4821] For module 'axi_crossbar_1x4', parameter 'M03_CONNECT_WRITE' is inferred to be bitString format.
INFO: [IP_Flow 19-5107] Inferred bus interface 'm00_axi' of definition 'xilinx.com:interface:aximm:1.0' (from Xilinx Repository).
INFO: [IP_Flow 19-5107] Inferred bus interface 'm01_axi' of definition 'xilinx.com:interface:aximm:1.0' (from Xilinx Repository).
INFO: [IP_Flow 19-5107] Inferred bus interface 'm02_axi' of definition 'xilinx.com:interface:aximm:1.0' (from Xilinx Repository).
INFO: [IP_Flow 19-5107] Inferred bus interface 'm03_axi' of definition 'xilinx.com:interface:aximm:1.0' (from Xilinx Repository).
INFO: [IP_Flow 19-5107] Inferred bus interface 's00_axi' of definition 'xilinx.com:interface:aximm:1.0' (from Xilinx Repository).
INFO: [IP_Flow 19-5107] Inferred bus interface 'rst' of definition 'xilinx.com:signal:reset:1.0' (from Xilinx Repository).
INFO: [IP_Flow 19-5107] Inferred bus interface 'clk' of definition 'xilinx.com:signal:clock:1.0' (from Xilinx Repository).
INFO: [IP_Flow 19-4728] Bus Interface 'clk': Added interface parameter 'ASSOCIATED_BUSIF' with value 'm00_axi'.
INFO: [IP_Flow 19-4728] Bus Interface 'clk': Added interface parameter 'ASSOCIATED_RESET' with value 'rst'.
INFO: [IP_Flow 19-818] Not transferring value dependency attribute "(spirit:decode(id('MODELPARAM_VALUE.DATA_WIDTH')) / 8)" into user parameter "STRB_WIDTH".
INFO: [IP_Flow 19-818] Not transferring value dependency attribute "(spirit:decode(id('MODELPARAM_VALUE.S_ID_WIDTH')) + spirit:ceil(spirit:log(2,S_COUNT)))" into user parameter "M_ID_WIDTH".
INFO: [IP_Flow 19-818] Not transferring value dependency attribute "{spirit:decode(id('MODELPARAM_VALUE.M_REGIONS')){0x00000018}}" into user parameter "M00_ADDR_WIDTH".
INFO: [IP_Flow 19-818] Not transferring value dependency attribute "{spirit:decode(id('MODELPARAM_VALUE.M_REGIONS')){0x00000018}}" into user parameter "M01_ADDR_WIDTH".
INFO: [IP_Flow 19-818] Not transferring value dependency attribute "{spirit:decode(id('MODELPARAM_VALUE.M_REGIONS')){0x00000018}}" into user parameter "M02_ADDR_WIDTH".
INFO: [IP_Flow 19-818] Not transferring value dependency attribute "{spirit:decode(id('MODELPARAM_VALUE.M_REGIONS')){0x00000018}}" into user parameter "M03_ADDR_WIDTH".
ERROR: [IP_Flow 19-350] User Parameter 'M_ID_WIDTH (M Id Width)': Missing default value
ERROR: [IP_Flow 19-350] HDL Parameter 'M_ID_WIDTH (M Id Width)': Missing default value
ERROR: [IP_Flow 19-627] HDL Parameter 'M_ID_WIDTH (M Id Width)': XPath expression failed: Failed to evaluate expression "(spirit:decode(id('MODELPARAM_VALUE.S_ID_WIDTH')) + spirit:ceil(spirit:log(2,S_COUNT)))".  Simplify this expression by eliminating local parameters, macros and/or functions in either the source HDL or port/parameter expression.
WARNING: [IP_Flow 19-11770] Clock interface 'clk' has no FREQ_HZ parameter.
ERROR: [IP_Flow 19-4668] Failed to infer definition from module 'axi_crossbar_1x4'.
ERROR: [BD 41-1699] Unable to add reference type cell for reference-module 'axi_crossbar_1x4'
ERROR: [BD 5-7] Error: running create_bd_cell  -type module -reference axi_crossbar_1x4 -name axi_crossbar_1x4_0 .
ERROR: [Common 17-39] 'create_bd_cell' failed due to earlier errors.
create_bd_cell -type module -reference axi_crossbar_1x4 axi_crossbar_1x4_0
INFO: [IP_Flow 19-4821] For module 'axi_crossbar_1x4', parameter 'M00_CONNECT_READ' is inferred to be bitString format.
INFO: [IP_Flow 19-4821] For module 'axi_crossbar_1x4', parameter 'M00_CONNECT_WRITE' is inferred to be bitString format.
INFO: [IP_Flow 19-4821] For module 'axi_crossbar_1x4', parameter 'M01_CONNECT_READ' is inferred to be bitString format.
INFO: [IP_Flow 19-4821] For module 'axi_crossbar_1x4', parameter 'M01_CONNECT_WRITE' is inferred to be bitString format.
INFO: [IP_Flow 19-4821] For module 'axi_crossbar_1x4', parameter 'M02_CONNECT_READ' is inferred to be bitString format.
INFO: [IP_Flow 19-4821] For module 'axi_crossbar_1x4', parameter 'M02_CONNECT_WRITE' is inferred to be bitString format.
INFO: [IP_Flow 19-4821] For module 'axi_crossbar_1x4', parameter 'M03_CONNECT_READ' is inferred to be bitString format.
INFO: [IP_Flow 19-4821] For module 'axi_crossbar_1x4', parameter 'M03_CONNECT_WRITE' is inferred to be bitString format.
INFO: [IP_Flow 19-5107] Inferred bus interface 'm00_axi' of definition 'xilinx.com:interface:aximm:1.0' (from Xilinx Repository).
INFO: [IP_Flow 19-5107] Inferred bus interface 'm01_axi' of definition 'xilinx.com:interface:aximm:1.0' (from Xilinx Repository).
INFO: [IP_Flow 19-5107] Inferred bus interface 'm02_axi' of definition 'xilinx.com:interface:aximm:1.0' (from Xilinx Repository).
INFO: [IP_Flow 19-5107] Inferred bus interface 'm03_axi' of definition 'xilinx.com:interface:aximm:1.0' (from Xilinx Repository).
INFO: [IP_Flow 19-5107] Inferred bus interface 's00_axi' of definition 'xilinx.com:interface:aximm:1.0' (from Xilinx Repository).
INFO: [IP_Flow 19-5107] Inferred bus interface 'rst' of definition 'xilinx.com:signal:reset:1.0' (from Xilinx Repository).
INFO: [IP_Flow 19-5107] Inferred bus interface 'clk' of definition 'xilinx.com:signal:clock:1.0' (from Xilinx Repository).
INFO: [IP_Flow 19-4728] Bus Interface 'clk': Added interface parameter 'ASSOCIATED_BUSIF' with value 'm00_axi'.
INFO: [IP_Flow 19-4728] Bus Interface 'clk': Added interface parameter 'ASSOCIATED_RESET' with value 'rst'.
INFO: [IP_Flow 19-818] Not transferring value dependency attribute "(spirit:decode(id('MODELPARAM_VALUE.DATA_WIDTH')) / 8)" into user parameter "STRB_WIDTH".
INFO: [IP_Flow 19-818] Not transferring value dependency attribute "(spirit:decode(id('MODELPARAM_VALUE.S_ID_WIDTH')) + 2)" into user parameter "M_ID_WIDTH".
INFO: [IP_Flow 19-818] Not transferring value dependency attribute "{spirit:decode(id('MODELPARAM_VALUE.M_REGIONS')){0x00000018}}" into user parameter "M00_ADDR_WIDTH".
INFO: [IP_Flow 19-818] Not transferring value dependency attribute "{spirit:decode(id('MODELPARAM_VALUE.M_REGIONS')){0x00000018}}" into user parameter "M01_ADDR_WIDTH".
INFO: [IP_Flow 19-818] Not transferring value dependency attribute "{spirit:decode(id('MODELPARAM_VALUE.M_REGIONS')){0x00000018}}" into user parameter "M02_ADDR_WIDTH".
INFO: [IP_Flow 19-818] Not transferring value dependency attribute "{spirit:decode(id('MODELPARAM_VALUE.M_REGIONS')){0x00000018}}" into user parameter "M03_ADDR_WIDTH".
WARNING: [IP_Flow 19-11770] Clock interface 'clk' has no FREQ_HZ parameter.
set_property location {0.5 -77 241} [get_bd_cells axi_crossbar_1x4_0]
set_property location {1 28 257} [get_bd_cells axi_crossbar_1x4_0]
set_property location {1 -92 296} [get_bd_cells axi_crossbar_1x4_0]
set_property location {1 -30 420} [get_bd_cells axi_crossbar_1x4_0]
create_bd_intf_port -mode Master -vlnv xilinx.com:interface:aximm_rtl:1.0 axi
delete_bd_objs [get_bd_intf_ports axi]
set_property location {2 500 329} [get_bd_cells VexRiscvMcuAxi_0]
update_module_reference design_1_VexRiscvMcuAxi_0_0
INFO: [IP_Flow 19-5107] Inferred bus interface 'dBusAxi' of definition 'xilinx.com:interface:aximm:1.0' (from Xilinx Repository).
INFO: [IP_Flow 19-5107] Inferred bus interface 'iBusAxi' of definition 'xilinx.com:interface:aximm:1.0' (from Xilinx Repository).
INFO: [IP_Flow 19-5107] Inferred bus interface 'reset' of definition 'xilinx.com:signal:reset:1.0' (from Xilinx Repository).
INFO: [IP_Flow 19-5107] Inferred bus interface 'clk' of definition 'xilinx.com:signal:clock:1.0' (from Xilinx Repository).
INFO: [IP_Flow 19-4728] Bus Interface 'clk': Added interface parameter 'ASSOCIATED_BUSIF' with value 'dBusAxi'.
INFO: [IP_Flow 19-4728] Bus Interface 'clk': Added interface parameter 'ASSOCIATED_RESET' with value 'reset'.
WARNING: [IP_Flow 19-11770] Clock interface 'clk' has no FREQ_HZ parameter.
INFO: [IP_Flow 19-5107] Inferred bus interface 'dBusAxi' of definition 'xilinx.com:interface:aximm:1.0' (from Xilinx Repository).
INFO: [IP_Flow 19-5107] Inferred bus interface 'iBusAxi' of definition 'xilinx.com:interface:aximm:1.0' (from Xilinx Repository).
INFO: [IP_Flow 19-5107] Inferred bus interface 'reset' of definition 'xilinx.com:signal:reset:1.0' (from Xilinx Repository).
INFO: [IP_Flow 19-5107] Inferred bus interface 'clk' of definition 'xilinx.com:signal:clock:1.0' (from Xilinx Repository).
INFO: [IP_Flow 19-4728] Bus Interface 'clk': Added interface parameter 'ASSOCIATED_BUSIF' with value 'dBusAxi'.
INFO: [IP_Flow 19-4728] Bus Interface 'clk': Added interface parameter 'ASSOCIATED_RESET' with value 'reset'.
WARNING: [IP_Flow 19-11770] Clock interface 'clk' has no FREQ_HZ parameter.
Upgrading '/home/ryanb/Documents/MINA/hw/custom_ip/MINA_proj/MINA_proj.srcs/sources_1/bd/design_1/design_1.bd'
INFO: [IP_Flow 19-3420] Updated design_1_VexRiscvMcuAxi_0_0 to use current project options
WARNING: [IP_Flow 19-4697] Upgrade has added interface 'dBusAxi' (xilinx.com:interface:aximm:1.0)
WARNING: [IP_Flow 19-4697] Upgrade has added interface 'iBusAxi' (xilinx.com:interface:aximm:1.0)
WARNING: [IP_Flow 19-3670] Detected external interface differences while upgrading 'design_1_VexRiscvMcuAxi_0_0'.
WARNING: [IP_Flow 19-4700] Upgrade has removed port 'dBusAxi_ar_payload_addr'
WARNING: [IP_Flow 19-4700] Upgrade has removed port 'dBusAxi_ar_payload_burst'
WARNING: [IP_Flow 19-4700] Upgrade has removed port 'dBusAxi_ar_payload_cache'
WARNING: [IP_Flow 19-4700] Upgrade has removed port 'dBusAxi_ar_payload_id'
WARNING: [IP_Flow 19-4700] Upgrade has removed port 'dBusAxi_ar_payload_len'
WARNING: [IP_Flow 19-4700] Upgrade has removed port 'dBusAxi_ar_payload_lock'
WARNING: [IP_Flow 19-4700] Upgrade has removed port 'dBusAxi_ar_payload_prot'
WARNING: [IP_Flow 19-4700] Upgrade has removed port 'dBusAxi_ar_payload_qos'
WARNING: [IP_Flow 19-4700] Upgrade has removed port 'dBusAxi_ar_payload_region'
WARNING: [IP_Flow 19-4700] Upgrade has removed port 'dBusAxi_ar_payload_size'
WARNING: [IP_Flow 19-4700] Upgrade has removed port 'dBusAxi_ar_ready'
WARNING: [IP_Flow 19-4700] Upgrade has removed port 'dBusAxi_ar_valid'
WARNING: [IP_Flow 19-4700] Upgrade has removed port 'dBusAxi_aw_payload_addr'
WARNING: [IP_Flow 19-4700] Upgrade has removed port 'dBusAxi_aw_payload_burst'
WARNING: [IP_Flow 19-4700] Upgrade has removed port 'dBusAxi_aw_payload_cache'
WARNING: [IP_Flow 19-4700] Upgrade has removed port 'dBusAxi_aw_payload_id'
WARNING: [IP_Flow 19-4700] Upgrade has removed port 'dBusAxi_aw_payload_len'
WARNING: [IP_Flow 19-4700] Upgrade has removed port 'dBusAxi_aw_payload_lock'
WARNING: [IP_Flow 19-4700] Upgrade has removed port 'dBusAxi_aw_payload_prot'
WARNING: [IP_Flow 19-4700] Upgrade has removed port 'dBusAxi_aw_payload_qos'
WARNING: [IP_Flow 19-4700] Upgrade has removed port 'dBusAxi_aw_payload_region'
WARNING: [IP_Flow 19-4700] Upgrade has removed port 'dBusAxi_aw_payload_size'
WARNING: [IP_Flow 19-4700] Upgrade has removed port 'dBusAxi_aw_ready'
WARNING: [IP_Flow 19-4700] Upgrade has removed port 'dBusAxi_aw_valid'
WARNING: [IP_Flow 19-4700] Upgrade has removed port 'dBusAxi_b_payload_id'
WARNING: [IP_Flow 19-4700] Upgrade has removed port 'dBusAxi_b_payload_resp'
WARNING: [IP_Flow 19-4700] Upgrade has removed port 'dBusAxi_b_ready'
WARNING: [IP_Flow 19-4700] Upgrade has removed port 'dBusAxi_b_valid'
WARNING: [IP_Flow 19-4700] Upgrade has removed port 'dBusAxi_r_payload_data'
WARNING: [IP_Flow 19-4700] Upgrade has removed port 'dBusAxi_r_payload_id'
WARNING: [IP_Flow 19-4700] Upgrade has removed port 'dBusAxi_r_payload_last'
WARNING: [IP_Flow 19-4700] Upgrade has removed port 'dBusAxi_r_payload_resp'
WARNING: [IP_Flow 19-4700] Upgrade has removed port 'dBusAxi_r_ready'
WARNING: [IP_Flow 19-4700] Upgrade has removed port 'dBusAxi_r_valid'
WARNING: [IP_Flow 19-4700] Upgrade has removed port 'dBusAxi_w_payload_data'
WARNING: [IP_Flow 19-4700] Upgrade has removed port 'dBusAxi_w_payload_last'
WARNING: [IP_Flow 19-4700] Upgrade has removed port 'dBusAxi_w_payload_strb'
WARNING: [IP_Flow 19-4700] Upgrade has removed port 'dBusAxi_w_ready'
WARNING: [IP_Flow 19-4700] Upgrade has removed port 'dBusAxi_w_valid'
WARNING: [IP_Flow 19-4700] Upgrade has removed port 'iBusAxi_ar_payload_addr'
WARNING: [IP_Flow 19-4700] Upgrade has removed port 'iBusAxi_ar_payload_burst'
WARNING: [IP_Flow 19-4700] Upgrade has removed port 'iBusAxi_ar_payload_cache'
WARNING: [IP_Flow 19-4700] Upgrade has removed port 'iBusAxi_ar_payload_id'
WARNING: [IP_Flow 19-4700] Upgrade has removed port 'iBusAxi_ar_payload_len'
WARNING: [IP_Flow 19-4700] Upgrade has removed port 'iBusAxi_ar_payload_lock'
WARNING: [IP_Flow 19-4700] Upgrade has removed port 'iBusAxi_ar_payload_prot'
WARNING: [IP_Flow 19-4700] Upgrade has removed port 'iBusAxi_ar_payload_qos'
WARNING: [IP_Flow 19-4700] Upgrade has removed port 'iBusAxi_ar_payload_region'
WARNING: [IP_Flow 19-4700] Upgrade has removed port 'iBusAxi_ar_payload_size'
WARNING: [IP_Flow 19-4700] Upgrade has removed port 'iBusAxi_ar_ready'
WARNING: [IP_Flow 19-4700] Upgrade has removed port 'iBusAxi_ar_valid'
WARNING: [IP_Flow 19-4700] Upgrade has removed port 'iBusAxi_r_payload_data'
WARNING: [IP_Flow 19-4700] Upgrade has removed port 'iBusAxi_r_payload_id'
WARNING: [IP_Flow 19-4700] Upgrade has removed port 'iBusAxi_r_payload_last'
WARNING: [IP_Flow 19-4700] Upgrade has removed port 'iBusAxi_r_payload_resp'
WARNING: [IP_Flow 19-4700] Upgrade has removed port 'iBusAxi_r_ready'
WARNING: [IP_Flow 19-4700] Upgrade has removed port 'iBusAxi_r_valid'
WARNING: [IP_Flow 19-4698] Upgrade has added port 'dBusAxi_araddr'
WARNING: [IP_Flow 19-4698] Upgrade has added port 'dBusAxi_arburst'
WARNING: [IP_Flow 19-4698] Upgrade has added port 'dBusAxi_arcache'
WARNING: [IP_Flow 19-4698] Upgrade has added port 'dBusAxi_arid'
WARNING: [IP_Flow 19-4698] Upgrade has added port 'dBusAxi_arlen'
WARNING: [IP_Flow 19-4698] Upgrade has added port 'dBusAxi_arlock'
WARNING: [IP_Flow 19-4698] Upgrade has added port 'dBusAxi_arprot'
WARNING: [IP_Flow 19-4698] Upgrade has added port 'dBusAxi_arqos'
WARNING: [IP_Flow 19-4698] Upgrade has added port 'dBusAxi_arready'
WARNING: [IP_Flow 19-4698] Upgrade has added port 'dBusAxi_arregion'
WARNING: [IP_Flow 19-4698] Upgrade has added port 'dBusAxi_arsize'
WARNING: [IP_Flow 19-4698] Upgrade has added port 'dBusAxi_arvalid'
WARNING: [IP_Flow 19-4698] Upgrade has added port 'dBusAxi_awaddr'
WARNING: [IP_Flow 19-4698] Upgrade has added port 'dBusAxi_awburst'
WARNING: [IP_Flow 19-4698] Upgrade has added port 'dBusAxi_awcache'
WARNING: [IP_Flow 19-4698] Upgrade has added port 'dBusAxi_awid'
WARNING: [IP_Flow 19-4698] Upgrade has added port 'dBusAxi_awlen'
WARNING: [IP_Flow 19-4698] Upgrade has added port 'dBusAxi_awlock'
WARNING: [IP_Flow 19-4698] Upgrade has added port 'dBusAxi_awprot'
WARNING: [IP_Flow 19-4698] Upgrade has added port 'dBusAxi_awqos'
WARNING: [IP_Flow 19-4698] Upgrade has added port 'dBusAxi_awready'
WARNING: [IP_Flow 19-4698] Upgrade has added port 'dBusAxi_awregion'
WARNING: [IP_Flow 19-4698] Upgrade has added port 'dBusAxi_awsize'
WARNING: [IP_Flow 19-4698] Upgrade has added port 'dBusAxi_awvalid'
WARNING: [IP_Flow 19-4698] Upgrade has added port 'dBusAxi_bid'
WARNING: [IP_Flow 19-4698] Upgrade has added port 'dBusAxi_bready'
WARNING: [IP_Flow 19-4698] Upgrade has added port 'dBusAxi_bresp'
WARNING: [IP_Flow 19-4698] Upgrade has added port 'dBusAxi_bvalid'
WARNING: [IP_Flow 19-4698] Upgrade has added port 'dBusAxi_rdata'
WARNING: [IP_Flow 19-4698] Upgrade has added port 'dBusAxi_rid'
WARNING: [IP_Flow 19-4698] Upgrade has added port 'dBusAxi_rlast'
WARNING: [IP_Flow 19-4698] Upgrade has added port 'dBusAxi_rready'
WARNING: [IP_Flow 19-4698] Upgrade has added port 'dBusAxi_rresp'
WARNING: [IP_Flow 19-4698] Upgrade has added port 'dBusAxi_rvalid'
WARNING: [IP_Flow 19-4698] Upgrade has added port 'dBusAxi_wdata'
WARNING: [IP_Flow 19-4698] Upgrade has added port 'dBusAxi_wlast'
WARNING: [IP_Flow 19-4698] Upgrade has added port 'dBusAxi_wready'
WARNING: [IP_Flow 19-4698] Upgrade has added port 'dBusAxi_wstrb'
WARNING: [IP_Flow 19-4698] Upgrade has added port 'dBusAxi_wvalid'
WARNING: [IP_Flow 19-4698] Upgrade has added port 'iBusAxi_araddr'
WARNING: [IP_Flow 19-4698] Upgrade has added port 'iBusAxi_arburst'
WARNING: [IP_Flow 19-4698] Upgrade has added port 'iBusAxi_arcache'
WARNING: [IP_Flow 19-4698] Upgrade has added port 'iBusAxi_arid'
WARNING: [IP_Flow 19-4698] Upgrade has added port 'iBusAxi_arlen'
WARNING: [IP_Flow 19-4698] Upgrade has added port 'iBusAxi_arlock'
WARNING: [IP_Flow 19-4698] Upgrade has added port 'iBusAxi_arprot'
WARNING: [IP_Flow 19-4698] Upgrade has added port 'iBusAxi_arqos'
WARNING: [IP_Flow 19-4698] Upgrade has added port 'iBusAxi_arready'
WARNING: [IP_Flow 19-4698] Upgrade has added port 'iBusAxi_arregion'
WARNING: [IP_Flow 19-4698] Upgrade has added port 'iBusAxi_arsize'
WARNING: [IP_Flow 19-4698] Upgrade has added port 'iBusAxi_arvalid'
WARNING: [IP_Flow 19-4698] Upgrade has added port 'iBusAxi_rdata'
WARNING: [IP_Flow 19-4698] Upgrade has added port 'iBusAxi_rid'
WARNING: [IP_Flow 19-4698] Upgrade has added port 'iBusAxi_rlast'
WARNING: [IP_Flow 19-4698] Upgrade has added port 'iBusAxi_rready'
WARNING: [IP_Flow 19-4698] Upgrade has added port 'iBusAxi_rresp'
WARNING: [IP_Flow 19-4698] Upgrade has added port 'iBusAxi_rvalid'
WARNING: [IP_Flow 19-3298] Detected external port differences while upgrading 'design_1_VexRiscvMcuAxi_0_0'. These changes may impact your design.
CRITICAL WARNING: [Coretcl 2-1280] The upgrade of 'design_1_VexRiscvMcuAxi_0_0' has identified issues that may require user intervention. Please verify that the instance is correctly configured, and review any upgrade messages.
Wrote  : </home/ryanb/Documents/MINA/hw/custom_ip/MINA_proj/MINA_proj.srcs/sources_1/bd/design_1/design_1.bd> 
Wrote  : </home/ryanb/Documents/MINA/hw/custom_ip/MINA_proj/MINA_proj.srcs/sources_1/bd/design_1/ui/bd_1f5defd0.ui> 
set_property location {2 445 227} [get_bd_cells VexRiscvMcuAxi_0]
set_property location {2 466 124} [get_bd_cells VexRiscvMcuAxi_0]
set_property location {2.5 887 96} [get_bd_cells axi_crossbar_1x4_0]
set_property location {2 876 126} [get_bd_cells axi_crossbar_1x4_0]
set_property location {2 880 111} [get_bd_cells axi_crossbar_1x4_0]
connect_bd_intf_net [get_bd_intf_pins VexRiscvMcuAxi_0/dBusAxi] [get_bd_intf_pins axi_crossbar_1x4_0/s00_axi]
save_bd_design
Wrote  : </home/ryanb/Documents/MINA/hw/custom_ip/MINA_proj/MINA_proj.srcs/sources_1/bd/design_1/design_1.bd> 
Wrote  : </home/ryanb/Documents/MINA/hw/custom_ip/MINA_proj/MINA_proj.srcs/sources_1/bd/design_1/ui/bd_1f5defd0.ui> 
set_property location {2.5 1051 115} [get_bd_cells axi_crossbar_1x4_0]
WARNING: [filemgmt 56-199] Attempt to get parsing info during refresh. "On-the-fly" syntax checking information may be incorrect. [/home/ryanb/Documents/MINA/hw/ip/verilog-axi/rtl/axi_crossbar_1x4.v:]
WARNING: [filemgmt 56-199] Attempt to get parsing info during refresh. "On-the-fly" syntax checking information may be incorrect. [/home/ryanb/Documents/MINA/hw/ip/VexRiscv/VexRiscvMcuAxi.v:]
WARNING: [filemgmt 56-199] Attempt to get parsing info during refresh. "On-the-fly" syntax checking information may be incorrect. [/home/ryanb/Documents/MINA/hw/ip/VexRiscv/VexRiscvMcuAxi.v:]
WARNING: [filemgmt 56-199] Attempt to get parsing info during refresh. "On-the-fly" syntax checking information may be incorrect. [/home/ryanb/Documents/MINA/hw/ip/VexRiscv/VexRiscvMcuAxi.v:]
WARNING: [filemgmt 56-199] Attempt to get parsing info during refresh. "On-the-fly" syntax checking information may be incorrect. [/home/ryanb/Documents/MINA/hw/ip/verilog-axi/rtl/axi_crossbar_1x4.v:]
WARNING: [filemgmt 56-199] Attempt to get parsing info during refresh. "On-the-fly" syntax checking information may be incorrect. [/home/ryanb/Documents/MINA/hw/ip/VexRiscv/VexRiscvMcuAxi.v:]
WARNING: [filemgmt 56-199] Attempt to get parsing info during refresh. "On-the-fly" syntax checking information may be incorrect. [/home/ryanb/Documents/MINA/hw/ip/VexRiscv/VexRiscvMcuAxi.v:]
WARNING: [filemgmt 56-199] Attempt to get parsing info during refresh. "On-the-fly" syntax checking information may be incorrect. [/home/ryanb/Documents/MINA/hw/ip/VexRiscv/VexRiscvMcuAxi.v:]
delete_bd_objs [get_bd_intf_nets VexRiscvMcuAxi_0_dBusAxi] [get_bd_cells axi_crossbar_1x4_0]
add_files -norecurse -scan_for_includes /home/ryanb/Documents/MINA/hw/ip/verilog-axi/rtl/axi_crossbar_2x5.v
WARNING: [filemgmt 56-199] Attempt to get parsing info during refresh. "On-the-fly" syntax checking information may be incorrect. [/home/ryanb/Documents/MINA/hw/ip/verilog-axi/rtl/axi_crossbar_1x4.v:]
WARNING: [filemgmt 56-199] Attempt to get parsing info during refresh. "On-the-fly" syntax checking information may be incorrect. [/home/ryanb/Documents/MINA/hw/ip/VexRiscv/VexRiscvMcuAxi.v:]
WARNING: [filemgmt 56-199] Attempt to get parsing info during refresh. "On-the-fly" syntax checking information may be incorrect. [/home/ryanb/Documents/MINA/hw/ip/VexRiscv/VexRiscvMcuAxi.v:]
WARNING: [filemgmt 56-199] Attempt to get parsing info during refresh. "On-the-fly" syntax checking information may be incorrect. [/home/ryanb/Documents/MINA/hw/ip/VexRiscv/VexRiscvMcuAxi.v:]
update_compile_order -fileset sources_1
WARNING: [filemgmt 56-199] Attempt to get parsing info during refresh. "On-the-fly" syntax checking information may be incorrect. [/home/ryanb/Documents/MINA/hw/ip/verilog-axi/rtl/axi_crossbar_1x4.v:]
WARNING: [filemgmt 56-199] Attempt to get parsing info during refresh. "On-the-fly" syntax checking information may be incorrect. [/home/ryanb/Documents/MINA/hw/ip/VexRiscv/VexRiscvMcuAxi.v:]
WARNING: [filemgmt 56-199] Attempt to get parsing info during refresh. "On-the-fly" syntax checking information may be incorrect. [/home/ryanb/Documents/MINA/hw/ip/VexRiscv/VexRiscvMcuAxi.v:]
WARNING: [filemgmt 56-199] Attempt to get parsing info during refresh. "On-the-fly" syntax checking information may be incorrect. [/home/ryanb/Documents/MINA/hw/ip/VexRiscv/VexRiscvMcuAxi.v:]
create_bd_cell -type module -reference axi_crossbar_2x5 axi_crossbar_2x5_0
INFO: [IP_Flow 19-5107] Inferred bus interface 'm00_axi' of definition 'xilinx.com:interface:aximm:1.0' (from Xilinx Repository).
INFO: [IP_Flow 19-5107] Inferred bus interface 'm01_axi' of definition 'xilinx.com:interface:aximm:1.0' (from Xilinx Repository).
INFO: [IP_Flow 19-5107] Inferred bus interface 'm02_axi' of definition 'xilinx.com:interface:aximm:1.0' (from Xilinx Repository).
INFO: [IP_Flow 19-5107] Inferred bus interface 'm03_axi' of definition 'xilinx.com:interface:aximm:1.0' (from Xilinx Repository).
INFO: [IP_Flow 19-5107] Inferred bus interface 'm04_axi' of definition 'xilinx.com:interface:aximm:1.0' (from Xilinx Repository).
INFO: [IP_Flow 19-5107] Inferred bus interface 's00_axi' of definition 'xilinx.com:interface:aximm:1.0' (from Xilinx Repository).
INFO: [IP_Flow 19-5107] Inferred bus interface 's01_axi' of definition 'xilinx.com:interface:aximm:1.0' (from Xilinx Repository).
INFO: [IP_Flow 19-5107] Inferred bus interface 'rst' of definition 'xilinx.com:signal:reset:1.0' (from Xilinx Repository).
INFO: [IP_Flow 19-5107] Inferred bus interface 'clk' of definition 'xilinx.com:signal:clock:1.0' (from Xilinx Repository).
INFO: [IP_Flow 19-4728] Bus Interface 'clk': Added interface parameter 'ASSOCIATED_BUSIF' with value 'm00_axi'.
INFO: [IP_Flow 19-4728] Bus Interface 'clk': Added interface parameter 'ASSOCIATED_RESET' with value 'rst'.
INFO: [IP_Flow 19-818] Not transferring value dependency attribute "(spirit:decode(id('MODELPARAM_VALUE.DATA_WIDTH')) / 8)" into user parameter "STRB_WIDTH".
INFO: [IP_Flow 19-818] Not transferring value dependency attribute "(spirit:decode(id('MODELPARAM_VALUE.S_ID_WIDTH')) + spirit:ceil(spirit:log(2,S_COUNT)))" into user parameter "M_ID_WIDTH".
INFO: [IP_Flow 19-818] Not transferring value dependency attribute "{spirit:decode(id('MODELPARAM_VALUE.M_REGIONS')){0x00000018}}" into user parameter "M00_ADDR_WIDTH".
INFO: [IP_Flow 19-818] Not transferring value dependency attribute "{spirit:decode(id('MODELPARAM_VALUE.M_REGIONS')){0x00000018}}" into user parameter "M01_ADDR_WIDTH".
INFO: [IP_Flow 19-818] Not transferring value dependency attribute "{spirit:decode(id('MODELPARAM_VALUE.M_REGIONS')){0x00000018}}" into user parameter "M02_ADDR_WIDTH".
INFO: [IP_Flow 19-818] Not transferring value dependency attribute "{spirit:decode(id('MODELPARAM_VALUE.M_REGIONS')){0x00000018}}" into user parameter "M03_ADDR_WIDTH".
INFO: [IP_Flow 19-818] Not transferring value dependency attribute "{spirit:decode(id('MODELPARAM_VALUE.M_REGIONS')){0x00000018}}" into user parameter "M04_ADDR_WIDTH".
ERROR: [IP_Flow 19-350] User Parameter 'M_ID_WIDTH (M Id Width)': Missing default value
ERROR: [IP_Flow 19-350] HDL Parameter 'M_ID_WIDTH (M Id Width)': Missing default value
ERROR: [IP_Flow 19-627] HDL Parameter 'M_ID_WIDTH (M Id Width)': XPath expression failed: Failed to evaluate expression "(spirit:decode(id('MODELPARAM_VALUE.S_ID_WIDTH')) + spirit:ceil(spirit:log(2,S_COUNT)))".  Simplify this expression by eliminating local parameters, macros and/or functions in either the source HDL or port/parameter expression.
WARNING: [IP_Flow 19-11770] Clock interface 'clk' has no FREQ_HZ parameter.
ERROR: [IP_Flow 19-4668] Failed to infer definition from module 'axi_crossbar_2x5'.
ERROR: [BD 41-1699] Unable to add reference type cell for reference-module 'axi_crossbar_2x5'
ERROR: [BD 5-7] Error: running create_bd_cell  -type module -reference axi_crossbar_2x5 -name axi_crossbar_2x5_0 .
ERROR: [Common 17-39] 'create_bd_cell' failed due to earlier errors.
WARNING: [filemgmt 56-199] Attempt to get parsing info during refresh. "On-the-fly" syntax checking information may be incorrect. [/home/ryanb/Documents/MINA/hw/ip/verilog-axi/rtl/axi_crossbar_1x4.v:]
WARNING: [filemgmt 56-199] Attempt to get parsing info during refresh. "On-the-fly" syntax checking information may be incorrect. [/home/ryanb/Documents/MINA/hw/ip/verilog-axi/rtl/axi_crossbar_2x5.v:]
WARNING: [filemgmt 56-199] Attempt to get parsing info during refresh. "On-the-fly" syntax checking information may be incorrect. [/home/ryanb/Documents/MINA/hw/ip/VexRiscv/VexRiscvMcuAxi.v:]
WARNING: [filemgmt 56-199] Attempt to get parsing info during refresh. "On-the-fly" syntax checking information may be incorrect. [/home/ryanb/Documents/MINA/hw/ip/VexRiscv/VexRiscvMcuAxi.v:]
WARNING: [filemgmt 56-199] Attempt to get parsing info during refresh. "On-the-fly" syntax checking information may be incorrect. [/home/ryanb/Documents/MINA/hw/ip/VexRiscv/VexRiscvMcuAxi.v:]
WARNING: [filemgmt 56-199] Attempt to get parsing info during refresh. "On-the-fly" syntax checking information may be incorrect. [/home/ryanb/Documents/MINA/hw/ip/verilog-axi/rtl/axi_crossbar_1x4.v:]
WARNING: [filemgmt 56-199] Attempt to get parsing info during refresh. "On-the-fly" syntax checking information may be incorrect. [/home/ryanb/Documents/MINA/hw/ip/verilog-axi/rtl/axi_crossbar_2x5.v:]
WARNING: [filemgmt 56-199] Attempt to get parsing info during refresh. "On-the-fly" syntax checking information may be incorrect. [/home/ryanb/Documents/MINA/hw/ip/VexRiscv/VexRiscvMcuAxi.v:]
WARNING: [filemgmt 56-199] Attempt to get parsing info during refresh. "On-the-fly" syntax checking information may be incorrect. [/home/ryanb/Documents/MINA/hw/ip/verilog-axi/rtl/axi_crossbar_1x4.v:]
WARNING: [filemgmt 56-199] Attempt to get parsing info during refresh. "On-the-fly" syntax checking information may be incorrect. [/home/ryanb/Documents/MINA/hw/ip/verilog-axi/rtl/axi_crossbar_1x4.v:]
create_bd_cell -type module -reference axi_crossbar_2x5 axi_crossbar_2x5_0
INFO: [IP_Flow 19-5107] Inferred bus interface 'm00_axi' of definition 'xilinx.com:interface:aximm:1.0' (from Xilinx Repository).
INFO: [IP_Flow 19-5107] Inferred bus interface 'm01_axi' of definition 'xilinx.com:interface:aximm:1.0' (from Xilinx Repository).
INFO: [IP_Flow 19-5107] Inferred bus interface 'm02_axi' of definition 'xilinx.com:interface:aximm:1.0' (from Xilinx Repository).
INFO: [IP_Flow 19-5107] Inferred bus interface 'm03_axi' of definition 'xilinx.com:interface:aximm:1.0' (from Xilinx Repository).
INFO: [IP_Flow 19-5107] Inferred bus interface 'm04_axi' of definition 'xilinx.com:interface:aximm:1.0' (from Xilinx Repository).
INFO: [IP_Flow 19-5107] Inferred bus interface 's00_axi' of definition 'xilinx.com:interface:aximm:1.0' (from Xilinx Repository).
INFO: [IP_Flow 19-5107] Inferred bus interface 's01_axi' of definition 'xilinx.com:interface:aximm:1.0' (from Xilinx Repository).
INFO: [IP_Flow 19-5107] Inferred bus interface 'rst' of definition 'xilinx.com:signal:reset:1.0' (from Xilinx Repository).
INFO: [IP_Flow 19-5107] Inferred bus interface 'clk' of definition 'xilinx.com:signal:clock:1.0' (from Xilinx Repository).
INFO: [IP_Flow 19-4728] Bus Interface 'clk': Added interface parameter 'ASSOCIATED_BUSIF' with value 'm00_axi'.
INFO: [IP_Flow 19-4728] Bus Interface 'clk': Added interface parameter 'ASSOCIATED_RESET' with value 'rst'.
INFO: [IP_Flow 19-818] Not transferring value dependency attribute "(spirit:decode(id('MODELPARAM_VALUE.DATA_WIDTH')) / 8)" into user parameter "STRB_WIDTH".
INFO: [IP_Flow 19-818] Not transferring value dependency attribute "(spirit:decode(id('MODELPARAM_VALUE.S_ID_WIDTH')) + 3)" into user parameter "M_ID_WIDTH".
INFO: [IP_Flow 19-818] Not transferring value dependency attribute "{spirit:decode(id('MODELPARAM_VALUE.M_REGIONS')){0x00000018}}" into user parameter "M00_ADDR_WIDTH".
INFO: [IP_Flow 19-818] Not transferring value dependency attribute "{spirit:decode(id('MODELPARAM_VALUE.M_REGIONS')){0x00000018}}" into user parameter "M01_ADDR_WIDTH".
INFO: [IP_Flow 19-818] Not transferring value dependency attribute "{spirit:decode(id('MODELPARAM_VALUE.M_REGIONS')){0x00000018}}" into user parameter "M02_ADDR_WIDTH".
INFO: [IP_Flow 19-818] Not transferring value dependency attribute "{spirit:decode(id('MODELPARAM_VALUE.M_REGIONS')){0x00000018}}" into user parameter "M03_ADDR_WIDTH".
INFO: [IP_Flow 19-818] Not transferring value dependency attribute "{spirit:decode(id('MODELPARAM_VALUE.M_REGIONS')){0x00000018}}" into user parameter "M04_ADDR_WIDTH".
WARNING: [IP_Flow 19-11770] Clock interface 'clk' has no FREQ_HZ parameter.
set_property location {1.5 874 257} [get_bd_cells axi_crossbar_2x5_0]
set_property location {2 887 298} [get_bd_cells axi_crossbar_2x5_0]
set_property location {2 907 312} [get_bd_cells axi_crossbar_2x5_0]
connect_bd_intf_net [get_bd_intf_pins VexRiscvMcuAxi_0/dBusAxi] [get_bd_intf_pins axi_crossbar_2x5_0/s00_axi]
set_property location {2 966 307} [get_bd_cells axi_crossbar_2x5_0]
set_property location {2 930 301} [get_bd_cells axi_crossbar_2x5_0]
create_bd_cell -type module -reference axi_dp_ram axi_dp_ram_0
WARNING: [IP_Flow 19-587] [HDL Parser] HDL port or parameter 'mem' has a dependency on the module local parameter or undefined parameter 'VALID_ADDR_WIDTH'.
WARNING: [IP_Flow 19-587] [HDL Parser] HDL port or parameter 'addr_a_valid' has a dependency on the module local parameter or undefined parameter 'VALID_ADDR_WIDTH'.
WARNING: [IP_Flow 19-587] [HDL Parser] HDL port or parameter 'addr_a_valid' has a dependency on the module local parameter or undefined parameter 'VALID_ADDR_WIDTH'.
WARNING: [IP_Flow 19-587] [HDL Parser] HDL port or parameter 'addr_b_valid' has a dependency on the module local parameter or undefined parameter 'VALID_ADDR_WIDTH'.
WARNING: [IP_Flow 19-587] [HDL Parser] HDL port or parameter 'addr_b_valid' has a dependency on the module local parameter or undefined parameter 'VALID_ADDR_WIDTH'.
INFO: [IP_Flow 19-5107] Inferred bus interface 's_axi_a' of definition 'xilinx.com:interface:aximm:1.0' (from Xilinx Repository).
INFO: [IP_Flow 19-5107] Inferred bus interface 's_axi_b' of definition 'xilinx.com:interface:aximm:1.0' (from Xilinx Repository).
INFO: [IP_Flow 19-5107] Inferred bus interface 'a_rst' of definition 'xilinx.com:signal:reset:1.0' (from Xilinx Repository).
INFO: [IP_Flow 19-5107] Inferred bus interface 'b_rst' of definition 'xilinx.com:signal:reset:1.0' (from Xilinx Repository).
INFO: [IP_Flow 19-5107] Inferred bus interface 'a_clk' of definition 'xilinx.com:signal:clock:1.0' (from Xilinx Repository).
INFO: [IP_Flow 19-5107] Inferred bus interface 'b_clk' of definition 'xilinx.com:signal:clock:1.0' (from Xilinx Repository).
INFO: [IP_Flow 19-4728] Bus Interface 'a_clk': Added interface parameter 'ASSOCIATED_RESET' with value 'a_rst'.
INFO: [IP_Flow 19-4728] Bus Interface 'b_clk': Added interface parameter 'ASSOCIATED_RESET' with value 'b_rst'.
INFO: [IP_Flow 19-818] Not transferring value dependency attribute "(spirit:decode(id('MODELPARAM_VALUE.DATA_WIDTH')) / 8)" into user parameter "STRB_WIDTH".
INFO: [IP_Flow 19-818] Not transferring value dependency attribute "(spirit:decode(id('MODELPARAM_VALUE.ADDR_WIDTH')) - spirit:ceil(spirit:log(2,spirit:decode(id('MODELPARAM_VALUE.STRB_WIDTH')))))" into user parameter "VALID_ADDR_WIDTH".
WARNING: [IP_Flow 19-3158] Bus Interface 's_axi_a': FREQ_HZ bus parameter missing from AXI interface when interface is not associated to a clock.
WARNING: [IP_Flow 19-3158] Bus Interface 's_axi_b': FREQ_HZ bus parameter missing from AXI interface when interface is not associated to a clock.
WARNING: [IP_Flow 19-5661] Bus Interface 'a_clk' does not have any bus interfaces associated with it.
WARNING: [IP_Flow 19-11770] Clock interface 'a_clk' has no FREQ_HZ parameter.
WARNING: [IP_Flow 19-5661] Bus Interface 'b_clk' does not have any bus interfaces associated with it.
WARNING: [IP_Flow 19-11770] Clock interface 'b_clk' has no FREQ_HZ parameter.
set_property location {1.5 207 120} [get_bd_cells axi_dp_ram_0]
set_property location {2 551 103} [get_bd_cells axi_dp_ram_0]
set_property location {1.5 710 119} [get_bd_cells axi_dp_ram_0]
set_property location {3.5 1210 263} [get_bd_cells axi_dp_ram_0]
set_property location {3 1206 279} [get_bd_cells axi_dp_ram_0]
connect_bd_intf_net [get_bd_intf_pins axi_dp_ram_0/s_axi_b] [get_bd_intf_pins axi_crossbar_2x5_0/m00_axi]
connect_bd_intf_net [get_bd_intf_pins axi_dp_ram_0/s_axi_a] [get_bd_intf_pins VexRiscvMcuAxi_0/iBusAxi]
set_property location {3 1256 213} [get_bd_cells axi_dp_ram_0]
set_property location {3 1227 335} [get_bd_cells axi_dp_ram_0]
set_property location {3 1211 368} [get_bd_cells axi_dp_ram_0]
set_property location {3 1212 336} [get_bd_cells axi_dp_ram_0]
set_property location {3 1214 299} [get_bd_cells axi_dp_ram_0]
set_property location {3 1210 283} [get_bd_cells axi_dp_ram_0]
set_property location {3 1210 290} [get_bd_cells axi_dp_ram_0]
set_property location {1 450 320} [get_bd_cells VexRiscvMcuAxi_0]
set_property location {1 450 310} [get_bd_cells VexRiscvMcuAxi_0]
set_property location {1 450 300} [get_bd_cells VexRiscvMcuAxi_0]
set_property location {3 1255 131} [get_bd_cells axi_dp_ram_0]
set_property location {3 1210 -48} [get_bd_cells axi_dp_ram_0]
set_property location {3 1222 -454} [get_bd_cells axi_dp_ram_0]
set_property location {3 1220 -319} [get_bd_cells axi_dp_ram_0]
set_property location {3 1231 -178} [get_bd_cells axi_dp_ram_0]
copy_bd_objs /  [get_bd_cells {axi_dp_ram_0}]
set_property location {4 1350 34} [get_bd_cells axi_dp_ram_1]
set_property location {3 1239 25} [get_bd_cells axi_dp_ram_1]
delete_bd_objs [get_bd_cells axi_dp_ram_1]
create_bd_cell -type module -reference axi_ram axi_ram_0
WARNING: [IP_Flow 19-587] [HDL Parser] HDL port or parameter 'read_state_reg' has a dependency on the module local parameter or undefined parameter 'READ_STATE_IDLE'.
WARNING: [IP_Flow 19-587] [HDL Parser] HDL port or parameter 'read_state_next' has a dependency on the module local parameter or undefined parameter 'READ_STATE_IDLE'.
WARNING: [IP_Flow 19-587] [HDL Parser] HDL port or parameter 'write_state_reg' has a dependency on the module local parameter or undefined parameter 'WRITE_STATE_IDLE'.
WARNING: [IP_Flow 19-587] [HDL Parser] HDL port or parameter 'write_state_next' has a dependency on the module local parameter or undefined parameter 'WRITE_STATE_IDLE'.
WARNING: [IP_Flow 19-587] [HDL Parser] HDL port or parameter 'mem' has a dependency on the module local parameter or undefined parameter 'VALID_ADDR_WIDTH'.
WARNING: [IP_Flow 19-587] [HDL Parser] HDL port or parameter 's_axi_awaddr_valid' has a dependency on the module local parameter or undefined parameter 'VALID_ADDR_WIDTH'.
WARNING: [IP_Flow 19-587] [HDL Parser] HDL port or parameter 's_axi_awaddr_valid' has a dependency on the module local parameter or undefined parameter 'VALID_ADDR_WIDTH'.
WARNING: [IP_Flow 19-587] [HDL Parser] HDL port or parameter 's_axi_araddr_valid' has a dependency on the module local parameter or undefined parameter 'VALID_ADDR_WIDTH'.
WARNING: [IP_Flow 19-587] [HDL Parser] HDL port or parameter 's_axi_araddr_valid' has a dependency on the module local parameter or undefined parameter 'VALID_ADDR_WIDTH'.
WARNING: [IP_Flow 19-587] [HDL Parser] HDL port or parameter 'read_addr_valid' has a dependency on the module local parameter or undefined parameter 'VALID_ADDR_WIDTH'.
WARNING: [IP_Flow 19-587] [HDL Parser] HDL port or parameter 'read_addr_valid' has a dependency on the module local parameter or undefined parameter 'VALID_ADDR_WIDTH'.
WARNING: [IP_Flow 19-587] [HDL Parser] HDL port or parameter 'write_addr_valid' has a dependency on the module local parameter or undefined parameter 'VALID_ADDR_WIDTH'.
WARNING: [IP_Flow 19-587] [HDL Parser] HDL port or parameter 'write_addr_valid' has a dependency on the module local parameter or undefined parameter 'VALID_ADDR_WIDTH'.
INFO: [IP_Flow 19-5107] Inferred bus interface 's_axi' of definition 'xilinx.com:interface:aximm:1.0' (from Xilinx Repository).
INFO: [IP_Flow 19-5107] Inferred bus interface 'rst' of definition 'xilinx.com:signal:reset:1.0' (from Xilinx Repository).
INFO: [IP_Flow 19-5107] Inferred bus interface 'clk' of definition 'xilinx.com:signal:clock:1.0' (from Xilinx Repository).
INFO: [IP_Flow 19-4728] Bus Interface 'clk': Added interface parameter 'ASSOCIATED_BUSIF' with value 's_axi'.
INFO: [IP_Flow 19-4728] Bus Interface 'clk': Added interface parameter 'ASSOCIATED_RESET' with value 'rst'.
INFO: [IP_Flow 19-818] Not transferring value dependency attribute "(spirit:decode(id('MODELPARAM_VALUE.DATA_WIDTH')) / 8)" into user parameter "STRB_WIDTH".
INFO: [IP_Flow 19-818] Not transferring value dependency attribute "(spirit:decode(id('MODELPARAM_VALUE.ADDR_WIDTH')) - spirit:ceil(spirit:log(2,spirit:decode(id('MODELPARAM_VALUE.STRB_WIDTH')))))" into user parameter "VALID_ADDR_WIDTH".
WARNING: [IP_Flow 19-11770] Clock interface 'clk' has no FREQ_HZ parameter.
set_property location {4 1216 -14} [get_bd_cells axi_ram_0]
connect_bd_intf_net [get_bd_intf_pins axi_crossbar_2x5_0/m01_axi] [get_bd_intf_pins axi_ram_0/s_axi]
set_property location {3 1284 -12} [get_bd_cells axi_ram_0]
create_bd_cell -type module -reference axi_dma axi_dma_0
INFO: [IP_Flow 19-5107] Inferred bus interface 'm_axis_read_data' of definition 'xilinx.com:interface:axis:1.0' (from Xilinx Repository).
INFO: [IP_Flow 19-5107] Inferred bus interface 's_axis_write_data' of definition 'xilinx.com:interface:axis:1.0' (from Xilinx Repository).
INFO: [IP_Flow 19-5107] Inferred bus interface 'm_axi' of definition 'xilinx.com:interface:aximm:1.0' (from Xilinx Repository).
INFO: [IP_Flow 19-5107] Inferred bus interface 'rst' of definition 'xilinx.com:signal:reset:1.0' (from Xilinx Repository).
INFO: [IP_Flow 19-5107] Inferred bus interface 'clk' of definition 'xilinx.com:signal:clock:1.0' (from Xilinx Repository).
INFO: [IP_Flow 19-4728] Bus Interface 'clk': Added interface parameter 'ASSOCIATED_BUSIF' with value 'm_axis_read_data'.
INFO: [IP_Flow 19-4728] Bus Interface 'clk': Added interface parameter 'ASSOCIATED_RESET' with value 'rst'.
INFO: [IP_Flow 19-818] Not transferring value dependency attribute "(spirit:decode(id('MODELPARAM_VALUE.AXI_DATA_WIDTH')) / 8)" into user parameter "AXI_STRB_WIDTH".
INFO: [IP_Flow 19-818] Not transferring value dependency attribute "spirit:decode(id('MODELPARAM_VALUE.AXI_DATA_WIDTH'))" into user parameter "AXIS_DATA_WIDTH".
INFO: [IP_Flow 19-818] Not transferring value dependency attribute "(spirit:decode(id('MODELPARAM_VALUE.AXIS_DATA_WIDTH')) > 8)" into user parameter "AXIS_KEEP_ENABLE".
INFO: [IP_Flow 19-818] Not transferring value dependency attribute "(spirit:decode(id('MODELPARAM_VALUE.AXIS_DATA_WIDTH')) / 8)" into user parameter "AXIS_KEEP_WIDTH".
WARNING: [IP_Flow 19-533] HDL Parameter 'AXIS_KEEP_ENABLE (Axis Keep Enable)': Missing data type
WARNING: [IP_Flow 19-11770] Clock interface 'clk' has no FREQ_HZ parameter.
set_property location {2 292 -61} [get_bd_cells axi_dma_0]
set_property location {1 376 -90} [get_bd_cells axi_dma_0]
set_property location {1 353 -99} [get_bd_cells axi_dma_0]
delete_bd_objs [get_bd_cells axi_dma_0]
delete_bd_objs [get_bd_intf_nets axi_crossbar_2x5_0_m00_axi]
set_property location {3.5 1469 -177} [get_bd_cells axi_dp_ram_0]
set_property location {4 1465 -7} [get_bd_cells axi_ram_0]
delete_bd_objs [get_bd_intf_nets VexRiscvMcuAxi_0_iBusAxi] [get_bd_cells axi_dp_ram_0]
create_bd_cell -type module -reference axi_axil_adapter axi_axil_adapter_0
ERROR: [filemgmt 56-610] Failed to uniquely resolve reference.
Multiple different parameterized instances were found for the module 'axi_axil_adapter' in the design:
/home/ryanb/Documents/MINA/hw/ip/verilog-axi/tb/test_axi_axil_adapter_32_32.v
/home/ryanb/Documents/MINA/hw/ip/verilog-axi/tb/test_axi_axil_adapter_16_32.v
/home/ryanb/Documents/MINA/hw/ip/verilog-axi/tb/test_axi_axil_adapter_32_16.v

ERROR: [BD 41-1690] Unable to resolve module-source based on inputs: axi_axil_adapter
ERROR: [BD 5-7] Error: running create_bd_cell  -type module -reference axi_axil_adapter -name axi_axil_adapter_0 .
ERROR: [Common 17-39] 'create_bd_cell' failed due to earlier errors.
create_bd_cell -type module -reference axi_axil_adapter axi_axil_adapter_0
ERROR: [filemgmt 56-610] Failed to uniquely resolve reference.
Multiple different parameterized instances were found for the module 'axi_axil_adapter' in the design:
/home/ryanb/Documents/MINA/hw/ip/verilog-axi/tb/test_axi_axil_adapter_32_32.v
/home/ryanb/Documents/MINA/hw/ip/verilog-axi/tb/test_axi_axil_adapter_16_32.v
/home/ryanb/Documents/MINA/hw/ip/verilog-axi/tb/test_axi_axil_adapter_32_16.v

ERROR: [BD 41-1690] Unable to resolve module-source based on inputs: axi_axil_adapter
ERROR: [BD 5-7] Error: running create_bd_cell  -type module -reference axi_axil_adapter -name axi_axil_adapter_0 .
ERROR: [Common 17-39] 'create_bd_cell' failed due to earlier errors.
remove_files  {/home/ryanb/Documents/MINA/hw/ip/verilog-axi/tb/test_axi_axil_adapter_32_16.v /home/ryanb/Documents/MINA/hw/ip/verilog-axi/tb/test_axi_axil_adapter_32_32.v /home/ryanb/Documents/MINA/hw/ip/verilog-axi/tb/test_axi_axil_adapter_16_32.v}
WARNING: [filemgmt 56-199] Attempt to get parsing info during refresh. "On-the-fly" syntax checking information may be incorrect. [/home/ryanb/Documents/MINA/hw/ip/verilog-axi/rtl/axi_crossbar_1x4.v:]
WARNING: [filemgmt 56-199] Attempt to get parsing info during refresh. "On-the-fly" syntax checking information may be incorrect. [/home/ryanb/Documents/MINA/hw/ip/verilog-axi/rtl/axi_crossbar_2x5.v:]
WARNING: [filemgmt 56-199] Attempt to get parsing info during refresh. "On-the-fly" syntax checking information may be incorrect. [/home/ryanb/Documents/MINA/hw/ip/verilog-axi/rtl/axi_axil_adapter.v:]
WARNING: [filemgmt 56-199] Attempt to get parsing info during refresh. "On-the-fly" syntax checking information may be incorrect. [/home/ryanb/Documents/MINA/hw/ip/VexRiscv/VexRiscvMcuAxi.v:]
WARNING: [filemgmt 56-199] Attempt to get parsing info during refresh. "On-the-fly" syntax checking information may be incorrect. [/home/ryanb/Documents/MINA/hw/ip/verilog-axi/rtl/axi_dp_ram.v:]
WARNING: [filemgmt 56-199] Attempt to get parsing info during refresh. "On-the-fly" syntax checking information may be incorrect. [/home/ryanb/Documents/MINA/hw/ip/VexRiscv/VexRiscvMcuAxi.v:]
WARNING: [filemgmt 56-199] Attempt to get parsing info during refresh. "On-the-fly" syntax checking information may be incorrect. [/home/ryanb/Documents/MINA/hw/ip/VexRiscv/VexRiscvMcuAxi.v:]
WARNING: [filemgmt 56-199] Attempt to get parsing info during refresh. "On-the-fly" syntax checking information may be incorrect. [/home/ryanb/Documents/MINA/hw/ip/verilog-axi/rtl/axi_crossbar_1x4.v:]
WARNING: [filemgmt 56-199] Attempt to get parsing info during refresh. "On-the-fly" syntax checking information may be incorrect. [/home/ryanb/Documents/MINA/hw/ip/verilog-axi/rtl/axi_crossbar_2x5.v:]
WARNING: [filemgmt 56-199] Attempt to get parsing info during refresh. "On-the-fly" syntax checking information may be incorrect. [/home/ryanb/Documents/MINA/hw/ip/verilog-axi/rtl/axi_axil_adapter.v:]
WARNING: [filemgmt 56-199] Attempt to get parsing info during refresh. "On-the-fly" syntax checking information may be incorrect. [/home/ryanb/Documents/MINA/hw/ip/VexRiscv/VexRiscvMcuAxi.v:]
WARNING: [filemgmt 56-199] Attempt to get parsing info during refresh. "On-the-fly" syntax checking information may be incorrect. [/home/ryanb/Documents/MINA/hw/ip/verilog-axi/rtl/axi_dp_ram.v:]
WARNING: [filemgmt 56-199] Attempt to get parsing info during refresh. "On-the-fly" syntax checking information may be incorrect. [/home/ryanb/Documents/MINA/hw/ip/verilog-axi/rtl/axi_dp_ram.v:]
WARNING: [filemgmt 56-199] Attempt to get parsing info during refresh. "On-the-fly" syntax checking information may be incorrect. [/home/ryanb/Documents/MINA/hw/ip/verilog-axi/rtl/axi_dp_ram.v:]
WARNING: [filemgmt 56-199] Attempt to get parsing info during refresh. "On-the-fly" syntax checking information may be incorrect. [/home/ryanb/Documents/MINA/hw/ip/verilog-axi/rtl/axi_crossbar_1x4.v:]
WARNING: [filemgmt 56-199] Attempt to get parsing info during refresh. "On-the-fly" syntax checking information may be incorrect. [/home/ryanb/Documents/MINA/hw/ip/verilog-axi/rtl/axi_crossbar_2x5.v:]
WARNING: [filemgmt 56-199] Attempt to get parsing info during refresh. "On-the-fly" syntax checking information may be incorrect. [/home/ryanb/Documents/MINA/hw/ip/verilog-axi/rtl/axi_axil_adapter.v:]
WARNING: [filemgmt 56-199] Attempt to get parsing info during refresh. "On-the-fly" syntax checking information may be incorrect. [/home/ryanb/Documents/MINA/hw/ip/VexRiscv/VexRiscvMcuAxi.v:]
WARNING: [filemgmt 56-199] Attempt to get parsing info during refresh. "On-the-fly" syntax checking information may be incorrect. [/home/ryanb/Documents/MINA/hw/ip/verilog-axi/rtl/axi_dp_ram.v:]
WARNING: [filemgmt 56-199] Attempt to get parsing info during refresh. "On-the-fly" syntax checking information may be incorrect. [/home/ryanb/Documents/MINA/hw/ip/verilog-axi/rtl/axi_axil_adapter.v:]
WARNING: [filemgmt 56-199] Attempt to get parsing info during refresh. "On-the-fly" syntax checking information may be incorrect. [/home/ryanb/Documents/MINA/hw/ip/verilog-axi/rtl/axi_axil_adapter.v:]
WARNING: [filemgmt 56-199] Attempt to get parsing info during refresh. "On-the-fly" syntax checking information may be incorrect. [/home/ryanb/Documents/MINA/hw/ip/verilog-axi/rtl/axi_crossbar_1x4.v:]
WARNING: [filemgmt 56-199] Attempt to get parsing info during refresh. "On-the-fly" syntax checking information may be incorrect. [/home/ryanb/Documents/MINA/hw/ip/verilog-axi/rtl/axi_crossbar_2x5.v:]
WARNING: [filemgmt 56-199] Attempt to get parsing info during refresh. "On-the-fly" syntax checking information may be incorrect. [/home/ryanb/Documents/MINA/hw/ip/verilog-axi/rtl/axi_axil_adapter.v:]
WARNING: [filemgmt 56-199] Attempt to get parsing info during refresh. "On-the-fly" syntax checking information may be incorrect. [/home/ryanb/Documents/MINA/hw/ip/VexRiscv/VexRiscvMcuAxi.v:]
WARNING: [filemgmt 56-199] Attempt to get parsing info during refresh. "On-the-fly" syntax checking information may be incorrect. [/home/ryanb/Documents/MINA/hw/ip/verilog-axi/rtl/axi_dp_ram.v:]
WARNING: [filemgmt 56-199] Attempt to get parsing info during refresh. "On-the-fly" syntax checking information may be incorrect. [/home/ryanb/Documents/MINA/hw/ip/verilog-axi/rtl/axi_crossbar_2x5.v:]
WARNING: [filemgmt 56-199] Attempt to get parsing info during refresh. "On-the-fly" syntax checking information may be incorrect. [/home/ryanb/Documents/MINA/hw/ip/verilog-axi/rtl/axi_crossbar_2x5.v:]
create_bd_cell -type module -reference axi_axil_adapter axi_axil_adapter_0
INFO: [IP_Flow 19-5107] Inferred bus interface 'm_axil' of definition 'xilinx.com:interface:aximm:1.0' (from Xilinx Repository).
INFO: [IP_Flow 19-5107] Inferred bus interface 's_axi' of definition 'xilinx.com:interface:aximm:1.0' (from Xilinx Repository).
INFO: [IP_Flow 19-5107] Inferred bus interface 'rst' of definition 'xilinx.com:signal:reset:1.0' (from Xilinx Repository).
INFO: [IP_Flow 19-5107] Inferred bus interface 'clk' of definition 'xilinx.com:signal:clock:1.0' (from Xilinx Repository).
INFO: [IP_Flow 19-4728] Bus Interface 'clk': Added interface parameter 'ASSOCIATED_BUSIF' with value 'm_axil'.
INFO: [IP_Flow 19-4728] Bus Interface 'clk': Added interface parameter 'ASSOCIATED_RESET' with value 'rst'.
INFO: [IP_Flow 19-818] Not transferring value dependency attribute "(spirit:decode(id('MODELPARAM_VALUE.AXI_DATA_WIDTH')) / 8)" into user parameter "AXI_STRB_WIDTH".
INFO: [IP_Flow 19-818] Not transferring value dependency attribute "(spirit:decode(id('MODELPARAM_VALUE.AXIL_DATA_WIDTH')) / 8)" into user parameter "AXIL_STRB_WIDTH".
WARNING: [IP_Flow 19-11770] Clock interface 'clk' has no FREQ_HZ parameter.
set_property location {3 1509 377} [get_bd_cells axi_axil_adapter_0]
connect_bd_intf_net [get_bd_intf_pins axi_axil_adapter_0/s_axi] [get_bd_intf_pins axi_crossbar_2x5_0/m04_axi]
set_property location {3 1468 343} [get_bd_cells axi_axil_adapter_0]
set_property location {3 1470 364} [get_bd_cells axi_axil_adapter_0]
delete_bd_objs [get_bd_intf_nets axi_crossbar_2x5_0_m04_axi] [get_bd_cells axi_axil_adapter_0]
create_bd_cell -type module -reference axi_cdma axi_cdma_0
ERROR: [filemgmt 56-610] Failed to uniquely resolve reference.
Multiple different parameterized instances were found for the module 'axi_cdma' in the design:
/home/ryanb/Documents/MINA/hw/ip/verilog-axi/tb/test_axi_cdma_32_unaligned.v
/home/ryanb/Documents/MINA/hw/ip/verilog-axi/tb/test_axi_cdma_32.v

ERROR: [BD 41-1690] Unable to resolve module-source based on inputs: axi_cdma
ERROR: [BD 5-7] Error: running create_bd_cell  -type module -reference axi_cdma -name axi_cdma_0 .
ERROR: [Common 17-39] 'create_bd_cell' failed due to earlier errors.
remove_files  /home/ryanb/Documents/MINA/hw/ip/verilog-axi/tb/test_axi_cdma_32.v
WARNING: [filemgmt 56-199] Attempt to get parsing info during refresh. "On-the-fly" syntax checking information may be incorrect. [/home/ryanb/Documents/MINA/hw/ip/verilog-axi/rtl/axi_crossbar_1x4.v:]
WARNING: [filemgmt 56-199] Attempt to get parsing info during refresh. "On-the-fly" syntax checking information may be incorrect. [/home/ryanb/Documents/MINA/hw/ip/verilog-axi/rtl/axi_crossbar_2x5.v:]
WARNING: [filemgmt 56-199] Attempt to get parsing info during refresh. "On-the-fly" syntax checking information may be incorrect. [/home/ryanb/Documents/MINA/hw/ip/verilog-axi/rtl/axi_axil_adapter.v:]
WARNING: [filemgmt 56-199] Attempt to get parsing info during refresh. "On-the-fly" syntax checking information may be incorrect. [/home/ryanb/Documents/MINA/hw/ip/VexRiscv/VexRiscvMcuAxi.v:]
WARNING: [filemgmt 56-199] Attempt to get parsing info during refresh. "On-the-fly" syntax checking information may be incorrect. [/home/ryanb/Documents/MINA/hw/ip/verilog-axi/rtl/axi_dp_ram.v:]
WARNING: [filemgmt 56-199] Attempt to get parsing info during refresh. "On-the-fly" syntax checking information may be incorrect. [/home/ryanb/Documents/MINA/hw/ip/VexRiscv/VexRiscvMcuAxi.v:]
WARNING: [filemgmt 56-199] Attempt to get parsing info during refresh. "On-the-fly" syntax checking information may be incorrect. [/home/ryanb/Documents/MINA/hw/ip/VexRiscv/VexRiscvMcuAxi.v:]
WARNING: [filemgmt 56-199] Attempt to get parsing info during refresh. "On-the-fly" syntax checking information may be incorrect. [/home/ryanb/Documents/MINA/hw/ip/verilog-axi/rtl/axi_crossbar_1x4.v:]
WARNING: [filemgmt 56-199] Attempt to get parsing info during refresh. "On-the-fly" syntax checking information may be incorrect. [/home/ryanb/Documents/MINA/hw/ip/verilog-axi/rtl/axi_crossbar_2x5.v:]
WARNING: [filemgmt 56-199] Attempt to get parsing info during refresh. "On-the-fly" syntax checking information may be incorrect. [/home/ryanb/Documents/MINA/hw/ip/verilog-axi/rtl/axi_axil_adapter.v:]
WARNING: [filemgmt 56-199] Attempt to get parsing info during refresh. "On-the-fly" syntax checking information may be incorrect. [/home/ryanb/Documents/MINA/hw/ip/VexRiscv/VexRiscvMcuAxi.v:]
WARNING: [filemgmt 56-199] Attempt to get parsing info during refresh. "On-the-fly" syntax checking information may be incorrect. [/home/ryanb/Documents/MINA/hw/ip/verilog-axi/rtl/axi_dp_ram.v:]
WARNING: [filemgmt 56-199] Attempt to get parsing info during refresh. "On-the-fly" syntax checking information may be incorrect. [/home/ryanb/Documents/MINA/hw/ip/verilog-axi/rtl/axi_crossbar_2x5.v:]
WARNING: [filemgmt 56-199] Attempt to get parsing info during refresh. "On-the-fly" syntax checking information may be incorrect. [/home/ryanb/Documents/MINA/hw/ip/verilog-axi/rtl/axi_crossbar_2x5.v:]
WARNING: [filemgmt 56-199] Attempt to get parsing info during refresh. "On-the-fly" syntax checking information may be incorrect. [/home/ryanb/Documents/MINA/hw/ip/verilog-axi/rtl/axi_crossbar_1x4.v:]
WARNING: [filemgmt 56-199] Attempt to get parsing info during refresh. "On-the-fly" syntax checking information may be incorrect. [/home/ryanb/Documents/MINA/hw/ip/verilog-axi/rtl/axi_crossbar_2x5.v:]
WARNING: [filemgmt 56-199] Attempt to get parsing info during refresh. "On-the-fly" syntax checking information may be incorrect. [/home/ryanb/Documents/MINA/hw/ip/verilog-axi/rtl/axi_axil_adapter.v:]
WARNING: [filemgmt 56-199] Attempt to get parsing info during refresh. "On-the-fly" syntax checking information may be incorrect. [/home/ryanb/Documents/MINA/hw/ip/VexRiscv/VexRiscvMcuAxi.v:]
WARNING: [filemgmt 56-199] Attempt to get parsing info during refresh. "On-the-fly" syntax checking information may be incorrect. [/home/ryanb/Documents/MINA/hw/ip/verilog-axi/rtl/axi_dp_ram.v:]
WARNING: [filemgmt 56-199] Attempt to get parsing info during refresh. "On-the-fly" syntax checking information may be incorrect. [/home/ryanb/Documents/MINA/hw/ip/verilog-axi/rtl/axi_axil_adapter.v:]
WARNING: [filemgmt 56-199] Attempt to get parsing info during refresh. "On-the-fly" syntax checking information may be incorrect. [/home/ryanb/Documents/MINA/hw/ip/verilog-axi/rtl/axi_axil_adapter.v:]
remove_files  /home/ryanb/Documents/MINA/hw/ip/verilog-axi/tb/test_axi_cdma_32_unaligned.v
WARNING: [filemgmt 56-199] Attempt to get parsing info during refresh. "On-the-fly" syntax checking information may be incorrect. [/home/ryanb/Documents/MINA/hw/ip/verilog-axi/rtl/axi_crossbar_1x4.v:]
WARNING: [filemgmt 56-199] Attempt to get parsing info during refresh. "On-the-fly" syntax checking information may be incorrect. [/home/ryanb/Documents/MINA/hw/ip/verilog-axi/rtl/axi_crossbar_2x5.v:]
WARNING: [filemgmt 56-199] Attempt to get parsing info during refresh. "On-the-fly" syntax checking information may be incorrect. [/home/ryanb/Documents/MINA/hw/ip/verilog-axi/rtl/axi_axil_adapter.v:]
WARNING: [filemgmt 56-199] Attempt to get parsing info during refresh. "On-the-fly" syntax checking information may be incorrect. [/home/ryanb/Documents/MINA/hw/ip/VexRiscv/VexRiscvMcuAxi.v:]
WARNING: [filemgmt 56-199] Attempt to get parsing info during refresh. "On-the-fly" syntax checking information may be incorrect. [/home/ryanb/Documents/MINA/hw/ip/verilog-axi/rtl/axi_dp_ram.v:]
WARNING: [filemgmt 56-199] Attempt to get parsing info during refresh. "On-the-fly" syntax checking information may be incorrect. [/home/ryanb/Documents/MINA/hw/ip/VexRiscv/VexRiscvMcuAxi.v:]
WARNING: [filemgmt 56-199] Attempt to get parsing info during refresh. "On-the-fly" syntax checking information may be incorrect. [/home/ryanb/Documents/MINA/hw/ip/VexRiscv/VexRiscvMcuAxi.v:]
WARNING: [filemgmt 56-199] Attempt to get parsing info during refresh. "On-the-fly" syntax checking information may be incorrect. [/home/ryanb/Documents/MINA/hw/ip/verilog-axi/rtl/axi_crossbar_1x4.v:]
WARNING: [filemgmt 56-199] Attempt to get parsing info during refresh. "On-the-fly" syntax checking information may be incorrect. [/home/ryanb/Documents/MINA/hw/ip/verilog-axi/rtl/axi_crossbar_2x5.v:]
WARNING: [filemgmt 56-199] Attempt to get parsing info during refresh. "On-the-fly" syntax checking information may be incorrect. [/home/ryanb/Documents/MINA/hw/ip/verilog-axi/rtl/axi_axil_adapter.v:]
WARNING: [filemgmt 56-199] Attempt to get parsing info during refresh. "On-the-fly" syntax checking information may be incorrect. [/home/ryanb/Documents/MINA/hw/ip/VexRiscv/VexRiscvMcuAxi.v:]
WARNING: [filemgmt 56-199] Attempt to get parsing info during refresh. "On-the-fly" syntax checking information may be incorrect. [/home/ryanb/Documents/MINA/hw/ip/verilog-axi/rtl/axi_dp_ram.v:]
WARNING: [filemgmt 56-199] Attempt to get parsing info during refresh. "On-the-fly" syntax checking information may be incorrect. [/home/ryanb/Documents/MINA/hw/ip/verilog-axi/rtl/axi_dp_ram.v:]
WARNING: [filemgmt 56-199] Attempt to get parsing info during refresh. "On-the-fly" syntax checking information may be incorrect. [/home/ryanb/Documents/MINA/hw/ip/verilog-axi/rtl/axi_dp_ram.v:]
WARNING: [filemgmt 56-199] Attempt to get parsing info during refresh. "On-the-fly" syntax checking information may be incorrect. [/home/ryanb/Documents/MINA/hw/ip/verilog-axi/rtl/axi_crossbar_1x4.v:]
WARNING: [filemgmt 56-199] Attempt to get parsing info during refresh. "On-the-fly" syntax checking information may be incorrect. [/home/ryanb/Documents/MINA/hw/ip/verilog-axi/rtl/axi_crossbar_2x5.v:]
WARNING: [filemgmt 56-199] Attempt to get parsing info during refresh. "On-the-fly" syntax checking information may be incorrect. [/home/ryanb/Documents/MINA/hw/ip/verilog-axi/rtl/axi_axil_adapter.v:]
WARNING: [filemgmt 56-199] Attempt to get parsing info during refresh. "On-the-fly" syntax checking information may be incorrect. [/home/ryanb/Documents/MINA/hw/ip/VexRiscv/VexRiscvMcuAxi.v:]
WARNING: [filemgmt 56-199] Attempt to get parsing info during refresh. "On-the-fly" syntax checking information may be incorrect. [/home/ryanb/Documents/MINA/hw/ip/verilog-axi/rtl/axi_dp_ram.v:]
WARNING: [filemgmt 56-199] Attempt to get parsing info during refresh. "On-the-fly" syntax checking information may be incorrect. [/home/ryanb/Documents/MINA/hw/ip/verilog-axi/rtl/axi_axil_adapter.v:]
WARNING: [filemgmt 56-199] Attempt to get parsing info during refresh. "On-the-fly" syntax checking information may be incorrect. [/home/ryanb/Documents/MINA/hw/ip/verilog-axi/rtl/axi_axil_adapter.v:]
WARNING: [filemgmt 56-199] Attempt to get parsing info during refresh. "On-the-fly" syntax checking information may be incorrect. [/home/ryanb/Documents/MINA/hw/ip/verilog-axi/rtl/axi_crossbar_1x4.v:]
WARNING: [filemgmt 56-199] Attempt to get parsing info during refresh. "On-the-fly" syntax checking information may be incorrect. [/home/ryanb/Documents/MINA/hw/ip/verilog-axi/rtl/axi_crossbar_2x5.v:]
WARNING: [filemgmt 56-199] Attempt to get parsing info during refresh. "On-the-fly" syntax checking information may be incorrect. [/home/ryanb/Documents/MINA/hw/ip/verilog-axi/rtl/axi_axil_adapter.v:]
WARNING: [filemgmt 56-199] Attempt to get parsing info during refresh. "On-the-fly" syntax checking information may be incorrect. [/home/ryanb/Documents/MINA/hw/ip/VexRiscv/VexRiscvMcuAxi.v:]
WARNING: [filemgmt 56-199] Attempt to get parsing info during refresh. "On-the-fly" syntax checking information may be incorrect. [/home/ryanb/Documents/MINA/hw/ip/verilog-axi/rtl/axi_dp_ram.v:]
WARNING: [filemgmt 56-199] Attempt to get parsing info during refresh. "On-the-fly" syntax checking information may be incorrect. [/home/ryanb/Documents/MINA/hw/ip/verilog-axi/rtl/axi_crossbar_1x4.v:]
WARNING: [filemgmt 56-199] Attempt to get parsing info during refresh. "On-the-fly" syntax checking information may be incorrect. [/home/ryanb/Documents/MINA/hw/ip/verilog-axi/rtl/axi_crossbar_1x4.v:]
create_bd_cell -type module -reference axi_cdma axi_cdma_0
WARNING: [IP_Flow 19-587] [HDL Parser] HDL port or parameter 'read_state_reg' has a dependency on the module local parameter or undefined parameter 'READ_STATE_IDLE'.
WARNING: [IP_Flow 19-587] [HDL Parser] HDL port or parameter 'read_state_next' has a dependency on the module local parameter or undefined parameter 'READ_STATE_IDLE'.
WARNING: [IP_Flow 19-587] [HDL Parser] HDL port or parameter 'axi_state_reg' has a dependency on the module local parameter or undefined parameter 'AXI_STATE_IDLE'.
WARNING: [IP_Flow 19-587] [HDL Parser] HDL port or parameter 'axi_state_next' has a dependency on the module local parameter or undefined parameter 'AXI_STATE_IDLE'.
WARNING: [IP_Flow 19-587] [HDL Parser] HDL port or parameter 'axi_cmd_offset_reg' has a dependency on the module local parameter or undefined parameter 'OFFSET_WIDTH'.
WARNING: [IP_Flow 19-587] [HDL Parser] HDL port or parameter 'axi_cmd_offset_next' has a dependency on the module local parameter or undefined parameter 'OFFSET_WIDTH'.
WARNING: [IP_Flow 19-587] [HDL Parser] HDL port or parameter 'axi_cmd_first_cycle_offset_reg' has a dependency on the module local parameter or undefined parameter 'OFFSET_WIDTH'.
WARNING: [IP_Flow 19-587] [HDL Parser] HDL port or parameter 'axi_cmd_first_cycle_offset_next' has a dependency on the module local parameter or undefined parameter 'OFFSET_WIDTH'.
WARNING: [IP_Flow 19-587] [HDL Parser] HDL port or parameter 'axi_cmd_last_cycle_offset_reg' has a dependency on the module local parameter or undefined parameter 'OFFSET_WIDTH'.
WARNING: [IP_Flow 19-587] [HDL Parser] HDL port or parameter 'axi_cmd_last_cycle_offset_next' has a dependency on the module local parameter or undefined parameter 'OFFSET_WIDTH'.
WARNING: [IP_Flow 19-587] [HDL Parser] HDL port or parameter 'axi_cmd_input_cycle_count_reg' has a dependency on the module local parameter or undefined parameter 'CYCLE_COUNT_WIDTH'.
WARNING: [IP_Flow 19-587] [HDL Parser] HDL port or parameter 'axi_cmd_input_cycle_count_next' has a dependency on the module local parameter or undefined parameter 'CYCLE_COUNT_WIDTH'.
WARNING: [IP_Flow 19-587] [HDL Parser] HDL port or parameter 'axi_cmd_output_cycle_count_reg' has a dependency on the module local parameter or undefined parameter 'CYCLE_COUNT_WIDTH'.
WARNING: [IP_Flow 19-587] [HDL Parser] HDL port or parameter 'axi_cmd_output_cycle_count_next' has a dependency on the module local parameter or undefined parameter 'CYCLE_COUNT_WIDTH'.
WARNING: [IP_Flow 19-587] [HDL Parser] HDL port or parameter 'offset_reg' has a dependency on the module local parameter or undefined parameter 'OFFSET_WIDTH'.
WARNING: [IP_Flow 19-587] [HDL Parser] HDL port or parameter 'offset_next' has a dependency on the module local parameter or undefined parameter 'OFFSET_WIDTH'.
WARNING: [IP_Flow 19-587] [HDL Parser] HDL port or parameter 'first_cycle_offset_reg' has a dependency on the module local parameter or undefined parameter 'OFFSET_WIDTH'.
WARNING: [IP_Flow 19-587] [HDL Parser] HDL port or parameter 'first_cycle_offset_next' has a dependency on the module local parameter or undefined parameter 'OFFSET_WIDTH'.
WARNING: [IP_Flow 19-587] [HDL Parser] HDL port or parameter 'last_cycle_offset_reg' has a dependency on the module local parameter or undefined parameter 'OFFSET_WIDTH'.
WARNING: [IP_Flow 19-587] [HDL Parser] HDL port or parameter 'last_cycle_offset_next' has a dependency on the module local parameter or undefined parameter 'OFFSET_WIDTH'.
WARNING: [IP_Flow 19-587] [HDL Parser] HDL port or parameter 'input_cycle_count_reg' has a dependency on the module local parameter or undefined parameter 'CYCLE_COUNT_WIDTH'.
WARNING: [IP_Flow 19-587] [HDL Parser] HDL port or parameter 'input_cycle_count_next' has a dependency on the module local parameter or undefined parameter 'CYCLE_COUNT_WIDTH'.
WARNING: [IP_Flow 19-587] [HDL Parser] HDL port or parameter 'output_cycle_count_reg' has a dependency on the module local parameter or undefined parameter 'CYCLE_COUNT_WIDTH'.
WARNING: [IP_Flow 19-587] [HDL Parser] HDL port or parameter 'output_cycle_count_next' has a dependency on the module local parameter or undefined parameter 'CYCLE_COUNT_WIDTH'.
WARNING: [IP_Flow 19-587] [HDL Parser] HDL port or parameter 'rresp_reg' has a dependency on the module local parameter or undefined parameter 'AXI_RESP_OKAY'.
WARNING: [IP_Flow 19-587] [HDL Parser] HDL port or parameter 'rresp_next' has a dependency on the module local parameter or undefined parameter 'AXI_RESP_OKAY'.
WARNING: [IP_Flow 19-587] [HDL Parser] HDL port or parameter 'bresp_reg' has a dependency on the module local parameter or undefined parameter 'AXI_RESP_OKAY'.
WARNING: [IP_Flow 19-587] [HDL Parser] HDL port or parameter 'bresp_next' has a dependency on the module local parameter or undefined parameter 'AXI_RESP_OKAY'.
INFO: [IP_Flow 19-1976] HDL Parser: Replacing 'STATUS_FIFO_ADDR_WIDTH' by 5 for port or parameter 'status_fifo_wr_ptr_reg'
INFO: [IP_Flow 19-1976] HDL Parser: Replacing 'STATUS_FIFO_ADDR_WIDTH' by 5 for port or parameter 'status_fifo_rd_ptr_reg'
INFO: [IP_Flow 19-1976] HDL Parser: Replacing 'STATUS_FIFO_ADDR_WIDTH' by 5 for port or parameter 'status_fifo_tag'
INFO: [IP_Flow 19-1976] HDL Parser: Replacing 'STATUS_FIFO_ADDR_WIDTH' by 5 for port or parameter 'status_fifo_resp'
INFO: [IP_Flow 19-1976] HDL Parser: Replacing 'STATUS_FIFO_ADDR_WIDTH' by 5 for port or parameter 'status_fifo_last'
INFO: [IP_Flow 19-1976] HDL Parser: Replacing 'STATUS_FIFO_ADDR_WIDTH' by 5 for port or parameter 'active_count_reg'
WARNING: [IP_Flow 19-587] [HDL Parser] HDL port or parameter 'shift_axi_rdata' has a dependency on the module local parameter or undefined parameter 'AXI_WORD_SIZE'.
INFO: [IP_Flow 19-1976] HDL Parser: Replacing 'OUTPUT_FIFO_ADDR_WIDTH' by 5 for port or parameter 'out_fifo_wr_ptr_reg'
INFO: [IP_Flow 19-1976] HDL Parser: Replacing 'OUTPUT_FIFO_ADDR_WIDTH' by 5 for port or parameter 'out_fifo_rd_ptr_reg'
INFO: [IP_Flow 19-1976] HDL Parser: Replacing 'OUTPUT_FIFO_ADDR_WIDTH' by 5 for port or parameter 'out_fifo_wdata'
INFO: [IP_Flow 19-1976] HDL Parser: Replacing 'OUTPUT_FIFO_ADDR_WIDTH' by 5 for port or parameter 'out_fifo_wstrb'
INFO: [IP_Flow 19-1976] HDL Parser: Replacing 'OUTPUT_FIFO_ADDR_WIDTH' by 5 for port or parameter 'out_fifo_wlast'
INFO: [IP_Flow 19-5107] Inferred bus interface 'm_axi' of definition 'xilinx.com:interface:aximm:1.0' (from Xilinx Repository).
INFO: [IP_Flow 19-5107] Inferred bus interface 'rst' of definition 'xilinx.com:signal:reset:1.0' (from Xilinx Repository).
INFO: [IP_Flow 19-5107] Inferred bus interface 'clk' of definition 'xilinx.com:signal:clock:1.0' (from Xilinx Repository).
INFO: [IP_Flow 19-4728] Bus Interface 'clk': Added interface parameter 'ASSOCIATED_BUSIF' with value 'm_axi'.
INFO: [IP_Flow 19-4728] Bus Interface 'clk': Added interface parameter 'ASSOCIATED_RESET' with value 'rst'.
INFO: [IP_Flow 19-818] Not transferring value dependency attribute "(spirit:decode(id('MODELPARAM_VALUE.AXI_DATA_WIDTH')) / 8)" into user parameter "AXI_STRB_WIDTH".
INFO: [IP_Flow 19-818] Not transferring value dependency attribute "((spirit:decode(id('MODELPARAM_VALUE.AXI_STRB_WIDTH')) > 1) ? spirit:ceil(spirit:log(2,spirit:decode(id('MODELPARAM_VALUE.AXI_STRB_WIDTH')))) : 1)" into user parameter "OFFSET_WIDTH".
INFO: [IP_Flow 19-818] Not transferring value dependency attribute "((spirit:decode(id('MODELPARAM_VALUE.LEN_WIDTH')) - AXI_BURST_SIZE) + 1)" into user parameter "CYCLE_COUNT_WIDTH".
INFO: [IP_Flow 19-818] Not transferring value dependency attribute "(spirit:decode(id('MODELPARAM_VALUE.AXI_DATA_WIDTH')) / AXI_WORD_WIDTH)" into user parameter "AXI_WORD_SIZE".
ERROR: [IP_Flow 19-350] User Parameter 'CYCLE_COUNT_WIDTH (Cycle Count Width)': Missing default value
ERROR: [IP_Flow 19-350] User Parameter 'AXI_WORD_SIZE (Axi Word Size)': Missing default value
ERROR: [IP_Flow 19-350] HDL Parameter 'CYCLE_COUNT_WIDTH (Cycle Count Width)': Missing default value
ERROR: [IP_Flow 19-627] HDL Parameter 'CYCLE_COUNT_WIDTH (Cycle Count Width)': XPath expression failed: Undefined parameter "AXI_BURST_SIZE" used in expression "((spirit:decode(id('MODELPARAM_VALUE.LEN_WIDTH')) - AXI_BURST_SIZE) + 1)".
ERROR: [IP_Flow 19-350] HDL Parameter 'AXI_WORD_SIZE (Axi Word Size)': Missing default value
ERROR: [IP_Flow 19-627] HDL Parameter 'AXI_WORD_SIZE (Axi Word Size)': XPath expression failed: Undefined parameter "AXI_WORD_WIDTH" used in expression "(spirit:decode(id('MODELPARAM_VALUE.AXI_DATA_WIDTH')) / AXI_WORD_WIDTH)".
WARNING: [IP_Flow 19-11770] Clock interface 'clk' has no FREQ_HZ parameter.
ERROR: [IP_Flow 19-4668] Failed to infer definition from module 'axi_cdma'.
ERROR: [BD 41-1699] Unable to add reference type cell for reference-module 'axi_cdma'
ERROR: [BD 5-7] Error: running create_bd_cell  -type module -reference axi_cdma -name axi_cdma_0 .
ERROR: [Common 17-39] 'create_bd_cell' failed due to earlier errors.
WARNING: [filemgmt 56-199] Attempt to get parsing info during refresh. "On-the-fly" syntax checking information may be incorrect. [/home/ryanb/Documents/MINA/hw/ip/verilog-axi/rtl/axi_crossbar_1x4.v:]
WARNING: [filemgmt 56-199] Attempt to get parsing info during refresh. "On-the-fly" syntax checking information may be incorrect. [/home/ryanb/Documents/MINA/hw/ip/verilog-axi/rtl/axi_cdma.v:]
WARNING: [filemgmt 56-199] Attempt to get parsing info during refresh. "On-the-fly" syntax checking information may be incorrect. [/home/ryanb/Documents/MINA/hw/ip/verilog-axi/rtl/axi_crossbar_1x4.v:]
WARNING: [filemgmt 56-199] Attempt to get parsing info during refresh. "On-the-fly" syntax checking information may be incorrect. [/home/ryanb/Documents/MINA/hw/ip/verilog-axi/rtl/axi_crossbar_1x4.v:]
create_bd_cell -type module -reference axi_cdma axi_cdma_0
WARNING: [IP_Flow 19-587] [HDL Parser] HDL port or parameter 'read_state_reg' has a dependency on the module local parameter or undefined parameter 'READ_STATE_IDLE'.
WARNING: [IP_Flow 19-587] [HDL Parser] HDL port or parameter 'read_state_next' has a dependency on the module local parameter or undefined parameter 'READ_STATE_IDLE'.
WARNING: [IP_Flow 19-587] [HDL Parser] HDL port or parameter 'axi_state_reg' has a dependency on the module local parameter or undefined parameter 'AXI_STATE_IDLE'.
WARNING: [IP_Flow 19-587] [HDL Parser] HDL port or parameter 'axi_state_next' has a dependency on the module local parameter or undefined parameter 'AXI_STATE_IDLE'.
WARNING: [IP_Flow 19-587] [HDL Parser] HDL port or parameter 'axi_cmd_offset_reg' has a dependency on the module local parameter or undefined parameter 'OFFSET_WIDTH'.
WARNING: [IP_Flow 19-587] [HDL Parser] HDL port or parameter 'axi_cmd_offset_next' has a dependency on the module local parameter or undefined parameter 'OFFSET_WIDTH'.
WARNING: [IP_Flow 19-587] [HDL Parser] HDL port or parameter 'axi_cmd_first_cycle_offset_reg' has a dependency on the module local parameter or undefined parameter 'OFFSET_WIDTH'.
WARNING: [IP_Flow 19-587] [HDL Parser] HDL port or parameter 'axi_cmd_first_cycle_offset_next' has a dependency on the module local parameter or undefined parameter 'OFFSET_WIDTH'.
WARNING: [IP_Flow 19-587] [HDL Parser] HDL port or parameter 'axi_cmd_last_cycle_offset_reg' has a dependency on the module local parameter or undefined parameter 'OFFSET_WIDTH'.
WARNING: [IP_Flow 19-587] [HDL Parser] HDL port or parameter 'axi_cmd_last_cycle_offset_next' has a dependency on the module local parameter or undefined parameter 'OFFSET_WIDTH'.
WARNING: [IP_Flow 19-587] [HDL Parser] HDL port or parameter 'axi_cmd_input_cycle_count_reg' has a dependency on the module local parameter or undefined parameter 'CYCLE_COUNT_WIDTH'.
WARNING: [IP_Flow 19-587] [HDL Parser] HDL port or parameter 'axi_cmd_input_cycle_count_next' has a dependency on the module local parameter or undefined parameter 'CYCLE_COUNT_WIDTH'.
WARNING: [IP_Flow 19-587] [HDL Parser] HDL port or parameter 'axi_cmd_output_cycle_count_reg' has a dependency on the module local parameter or undefined parameter 'CYCLE_COUNT_WIDTH'.
WARNING: [IP_Flow 19-587] [HDL Parser] HDL port or parameter 'axi_cmd_output_cycle_count_next' has a dependency on the module local parameter or undefined parameter 'CYCLE_COUNT_WIDTH'.
WARNING: [IP_Flow 19-587] [HDL Parser] HDL port or parameter 'offset_reg' has a dependency on the module local parameter or undefined parameter 'OFFSET_WIDTH'.
WARNING: [IP_Flow 19-587] [HDL Parser] HDL port or parameter 'offset_next' has a dependency on the module local parameter or undefined parameter 'OFFSET_WIDTH'.
WARNING: [IP_Flow 19-587] [HDL Parser] HDL port or parameter 'first_cycle_offset_reg' has a dependency on the module local parameter or undefined parameter 'OFFSET_WIDTH'.
WARNING: [IP_Flow 19-587] [HDL Parser] HDL port or parameter 'first_cycle_offset_next' has a dependency on the module local parameter or undefined parameter 'OFFSET_WIDTH'.
WARNING: [IP_Flow 19-587] [HDL Parser] HDL port or parameter 'last_cycle_offset_reg' has a dependency on the module local parameter or undefined parameter 'OFFSET_WIDTH'.
WARNING: [IP_Flow 19-587] [HDL Parser] HDL port or parameter 'last_cycle_offset_next' has a dependency on the module local parameter or undefined parameter 'OFFSET_WIDTH'.
WARNING: [IP_Flow 19-587] [HDL Parser] HDL port or parameter 'input_cycle_count_reg' has a dependency on the module local parameter or undefined parameter 'CYCLE_COUNT_WIDTH'.
WARNING: [IP_Flow 19-587] [HDL Parser] HDL port or parameter 'input_cycle_count_next' has a dependency on the module local parameter or undefined parameter 'CYCLE_COUNT_WIDTH'.
WARNING: [IP_Flow 19-587] [HDL Parser] HDL port or parameter 'output_cycle_count_reg' has a dependency on the module local parameter or undefined parameter 'CYCLE_COUNT_WIDTH'.
WARNING: [IP_Flow 19-587] [HDL Parser] HDL port or parameter 'output_cycle_count_next' has a dependency on the module local parameter or undefined parameter 'CYCLE_COUNT_WIDTH'.
WARNING: [IP_Flow 19-587] [HDL Parser] HDL port or parameter 'rresp_reg' has a dependency on the module local parameter or undefined parameter 'AXI_RESP_OKAY'.
WARNING: [IP_Flow 19-587] [HDL Parser] HDL port or parameter 'rresp_next' has a dependency on the module local parameter or undefined parameter 'AXI_RESP_OKAY'.
WARNING: [IP_Flow 19-587] [HDL Parser] HDL port or parameter 'bresp_reg' has a dependency on the module local parameter or undefined parameter 'AXI_RESP_OKAY'.
WARNING: [IP_Flow 19-587] [HDL Parser] HDL port or parameter 'bresp_next' has a dependency on the module local parameter or undefined parameter 'AXI_RESP_OKAY'.
INFO: [IP_Flow 19-1976] HDL Parser: Replacing 'STATUS_FIFO_ADDR_WIDTH' by 5 for port or parameter 'status_fifo_wr_ptr_reg'
INFO: [IP_Flow 19-1976] HDL Parser: Replacing 'STATUS_FIFO_ADDR_WIDTH' by 5 for port or parameter 'status_fifo_rd_ptr_reg'
INFO: [IP_Flow 19-1976] HDL Parser: Replacing 'STATUS_FIFO_ADDR_WIDTH' by 5 for port or parameter 'status_fifo_tag'
INFO: [IP_Flow 19-1976] HDL Parser: Replacing 'STATUS_FIFO_ADDR_WIDTH' by 5 for port or parameter 'status_fifo_resp'
INFO: [IP_Flow 19-1976] HDL Parser: Replacing 'STATUS_FIFO_ADDR_WIDTH' by 5 for port or parameter 'status_fifo_last'
INFO: [IP_Flow 19-1976] HDL Parser: Replacing 'STATUS_FIFO_ADDR_WIDTH' by 5 for port or parameter 'active_count_reg'
WARNING: [IP_Flow 19-587] [HDL Parser] HDL port or parameter 'shift_axi_rdata' has a dependency on the module local parameter or undefined parameter 'AXI_WORD_SIZE'.
INFO: [IP_Flow 19-1976] HDL Parser: Replacing 'OUTPUT_FIFO_ADDR_WIDTH' by 5 for port or parameter 'out_fifo_wr_ptr_reg'
INFO: [IP_Flow 19-1976] HDL Parser: Replacing 'OUTPUT_FIFO_ADDR_WIDTH' by 5 for port or parameter 'out_fifo_rd_ptr_reg'
INFO: [IP_Flow 19-1976] HDL Parser: Replacing 'OUTPUT_FIFO_ADDR_WIDTH' by 5 for port or parameter 'out_fifo_wdata'
INFO: [IP_Flow 19-1976] HDL Parser: Replacing 'OUTPUT_FIFO_ADDR_WIDTH' by 5 for port or parameter 'out_fifo_wstrb'
INFO: [IP_Flow 19-1976] HDL Parser: Replacing 'OUTPUT_FIFO_ADDR_WIDTH' by 5 for port or parameter 'out_fifo_wlast'
INFO: [IP_Flow 19-5107] Inferred bus interface 'm_axi' of definition 'xilinx.com:interface:aximm:1.0' (from Xilinx Repository).
INFO: [IP_Flow 19-5107] Inferred bus interface 'rst' of definition 'xilinx.com:signal:reset:1.0' (from Xilinx Repository).
INFO: [IP_Flow 19-5107] Inferred bus interface 'clk' of definition 'xilinx.com:signal:clock:1.0' (from Xilinx Repository).
INFO: [IP_Flow 19-4728] Bus Interface 'clk': Added interface parameter 'ASSOCIATED_BUSIF' with value 'm_axi'.
INFO: [IP_Flow 19-4728] Bus Interface 'clk': Added interface parameter 'ASSOCIATED_RESET' with value 'rst'.
INFO: [IP_Flow 19-818] Not transferring value dependency attribute "(spirit:decode(id('MODELPARAM_VALUE.AXI_DATA_WIDTH')) / 8)" into user parameter "AXI_STRB_WIDTH".
INFO: [IP_Flow 19-818] Not transferring value dependency attribute "((spirit:decode(id('MODELPARAM_VALUE.AXI_STRB_WIDTH')) > 1) ? clogb2(spirit:decode(id('MODELPARAM_VALUE.AXI_STRB_WIDTH'))) : 1)" into user parameter "OFFSET_WIDTH".
INFO: [IP_Flow 19-818] Not transferring value dependency attribute "((spirit:decode(id('MODELPARAM_VALUE.LEN_WIDTH')) - AXI_BURST_SIZE) + 1)" into user parameter "CYCLE_COUNT_WIDTH".
INFO: [IP_Flow 19-818] Not transferring value dependency attribute "(spirit:decode(id('MODELPARAM_VALUE.AXI_DATA_WIDTH')) / AXI_WORD_WIDTH)" into user parameter "AXI_WORD_SIZE".
ERROR: [IP_Flow 19-350] User Parameter 'OFFSET_WIDTH (Offset Width)': Missing default value
ERROR: [IP_Flow 19-350] User Parameter 'CYCLE_COUNT_WIDTH (Cycle Count Width)': Missing default value
ERROR: [IP_Flow 19-350] User Parameter 'AXI_WORD_SIZE (Axi Word Size)': Missing default value
ERROR: [IP_Flow 19-350] HDL Parameter 'OFFSET_WIDTH (Offset Width)': Missing default value
ERROR: [IP_Flow 19-627] HDL Parameter 'OFFSET_WIDTH (Offset Width)': XPath expression failed: Unsupported function call or array usage "clogb2" found in expression "((spirit:decode(id('MODELPARAM_VALUE.AXI_STRB_WIDTH')) > 1) ? clogb2(spirit:decode(id('MODELPARAM_VALUE.AXI_STRB_WIDTH'))) : 1)".
ERROR: [IP_Flow 19-350] HDL Parameter 'CYCLE_COUNT_WIDTH (Cycle Count Width)': Missing default value
ERROR: [IP_Flow 19-627] HDL Parameter 'CYCLE_COUNT_WIDTH (Cycle Count Width)': XPath expression failed: Undefined parameter "AXI_BURST_SIZE" used in expression "((spirit:decode(id('MODELPARAM_VALUE.LEN_WIDTH')) - AXI_BURST_SIZE) + 1)".
ERROR: [IP_Flow 19-350] HDL Parameter 'AXI_WORD_SIZE (Axi Word Size)': Missing default value
ERROR: [IP_Flow 19-627] HDL Parameter 'AXI_WORD_SIZE (Axi Word Size)': XPath expression failed: Undefined parameter "AXI_WORD_WIDTH" used in expression "(spirit:decode(id('MODELPARAM_VALUE.AXI_DATA_WIDTH')) / AXI_WORD_WIDTH)".
WARNING: [IP_Flow 19-11770] Clock interface 'clk' has no FREQ_HZ parameter.
ERROR: [IP_Flow 19-4668] Failed to infer definition from module 'axi_cdma'.
ERROR: [BD 41-1699] Unable to add reference type cell for reference-module 'axi_cdma'
ERROR: [BD 5-7] Error: running create_bd_cell  -type module -reference axi_cdma -name axi_cdma_0 .
ERROR: [Common 17-39] 'create_bd_cell' failed due to earlier errors.
WARNING: [filemgmt 56-199] Attempt to get parsing info during refresh. "On-the-fly" syntax checking information may be incorrect. [/home/ryanb/Documents/MINA/hw/ip/verilog-axi/rtl/axi_crossbar_1x4.v:]
WARNING: [filemgmt 56-199] Attempt to get parsing info during refresh. "On-the-fly" syntax checking information may be incorrect. [/home/ryanb/Documents/MINA/hw/ip/verilog-axi/rtl/axi_cdma.v:]
WARNING: [filemgmt 56-199] Attempt to get parsing info during refresh. "On-the-fly" syntax checking information may be incorrect. [/home/ryanb/Documents/MINA/hw/ip/verilog-axi/rtl/axi_crossbar_1x4.v:]
WARNING: [filemgmt 56-199] Attempt to get parsing info during refresh. "On-the-fly" syntax checking information may be incorrect. [/home/ryanb/Documents/MINA/hw/ip/verilog-axi/rtl/axi_crossbar_1x4.v:]
WARNING: [filemgmt 56-199] Attempt to get parsing info during refresh. "On-the-fly" syntax checking information may be incorrect. [/home/ryanb/Documents/MINA/hw/ip/verilog-axi/rtl/axi_crossbar_1x4.v:]
WARNING: [filemgmt 56-199] Attempt to get parsing info during refresh. "On-the-fly" syntax checking information may be incorrect. [/home/ryanb/Documents/MINA/hw/ip/verilog-axi/rtl/axi_cdma.v:]
WARNING: [filemgmt 56-199] Attempt to get parsing info during refresh. "On-the-fly" syntax checking information may be incorrect. [/home/ryanb/Documents/MINA/hw/ip/verilog-axi/rtl/axi_crossbar_1x4.v:]
WARNING: [filemgmt 56-199] Attempt to get parsing info during refresh. "On-the-fly" syntax checking information may be incorrect. [/home/ryanb/Documents/MINA/hw/ip/verilog-axi/rtl/axi_crossbar_1x4.v:]
create_bd_cell -type module -reference axi_cdma axi_cdma_0
WARNING: [IP_Flow 19-587] [HDL Parser] HDL port or parameter 'read_state_reg' has a dependency on the module local parameter or undefined parameter 'READ_STATE_IDLE'.
WARNING: [IP_Flow 19-587] [HDL Parser] HDL port or parameter 'read_state_next' has a dependency on the module local parameter or undefined parameter 'READ_STATE_IDLE'.
WARNING: [IP_Flow 19-587] [HDL Parser] HDL port or parameter 'axi_state_reg' has a dependency on the module local parameter or undefined parameter 'AXI_STATE_IDLE'.
WARNING: [IP_Flow 19-587] [HDL Parser] HDL port or parameter 'axi_state_next' has a dependency on the module local parameter or undefined parameter 'AXI_STATE_IDLE'.
WARNING: [IP_Flow 19-587] [HDL Parser] HDL port or parameter 'axi_cmd_offset_reg' has a dependency on the module local parameter or undefined parameter 'OFFSET_WIDTH'.
WARNING: [IP_Flow 19-587] [HDL Parser] HDL port or parameter 'axi_cmd_offset_next' has a dependency on the module local parameter or undefined parameter 'OFFSET_WIDTH'.
WARNING: [IP_Flow 19-587] [HDL Parser] HDL port or parameter 'axi_cmd_first_cycle_offset_reg' has a dependency on the module local parameter or undefined parameter 'OFFSET_WIDTH'.
WARNING: [IP_Flow 19-587] [HDL Parser] HDL port or parameter 'axi_cmd_first_cycle_offset_next' has a dependency on the module local parameter or undefined parameter 'OFFSET_WIDTH'.
WARNING: [IP_Flow 19-587] [HDL Parser] HDL port or parameter 'axi_cmd_last_cycle_offset_reg' has a dependency on the module local parameter or undefined parameter 'OFFSET_WIDTH'.
WARNING: [IP_Flow 19-587] [HDL Parser] HDL port or parameter 'axi_cmd_last_cycle_offset_next' has a dependency on the module local parameter or undefined parameter 'OFFSET_WIDTH'.
WARNING: [IP_Flow 19-587] [HDL Parser] HDL port or parameter 'axi_cmd_input_cycle_count_reg' has a dependency on the module local parameter or undefined parameter 'CYCLE_COUNT_WIDTH'.
WARNING: [IP_Flow 19-587] [HDL Parser] HDL port or parameter 'axi_cmd_input_cycle_count_next' has a dependency on the module local parameter or undefined parameter 'CYCLE_COUNT_WIDTH'.
WARNING: [IP_Flow 19-587] [HDL Parser] HDL port or parameter 'axi_cmd_output_cycle_count_reg' has a dependency on the module local parameter or undefined parameter 'CYCLE_COUNT_WIDTH'.
WARNING: [IP_Flow 19-587] [HDL Parser] HDL port or parameter 'axi_cmd_output_cycle_count_next' has a dependency on the module local parameter or undefined parameter 'CYCLE_COUNT_WIDTH'.
WARNING: [IP_Flow 19-587] [HDL Parser] HDL port or parameter 'offset_reg' has a dependency on the module local parameter or undefined parameter 'OFFSET_WIDTH'.
WARNING: [IP_Flow 19-587] [HDL Parser] HDL port or parameter 'offset_next' has a dependency on the module local parameter or undefined parameter 'OFFSET_WIDTH'.
WARNING: [IP_Flow 19-587] [HDL Parser] HDL port or parameter 'first_cycle_offset_reg' has a dependency on the module local parameter or undefined parameter 'OFFSET_WIDTH'.
WARNING: [IP_Flow 19-587] [HDL Parser] HDL port or parameter 'first_cycle_offset_next' has a dependency on the module local parameter or undefined parameter 'OFFSET_WIDTH'.
WARNING: [IP_Flow 19-587] [HDL Parser] HDL port or parameter 'last_cycle_offset_reg' has a dependency on the module local parameter or undefined parameter 'OFFSET_WIDTH'.
WARNING: [IP_Flow 19-587] [HDL Parser] HDL port or parameter 'last_cycle_offset_next' has a dependency on the module local parameter or undefined parameter 'OFFSET_WIDTH'.
WARNING: [IP_Flow 19-587] [HDL Parser] HDL port or parameter 'input_cycle_count_reg' has a dependency on the module local parameter or undefined parameter 'CYCLE_COUNT_WIDTH'.
WARNING: [IP_Flow 19-587] [HDL Parser] HDL port or parameter 'input_cycle_count_next' has a dependency on the module local parameter or undefined parameter 'CYCLE_COUNT_WIDTH'.
WARNING: [IP_Flow 19-587] [HDL Parser] HDL port or parameter 'output_cycle_count_reg' has a dependency on the module local parameter or undefined parameter 'CYCLE_COUNT_WIDTH'.
WARNING: [IP_Flow 19-587] [HDL Parser] HDL port or parameter 'output_cycle_count_next' has a dependency on the module local parameter or undefined parameter 'CYCLE_COUNT_WIDTH'.
WARNING: [IP_Flow 19-587] [HDL Parser] HDL port or parameter 'rresp_reg' has a dependency on the module local parameter or undefined parameter 'AXI_RESP_OKAY'.
WARNING: [IP_Flow 19-587] [HDL Parser] HDL port or parameter 'rresp_next' has a dependency on the module local parameter or undefined parameter 'AXI_RESP_OKAY'.
WARNING: [IP_Flow 19-587] [HDL Parser] HDL port or parameter 'bresp_reg' has a dependency on the module local parameter or undefined parameter 'AXI_RESP_OKAY'.
WARNING: [IP_Flow 19-587] [HDL Parser] HDL port or parameter 'bresp_next' has a dependency on the module local parameter or undefined parameter 'AXI_RESP_OKAY'.
INFO: [IP_Flow 19-1976] HDL Parser: Replacing 'STATUS_FIFO_ADDR_WIDTH' by 5 for port or parameter 'status_fifo_wr_ptr_reg'
INFO: [IP_Flow 19-1976] HDL Parser: Replacing 'STATUS_FIFO_ADDR_WIDTH' by 5 for port or parameter 'status_fifo_rd_ptr_reg'
INFO: [IP_Flow 19-1976] HDL Parser: Replacing 'STATUS_FIFO_ADDR_WIDTH' by 5 for port or parameter 'status_fifo_tag'
INFO: [IP_Flow 19-1976] HDL Parser: Replacing 'STATUS_FIFO_ADDR_WIDTH' by 5 for port or parameter 'status_fifo_resp'
INFO: [IP_Flow 19-1976] HDL Parser: Replacing 'STATUS_FIFO_ADDR_WIDTH' by 5 for port or parameter 'status_fifo_last'
INFO: [IP_Flow 19-1976] HDL Parser: Replacing 'STATUS_FIFO_ADDR_WIDTH' by 5 for port or parameter 'active_count_reg'
WARNING: [IP_Flow 19-587] [HDL Parser] HDL port or parameter 'shift_axi_rdata' has a dependency on the module local parameter or undefined parameter 'AXI_WORD_SIZE'.
INFO: [IP_Flow 19-1976] HDL Parser: Replacing 'OUTPUT_FIFO_ADDR_WIDTH' by 5 for port or parameter 'out_fifo_wr_ptr_reg'
INFO: [IP_Flow 19-1976] HDL Parser: Replacing 'OUTPUT_FIFO_ADDR_WIDTH' by 5 for port or parameter 'out_fifo_rd_ptr_reg'
INFO: [IP_Flow 19-1976] HDL Parser: Replacing 'OUTPUT_FIFO_ADDR_WIDTH' by 5 for port or parameter 'out_fifo_wdata'
INFO: [IP_Flow 19-1976] HDL Parser: Replacing 'OUTPUT_FIFO_ADDR_WIDTH' by 5 for port or parameter 'out_fifo_wstrb'
INFO: [IP_Flow 19-1976] HDL Parser: Replacing 'OUTPUT_FIFO_ADDR_WIDTH' by 5 for port or parameter 'out_fifo_wlast'
INFO: [IP_Flow 19-5107] Inferred bus interface 'm_axi' of definition 'xilinx.com:interface:aximm:1.0' (from Xilinx Repository).
INFO: [IP_Flow 19-5107] Inferred bus interface 'rst' of definition 'xilinx.com:signal:reset:1.0' (from Xilinx Repository).
INFO: [IP_Flow 19-5107] Inferred bus interface 'clk' of definition 'xilinx.com:signal:clock:1.0' (from Xilinx Repository).
INFO: [IP_Flow 19-4728] Bus Interface 'clk': Added interface parameter 'ASSOCIATED_BUSIF' with value 'm_axi'.
INFO: [IP_Flow 19-4728] Bus Interface 'clk': Added interface parameter 'ASSOCIATED_RESET' with value 'rst'.
INFO: [IP_Flow 19-818] Not transferring value dependency attribute "(spirit:decode(id('MODELPARAM_VALUE.AXI_DATA_WIDTH')) / 8)" into user parameter "AXI_STRB_WIDTH".
INFO: [IP_Flow 19-818] Not transferring value dependency attribute "((spirit:decode(id('MODELPARAM_VALUE.AXI_STRB_WIDTH')) > 1) ? spirit:decode(id('MODELPARAM_VALUE.AXI_STRB_WIDTH_LOG')) : 1)" into user parameter "OFFSET_WIDTH".
INFO: [IP_Flow 19-818] Not transferring value dependency attribute "((spirit:decode(id('MODELPARAM_VALUE.LEN_WIDTH')) - AXI_BURST_SIZE) + 1)" into user parameter "CYCLE_COUNT_WIDTH".
INFO: [IP_Flow 19-818] Not transferring value dependency attribute "(spirit:decode(id('MODELPARAM_VALUE.AXI_DATA_WIDTH')) / AXI_WORD_WIDTH)" into user parameter "AXI_WORD_SIZE".
ERROR: [IP_Flow 19-350] User Parameter 'CYCLE_COUNT_WIDTH (Cycle Count Width)': Missing default value
ERROR: [IP_Flow 19-350] User Parameter 'AXI_WORD_SIZE (Axi Word Size)': Missing default value
ERROR: [IP_Flow 19-350] HDL Parameter 'CYCLE_COUNT_WIDTH (Cycle Count Width)': Missing default value
ERROR: [IP_Flow 19-627] HDL Parameter 'CYCLE_COUNT_WIDTH (Cycle Count Width)': XPath expression failed: Undefined parameter "AXI_BURST_SIZE" used in expression "((spirit:decode(id('MODELPARAM_VALUE.LEN_WIDTH')) - AXI_BURST_SIZE) + 1)".
ERROR: [IP_Flow 19-350] HDL Parameter 'AXI_WORD_SIZE (Axi Word Size)': Missing default value
ERROR: [IP_Flow 19-627] HDL Parameter 'AXI_WORD_SIZE (Axi Word Size)': XPath expression failed: Undefined parameter "AXI_WORD_WIDTH" used in expression "(spirit:decode(id('MODELPARAM_VALUE.AXI_DATA_WIDTH')) / AXI_WORD_WIDTH)".
WARNING: [IP_Flow 19-11770] Clock interface 'clk' has no FREQ_HZ parameter.
ERROR: [IP_Flow 19-4668] Failed to infer definition from module 'axi_cdma'.
ERROR: [BD 41-1699] Unable to add reference type cell for reference-module 'axi_cdma'
ERROR: [BD 5-7] Error: running create_bd_cell  -type module -reference axi_cdma -name axi_cdma_0 .
ERROR: [Common 17-39] 'create_bd_cell' failed due to earlier errors.
save_bd_design
Wrote  : </home/ryanb/Documents/MINA/hw/custom_ip/MINA_proj/MINA_proj.srcs/sources_1/bd/design_1/design_1.bd> 
Wrote  : </home/ryanb/Documents/MINA/hw/custom_ip/MINA_proj/MINA_proj.srcs/sources_1/bd/design_1/ui/bd_1f5defd0.ui> 
WARNING: [filemgmt 56-199] Attempt to get parsing info during refresh. "On-the-fly" syntax checking information may be incorrect. [/home/ryanb/Documents/MINA/hw/ip/verilog-axi/rtl/axi_crossbar_1x4.v:]
WARNING: [filemgmt 56-199] Attempt to get parsing info during refresh. "On-the-fly" syntax checking information may be incorrect. [/home/ryanb/Documents/MINA/hw/ip/verilog-axi/rtl/axi_cdma.v:]
WARNING: [filemgmt 56-199] Attempt to get parsing info during refresh. "On-the-fly" syntax checking information may be incorrect. [/home/ryanb/Documents/MINA/hw/ip/verilog-axi/rtl/axi_crossbar_1x4.v:]
WARNING: [filemgmt 56-199] Attempt to get parsing info during refresh. "On-the-fly" syntax checking information may be incorrect. [/home/ryanb/Documents/MINA/hw/ip/verilog-axi/rtl/axi_crossbar_1x4.v:]
WARNING: [filemgmt 56-199] Attempt to get parsing info during refresh. "On-the-fly" syntax checking information may be incorrect. [/home/ryanb/Documents/MINA/hw/ip/verilog-axi/rtl/axi_crossbar_1x4.v:]
WARNING: [filemgmt 56-199] Attempt to get parsing info during refresh. "On-the-fly" syntax checking information may be incorrect. [/home/ryanb/Documents/MINA/hw/ip/verilog-axi/rtl/axi_cdma.v:]
WARNING: [filemgmt 56-199] Attempt to get parsing info during refresh. "On-the-fly" syntax checking information may be incorrect. [/home/ryanb/Documents/MINA/hw/ip/verilog-axi/rtl/axi_crossbar_1x4.v:]
WARNING: [filemgmt 56-199] Attempt to get parsing info during refresh. "On-the-fly" syntax checking information may be incorrect. [/home/ryanb/Documents/MINA/hw/ip/verilog-axi/rtl/axi_crossbar_1x4.v:]
create_bd_cell -type module -reference axi_cdma axi_cdma_0
WARNING: [IP_Flow 19-587] [HDL Parser] HDL port or parameter 'read_state_reg' has a dependency on the module local parameter or undefined parameter 'READ_STATE_IDLE'.
WARNING: [IP_Flow 19-587] [HDL Parser] HDL port or parameter 'read_state_next' has a dependency on the module local parameter or undefined parameter 'READ_STATE_IDLE'.
WARNING: [IP_Flow 19-587] [HDL Parser] HDL port or parameter 'axi_state_reg' has a dependency on the module local parameter or undefined parameter 'AXI_STATE_IDLE'.
WARNING: [IP_Flow 19-587] [HDL Parser] HDL port or parameter 'axi_state_next' has a dependency on the module local parameter or undefined parameter 'AXI_STATE_IDLE'.
WARNING: [IP_Flow 19-587] [HDL Parser] HDL port or parameter 'axi_cmd_offset_reg' has a dependency on the module local parameter or undefined parameter 'OFFSET_WIDTH'.
WARNING: [IP_Flow 19-587] [HDL Parser] HDL port or parameter 'axi_cmd_offset_next' has a dependency on the module local parameter or undefined parameter 'OFFSET_WIDTH'.
WARNING: [IP_Flow 19-587] [HDL Parser] HDL port or parameter 'axi_cmd_first_cycle_offset_reg' has a dependency on the module local parameter or undefined parameter 'OFFSET_WIDTH'.
WARNING: [IP_Flow 19-587] [HDL Parser] HDL port or parameter 'axi_cmd_first_cycle_offset_next' has a dependency on the module local parameter or undefined parameter 'OFFSET_WIDTH'.
WARNING: [IP_Flow 19-587] [HDL Parser] HDL port or parameter 'axi_cmd_last_cycle_offset_reg' has a dependency on the module local parameter or undefined parameter 'OFFSET_WIDTH'.
WARNING: [IP_Flow 19-587] [HDL Parser] HDL port or parameter 'axi_cmd_last_cycle_offset_next' has a dependency on the module local parameter or undefined parameter 'OFFSET_WIDTH'.
WARNING: [IP_Flow 19-587] [HDL Parser] HDL port or parameter 'axi_cmd_input_cycle_count_reg' has a dependency on the module local parameter or undefined parameter 'CYCLE_COUNT_WIDTH'.
WARNING: [IP_Flow 19-587] [HDL Parser] HDL port or parameter 'axi_cmd_input_cycle_count_next' has a dependency on the module local parameter or undefined parameter 'CYCLE_COUNT_WIDTH'.
WARNING: [IP_Flow 19-587] [HDL Parser] HDL port or parameter 'axi_cmd_output_cycle_count_reg' has a dependency on the module local parameter or undefined parameter 'CYCLE_COUNT_WIDTH'.
WARNING: [IP_Flow 19-587] [HDL Parser] HDL port or parameter 'axi_cmd_output_cycle_count_next' has a dependency on the module local parameter or undefined parameter 'CYCLE_COUNT_WIDTH'.
WARNING: [IP_Flow 19-587] [HDL Parser] HDL port or parameter 'offset_reg' has a dependency on the module local parameter or undefined parameter 'OFFSET_WIDTH'.
WARNING: [IP_Flow 19-587] [HDL Parser] HDL port or parameter 'offset_next' has a dependency on the module local parameter or undefined parameter 'OFFSET_WIDTH'.
WARNING: [IP_Flow 19-587] [HDL Parser] HDL port or parameter 'first_cycle_offset_reg' has a dependency on the module local parameter or undefined parameter 'OFFSET_WIDTH'.
WARNING: [IP_Flow 19-587] [HDL Parser] HDL port or parameter 'first_cycle_offset_next' has a dependency on the module local parameter or undefined parameter 'OFFSET_WIDTH'.
WARNING: [IP_Flow 19-587] [HDL Parser] HDL port or parameter 'last_cycle_offset_reg' has a dependency on the module local parameter or undefined parameter 'OFFSET_WIDTH'.
WARNING: [IP_Flow 19-587] [HDL Parser] HDL port or parameter 'last_cycle_offset_next' has a dependency on the module local parameter or undefined parameter 'OFFSET_WIDTH'.
WARNING: [IP_Flow 19-587] [HDL Parser] HDL port or parameter 'input_cycle_count_reg' has a dependency on the module local parameter or undefined parameter 'CYCLE_COUNT_WIDTH'.
WARNING: [IP_Flow 19-587] [HDL Parser] HDL port or parameter 'input_cycle_count_next' has a dependency on the module local parameter or undefined parameter 'CYCLE_COUNT_WIDTH'.
WARNING: [IP_Flow 19-587] [HDL Parser] HDL port or parameter 'output_cycle_count_reg' has a dependency on the module local parameter or undefined parameter 'CYCLE_COUNT_WIDTH'.
WARNING: [IP_Flow 19-587] [HDL Parser] HDL port or parameter 'output_cycle_count_next' has a dependency on the module local parameter or undefined parameter 'CYCLE_COUNT_WIDTH'.
WARNING: [IP_Flow 19-587] [HDL Parser] HDL port or parameter 'rresp_reg' has a dependency on the module local parameter or undefined parameter 'AXI_RESP_OKAY'.
WARNING: [IP_Flow 19-587] [HDL Parser] HDL port or parameter 'rresp_next' has a dependency on the module local parameter or undefined parameter 'AXI_RESP_OKAY'.
WARNING: [IP_Flow 19-587] [HDL Parser] HDL port or parameter 'bresp_reg' has a dependency on the module local parameter or undefined parameter 'AXI_RESP_OKAY'.
WARNING: [IP_Flow 19-587] [HDL Parser] HDL port or parameter 'bresp_next' has a dependency on the module local parameter or undefined parameter 'AXI_RESP_OKAY'.
INFO: [IP_Flow 19-1976] HDL Parser: Replacing 'STATUS_FIFO_ADDR_WIDTH' by 5 for port or parameter 'status_fifo_wr_ptr_reg'
INFO: [IP_Flow 19-1976] HDL Parser: Replacing 'STATUS_FIFO_ADDR_WIDTH' by 5 for port or parameter 'status_fifo_rd_ptr_reg'
INFO: [IP_Flow 19-1976] HDL Parser: Replacing 'STATUS_FIFO_ADDR_WIDTH' by 5 for port or parameter 'status_fifo_tag'
INFO: [IP_Flow 19-1976] HDL Parser: Replacing 'STATUS_FIFO_ADDR_WIDTH' by 5 for port or parameter 'status_fifo_resp'
INFO: [IP_Flow 19-1976] HDL Parser: Replacing 'STATUS_FIFO_ADDR_WIDTH' by 5 for port or parameter 'status_fifo_last'
INFO: [IP_Flow 19-1976] HDL Parser: Replacing 'STATUS_FIFO_ADDR_WIDTH' by 5 for port or parameter 'active_count_reg'
WARNING: [IP_Flow 19-587] [HDL Parser] HDL port or parameter 'shift_axi_rdata' has a dependency on the module local parameter or undefined parameter 'AXI_WORD_SIZE'.
INFO: [IP_Flow 19-1976] HDL Parser: Replacing 'OUTPUT_FIFO_ADDR_WIDTH' by 5 for port or parameter 'out_fifo_wr_ptr_reg'
INFO: [IP_Flow 19-1976] HDL Parser: Replacing 'OUTPUT_FIFO_ADDR_WIDTH' by 5 for port or parameter 'out_fifo_rd_ptr_reg'
INFO: [IP_Flow 19-1976] HDL Parser: Replacing 'OUTPUT_FIFO_ADDR_WIDTH' by 5 for port or parameter 'out_fifo_wdata'
INFO: [IP_Flow 19-1976] HDL Parser: Replacing 'OUTPUT_FIFO_ADDR_WIDTH' by 5 for port or parameter 'out_fifo_wstrb'
INFO: [IP_Flow 19-1976] HDL Parser: Replacing 'OUTPUT_FIFO_ADDR_WIDTH' by 5 for port or parameter 'out_fifo_wlast'
INFO: [IP_Flow 19-5107] Inferred bus interface 'm_axi' of definition 'xilinx.com:interface:aximm:1.0' (from Xilinx Repository).
INFO: [IP_Flow 19-5107] Inferred bus interface 'rst' of definition 'xilinx.com:signal:reset:1.0' (from Xilinx Repository).
INFO: [IP_Flow 19-5107] Inferred bus interface 'clk' of definition 'xilinx.com:signal:clock:1.0' (from Xilinx Repository).
INFO: [IP_Flow 19-4728] Bus Interface 'clk': Added interface parameter 'ASSOCIATED_BUSIF' with value 'm_axi'.
INFO: [IP_Flow 19-4728] Bus Interface 'clk': Added interface parameter 'ASSOCIATED_RESET' with value 'rst'.
INFO: [IP_Flow 19-818] Not transferring value dependency attribute "(spirit:decode(id('MODELPARAM_VALUE.AXI_DATA_WIDTH')) / 8)" into user parameter "AXI_STRB_WIDTH".
INFO: [IP_Flow 19-818] Not transferring value dependency attribute "((spirit:decode(id('MODELPARAM_VALUE.AXI_STRB_WIDTH')) > 1) ? clog2(spirit:decode(id('MODELPARAM_VALUE.AXI_STRB_WIDTH'))) : 1)" into user parameter "OFFSET_WIDTH".
INFO: [IP_Flow 19-818] Not transferring value dependency attribute "((spirit:decode(id('MODELPARAM_VALUE.LEN_WIDTH')) - AXI_BURST_SIZE) + 1)" into user parameter "CYCLE_COUNT_WIDTH".
INFO: [IP_Flow 19-818] Not transferring value dependency attribute "(spirit:decode(id('MODELPARAM_VALUE.AXI_DATA_WIDTH')) / AXI_WORD_WIDTH)" into user parameter "AXI_WORD_SIZE".
ERROR: [IP_Flow 19-350] User Parameter 'OFFSET_WIDTH (Offset Width)': Missing default value
ERROR: [IP_Flow 19-350] User Parameter 'CYCLE_COUNT_WIDTH (Cycle Count Width)': Missing default value
ERROR: [IP_Flow 19-350] User Parameter 'AXI_WORD_SIZE (Axi Word Size)': Missing default value
ERROR: [IP_Flow 19-350] HDL Parameter 'OFFSET_WIDTH (Offset Width)': Missing default value
ERROR: [IP_Flow 19-627] HDL Parameter 'OFFSET_WIDTH (Offset Width)': XPath expression failed: Unsupported function call or array usage "clog2" found in expression "((spirit:decode(id('MODELPARAM_VALUE.AXI_STRB_WIDTH')) > 1) ? clog2(spirit:decode(id('MODELPARAM_VALUE.AXI_STRB_WIDTH'))) : 1)".
ERROR: [IP_Flow 19-350] HDL Parameter 'CYCLE_COUNT_WIDTH (Cycle Count Width)': Missing default value
ERROR: [IP_Flow 19-627] HDL Parameter 'CYCLE_COUNT_WIDTH (Cycle Count Width)': XPath expression failed: Undefined parameter "AXI_BURST_SIZE" used in expression "((spirit:decode(id('MODELPARAM_VALUE.LEN_WIDTH')) - AXI_BURST_SIZE) + 1)".
ERROR: [IP_Flow 19-350] HDL Parameter 'AXI_WORD_SIZE (Axi Word Size)': Missing default value
ERROR: [IP_Flow 19-627] HDL Parameter 'AXI_WORD_SIZE (Axi Word Size)': XPath expression failed: Undefined parameter "AXI_WORD_WIDTH" used in expression "(spirit:decode(id('MODELPARAM_VALUE.AXI_DATA_WIDTH')) / AXI_WORD_WIDTH)".
WARNING: [IP_Flow 19-11770] Clock interface 'clk' has no FREQ_HZ parameter.
ERROR: [IP_Flow 19-4668] Failed to infer definition from module 'axi_cdma'.
ERROR: [BD 41-1699] Unable to add reference type cell for reference-module 'axi_cdma'
ERROR: [BD 5-7] Error: running create_bd_cell  -type module -reference axi_cdma -name axi_cdma_0 .
ERROR: [Common 17-39] 'create_bd_cell' failed due to earlier errors.
WARNING: [filemgmt 56-199] Attempt to get parsing info during refresh. "On-the-fly" syntax checking information may be incorrect. [/home/ryanb/Documents/MINA/hw/ip/verilog-axi/rtl/axi_crossbar_1x4.v:]
WARNING: [filemgmt 56-199] Attempt to get parsing info during refresh. "On-the-fly" syntax checking information may be incorrect. [/home/ryanb/Documents/MINA/hw/ip/verilog-axi/rtl/axi_cdma.v:]
WARNING: [filemgmt 56-199] Attempt to get parsing info during refresh. "On-the-fly" syntax checking information may be incorrect. [/home/ryanb/Documents/MINA/hw/ip/verilog-axi/rtl/axi_crossbar_1x4.v:]
WARNING: [filemgmt 56-199] Attempt to get parsing info during refresh. "On-the-fly" syntax checking information may be incorrect. [/home/ryanb/Documents/MINA/hw/ip/verilog-axi/rtl/axi_crossbar_1x4.v:]
close [ open /home/ryanb/Documents/MINA/hw/custom_ip/axi_cdma_fixed.v w ]
add_files /home/ryanb/Documents/MINA/hw/custom_ip/axi_cdma_fixed.v
WARNING: [filemgmt 56-199] Attempt to get parsing info during refresh. "On-the-fly" syntax checking information may be incorrect. [/home/ryanb/Documents/MINA/hw/ip/verilog-axi/rtl/axi_crossbar_1x4.v:]
WARNING: [filemgmt 56-199] Attempt to get parsing info during refresh. "On-the-fly" syntax checking information may be incorrect. [/home/ryanb/Documents/MINA/hw/ip/verilog-axi/rtl/axi_cdma.v:]
WARNING: [filemgmt 56-199] Attempt to get parsing info during refresh. "On-the-fly" syntax checking information may be incorrect. [/home/ryanb/Documents/MINA/hw/ip/verilog-axi/rtl/axi_cdma.v:]
WARNING: [filemgmt 56-199] Attempt to get parsing info during refresh. "On-the-fly" syntax checking information may be incorrect. [/home/ryanb/Documents/MINA/hw/ip/verilog-axi/rtl/axi_cdma.v:]
WARNING: [filemgmt 56-199] Attempt to get parsing info during refresh. "On-the-fly" syntax checking information may be incorrect. [/home/ryanb/Documents/MINA/hw/ip/verilog-axi/rtl/axi_crossbar_1x4.v:]
WARNING: [filemgmt 56-199] Attempt to get parsing info during refresh. "On-the-fly" syntax checking information may be incorrect. [/home/ryanb/Documents/MINA/hw/ip/verilog-axi/rtl/axi_cdma.v:]
WARNING: [filemgmt 56-199] Attempt to get parsing info during refresh. "On-the-fly" syntax checking information may be incorrect. [/home/ryanb/Documents/MINA/hw/ip/verilog-axi/rtl/axi_crossbar_1x4.v:]
WARNING: [filemgmt 56-199] Attempt to get parsing info during refresh. "On-the-fly" syntax checking information may be incorrect. [/home/ryanb/Documents/MINA/hw/ip/verilog-axi/rtl/axi_crossbar_1x4.v:]
update_compile_order -fileset sources_1
WARNING: [filemgmt 56-199] Attempt to get parsing info during refresh. "On-the-fly" syntax checking information may be incorrect. [/home/ryanb/Documents/MINA/hw/ip/verilog-axi/rtl/axi_crossbar_1x4.v:]
WARNING: [filemgmt 56-199] Attempt to get parsing info during refresh. "On-the-fly" syntax checking information may be incorrect. [/home/ryanb/Documents/MINA/hw/ip/verilog-axi/rtl/axi_cdma.v:]
WARNING: [filemgmt 56-199] Attempt to get parsing info during refresh. "On-the-fly" syntax checking information may be incorrect. [/home/ryanb/Documents/MINA/hw/ip/verilog-axi/rtl/axi_crossbar_1x4.v:]
WARNING: [filemgmt 56-199] Attempt to get parsing info during refresh. "On-the-fly" syntax checking information may be incorrect. [/home/ryanb/Documents/MINA/hw/ip/verilog-axi/rtl/axi_crossbar_1x4.v:]
WARNING: [filemgmt 56-199] Attempt to get parsing info during refresh. "On-the-fly" syntax checking information may be incorrect. [/home/ryanb/Documents/MINA/hw/ip/verilog-axi/rtl/axi_crossbar_1x4.v:]
WARNING: [filemgmt 56-199] Attempt to get parsing info during refresh. "On-the-fly" syntax checking information may be incorrect. [/home/ryanb/Documents/MINA/hw/custom_ip/axi_cdma_fixed.v:]
WARNING: [filemgmt 56-199] Attempt to get parsing info during refresh. "On-the-fly" syntax checking information may be incorrect. [/home/ryanb/Documents/MINA/hw/ip/verilog-axi/rtl/axi_cdma.v:]
WARNING: [filemgmt 56-199] Attempt to get parsing info during refresh. "On-the-fly" syntax checking information may be incorrect. [/home/ryanb/Documents/MINA/hw/ip/verilog-axi/rtl/axi_crossbar_1x4.v:]
WARNING: [filemgmt 56-199] Attempt to get parsing info during refresh. "On-the-fly" syntax checking information may be incorrect. [/home/ryanb/Documents/MINA/hw/ip/verilog-axi/rtl/axi_crossbar_1x4.v:]
WARNING: [filemgmt 56-199] Attempt to get parsing info during refresh. "On-the-fly" syntax checking information may be incorrect. [/home/ryanb/Documents/MINA/hw/ip/verilog-axi/rtl/axi_crossbar_1x4.v:]
WARNING: [filemgmt 56-199] Attempt to get parsing info during refresh. "On-the-fly" syntax checking information may be incorrect. [/home/ryanb/Documents/MINA/hw/custom_ip/axi_cdma_fixed.v:]
WARNING: [filemgmt 56-199] Attempt to get parsing info during refresh. "On-the-fly" syntax checking information may be incorrect. [/home/ryanb/Documents/MINA/hw/ip/verilog-axi/rtl/axi_cdma.v:]
WARNING: [filemgmt 56-199] Attempt to get parsing info during refresh. "On-the-fly" syntax checking information may be incorrect. [/home/ryanb/Documents/MINA/hw/custom_ip/axi_cdma_fixed.v:]
WARNING: [filemgmt 56-199] Attempt to get parsing info during refresh. "On-the-fly" syntax checking information may be incorrect. [/home/ryanb/Documents/MINA/hw/custom_ip/axi_cdma_fixed.v:]
remove_files  /home/ryanb/Documents/MINA/hw/ip/verilog-axi/rtl/axi_cdma.v
WARNING: [filemgmt 56-199] Attempt to get parsing info during refresh. "On-the-fly" syntax checking information may be incorrect. [/home/ryanb/Documents/MINA/hw/ip/verilog-axi/rtl/axi_crossbar_1x4.v:]
WARNING: [filemgmt 56-199] Attempt to get parsing info during refresh. "On-the-fly" syntax checking information may be incorrect. [/home/ryanb/Documents/MINA/hw/custom_ip/axi_cdma_fixed.v:]
WARNING: [filemgmt 56-199] Attempt to get parsing info during refresh. "On-the-fly" syntax checking information may be incorrect. [/home/ryanb/Documents/MINA/hw/ip/verilog-axi/rtl/axi_cdma.v:]
WARNING: [filemgmt 56-199] Attempt to get parsing info during refresh. "On-the-fly" syntax checking information may be incorrect. [/home/ryanb/Documents/MINA/hw/custom_ip/axi_cdma_fixed.v:]
WARNING: [filemgmt 56-199] Attempt to get parsing info during refresh. "On-the-fly" syntax checking information may be incorrect. [/home/ryanb/Documents/MINA/hw/custom_ip/axi_cdma_fixed.v:]
create_bd_cell -type module -reference axi_cdma axi_cdma_0
WARNING: [IP_Flow 19-587] [HDL Parser] HDL port or parameter 'read_state_reg' has a dependency on the module local parameter or undefined parameter 'READ_STATE_IDLE'.
WARNING: [IP_Flow 19-587] [HDL Parser] HDL port or parameter 'read_state_next' has a dependency on the module local parameter or undefined parameter 'READ_STATE_IDLE'.
WARNING: [IP_Flow 19-587] [HDL Parser] HDL port or parameter 'axi_state_reg' has a dependency on the module local parameter or undefined parameter 'AXI_STATE_IDLE'.
WARNING: [IP_Flow 19-587] [HDL Parser] HDL port or parameter 'axi_state_next' has a dependency on the module local parameter or undefined parameter 'AXI_STATE_IDLE'.
WARNING: [IP_Flow 19-587] [HDL Parser] HDL port or parameter 'axi_cmd_offset_reg' has a dependency on the module local parameter or undefined parameter 'OFFSET_WIDTH'.
WARNING: [IP_Flow 19-587] [HDL Parser] HDL port or parameter 'axi_cmd_offset_next' has a dependency on the module local parameter or undefined parameter 'OFFSET_WIDTH'.
WARNING: [IP_Flow 19-587] [HDL Parser] HDL port or parameter 'axi_cmd_first_cycle_offset_reg' has a dependency on the module local parameter or undefined parameter 'OFFSET_WIDTH'.
WARNING: [IP_Flow 19-587] [HDL Parser] HDL port or parameter 'axi_cmd_first_cycle_offset_next' has a dependency on the module local parameter or undefined parameter 'OFFSET_WIDTH'.
WARNING: [IP_Flow 19-587] [HDL Parser] HDL port or parameter 'axi_cmd_last_cycle_offset_reg' has a dependency on the module local parameter or undefined parameter 'OFFSET_WIDTH'.
WARNING: [IP_Flow 19-587] [HDL Parser] HDL port or parameter 'axi_cmd_last_cycle_offset_next' has a dependency on the module local parameter or undefined parameter 'OFFSET_WIDTH'.
WARNING: [IP_Flow 19-587] [HDL Parser] HDL port or parameter 'axi_cmd_input_cycle_count_reg' has a dependency on the module local parameter or undefined parameter 'CYCLE_COUNT_WIDTH'.
WARNING: [IP_Flow 19-587] [HDL Parser] HDL port or parameter 'axi_cmd_input_cycle_count_next' has a dependency on the module local parameter or undefined parameter 'CYCLE_COUNT_WIDTH'.
WARNING: [IP_Flow 19-587] [HDL Parser] HDL port or parameter 'axi_cmd_output_cycle_count_reg' has a dependency on the module local parameter or undefined parameter 'CYCLE_COUNT_WIDTH'.
WARNING: [IP_Flow 19-587] [HDL Parser] HDL port or parameter 'axi_cmd_output_cycle_count_next' has a dependency on the module local parameter or undefined parameter 'CYCLE_COUNT_WIDTH'.
WARNING: [IP_Flow 19-587] [HDL Parser] HDL port or parameter 'offset_reg' has a dependency on the module local parameter or undefined parameter 'OFFSET_WIDTH'.
WARNING: [IP_Flow 19-587] [HDL Parser] HDL port or parameter 'offset_next' has a dependency on the module local parameter or undefined parameter 'OFFSET_WIDTH'.
WARNING: [IP_Flow 19-587] [HDL Parser] HDL port or parameter 'first_cycle_offset_reg' has a dependency on the module local parameter or undefined parameter 'OFFSET_WIDTH'.
WARNING: [IP_Flow 19-587] [HDL Parser] HDL port or parameter 'first_cycle_offset_next' has a dependency on the module local parameter or undefined parameter 'OFFSET_WIDTH'.
WARNING: [IP_Flow 19-587] [HDL Parser] HDL port or parameter 'last_cycle_offset_reg' has a dependency on the module local parameter or undefined parameter 'OFFSET_WIDTH'.
WARNING: [IP_Flow 19-587] [HDL Parser] HDL port or parameter 'last_cycle_offset_next' has a dependency on the module local parameter or undefined parameter 'OFFSET_WIDTH'.
WARNING: [IP_Flow 19-587] [HDL Parser] HDL port or parameter 'input_cycle_count_reg' has a dependency on the module local parameter or undefined parameter 'CYCLE_COUNT_WIDTH'.
WARNING: [IP_Flow 19-587] [HDL Parser] HDL port or parameter 'input_cycle_count_next' has a dependency on the module local parameter or undefined parameter 'CYCLE_COUNT_WIDTH'.
WARNING: [IP_Flow 19-587] [HDL Parser] HDL port or parameter 'output_cycle_count_reg' has a dependency on the module local parameter or undefined parameter 'CYCLE_COUNT_WIDTH'.
WARNING: [IP_Flow 19-587] [HDL Parser] HDL port or parameter 'output_cycle_count_next' has a dependency on the module local parameter or undefined parameter 'CYCLE_COUNT_WIDTH'.
WARNING: [IP_Flow 19-587] [HDL Parser] HDL port or parameter 'rresp_reg' has a dependency on the module local parameter or undefined parameter 'AXI_RESP_OKAY'.
WARNING: [IP_Flow 19-587] [HDL Parser] HDL port or parameter 'rresp_next' has a dependency on the module local parameter or undefined parameter 'AXI_RESP_OKAY'.
WARNING: [IP_Flow 19-587] [HDL Parser] HDL port or parameter 'bresp_reg' has a dependency on the module local parameter or undefined parameter 'AXI_RESP_OKAY'.
WARNING: [IP_Flow 19-587] [HDL Parser] HDL port or parameter 'bresp_next' has a dependency on the module local parameter or undefined parameter 'AXI_RESP_OKAY'.
INFO: [IP_Flow 19-1976] HDL Parser: Replacing 'STATUS_FIFO_ADDR_WIDTH' by 5 for port or parameter 'status_fifo_wr_ptr_reg'
INFO: [IP_Flow 19-1976] HDL Parser: Replacing 'STATUS_FIFO_ADDR_WIDTH' by 5 for port or parameter 'status_fifo_rd_ptr_reg'
INFO: [IP_Flow 19-1976] HDL Parser: Replacing 'STATUS_FIFO_ADDR_WIDTH' by 5 for port or parameter 'status_fifo_tag'
INFO: [IP_Flow 19-1976] HDL Parser: Replacing 'STATUS_FIFO_ADDR_WIDTH' by 5 for port or parameter 'status_fifo_resp'
INFO: [IP_Flow 19-1976] HDL Parser: Replacing 'STATUS_FIFO_ADDR_WIDTH' by 5 for port or parameter 'status_fifo_last'
INFO: [IP_Flow 19-1976] HDL Parser: Replacing 'STATUS_FIFO_ADDR_WIDTH' by 5 for port or parameter 'active_count_reg'
WARNING: [IP_Flow 19-587] [HDL Parser] HDL port or parameter 'shift_axi_rdata' has a dependency on the module local parameter or undefined parameter 'AXI_WORD_SIZE'.
INFO: [IP_Flow 19-1976] HDL Parser: Replacing 'OUTPUT_FIFO_ADDR_WIDTH' by 5 for port or parameter 'out_fifo_wr_ptr_reg'
INFO: [IP_Flow 19-1976] HDL Parser: Replacing 'OUTPUT_FIFO_ADDR_WIDTH' by 5 for port or parameter 'out_fifo_rd_ptr_reg'
INFO: [IP_Flow 19-1976] HDL Parser: Replacing 'OUTPUT_FIFO_ADDR_WIDTH' by 5 for port or parameter 'out_fifo_wdata'
INFO: [IP_Flow 19-1976] HDL Parser: Replacing 'OUTPUT_FIFO_ADDR_WIDTH' by 5 for port or parameter 'out_fifo_wstrb'
INFO: [IP_Flow 19-1976] HDL Parser: Replacing 'OUTPUT_FIFO_ADDR_WIDTH' by 5 for port or parameter 'out_fifo_wlast'
INFO: [IP_Flow 19-5107] Inferred bus interface 'm_axi' of definition 'xilinx.com:interface:aximm:1.0' (from Xilinx Repository).
INFO: [IP_Flow 19-5107] Inferred bus interface 'rst' of definition 'xilinx.com:signal:reset:1.0' (from Xilinx Repository).
INFO: [IP_Flow 19-5107] Inferred bus interface 'clk' of definition 'xilinx.com:signal:clock:1.0' (from Xilinx Repository).
INFO: [IP_Flow 19-4728] Bus Interface 'clk': Added interface parameter 'ASSOCIATED_BUSIF' with value 'm_axi'.
INFO: [IP_Flow 19-4728] Bus Interface 'clk': Added interface parameter 'ASSOCIATED_RESET' with value 'rst'.
INFO: [IP_Flow 19-818] Not transferring value dependency attribute "(spirit:decode(id('MODELPARAM_VALUE.AXI_DATA_WIDTH')) / 8)" into user parameter "AXI_STRB_WIDTH".
INFO: [IP_Flow 19-818] Not transferring value dependency attribute "((AXI_BURST_SIZE > 0) ? AXI_BURST_SIZE : 1)" into user parameter "OFFSET_WIDTH".
INFO: [IP_Flow 19-818] Not transferring value dependency attribute "((spirit:decode(id('MODELPARAM_VALUE.LEN_WIDTH')) - AXI_BURST_SIZE) + 1)" into user parameter "CYCLE_COUNT_WIDTH".
INFO: [IP_Flow 19-818] Not transferring value dependency attribute "(spirit:decode(id('MODELPARAM_VALUE.AXI_DATA_WIDTH')) / AXI_WORD_WIDTH)" into user parameter "AXI_WORD_SIZE".
ERROR: [IP_Flow 19-350] User Parameter 'OFFSET_WIDTH (Offset Width)': Missing default value
ERROR: [IP_Flow 19-350] User Parameter 'CYCLE_COUNT_WIDTH (Cycle Count Width)': Missing default value
ERROR: [IP_Flow 19-350] User Parameter 'AXI_WORD_SIZE (Axi Word Size)': Missing default value
ERROR: [IP_Flow 19-350] HDL Parameter 'OFFSET_WIDTH (Offset Width)': Missing default value
ERROR: [IP_Flow 19-627] HDL Parameter 'OFFSET_WIDTH (Offset Width)': XPath expression failed: Undefined parameter "AXI_BURST_SIZE" used in expression "((AXI_BURST_SIZE > 0) ? AXI_BURST_SIZE : 1)".
ERROR: [IP_Flow 19-350] HDL Parameter 'CYCLE_COUNT_WIDTH (Cycle Count Width)': Missing default value
ERROR: [IP_Flow 19-627] HDL Parameter 'CYCLE_COUNT_WIDTH (Cycle Count Width)': XPath expression failed: Undefined parameter "AXI_BURST_SIZE" used in expression "((spirit:decode(id('MODELPARAM_VALUE.LEN_WIDTH')) - AXI_BURST_SIZE) + 1)".
ERROR: [IP_Flow 19-350] HDL Parameter 'AXI_WORD_SIZE (Axi Word Size)': Missing default value
ERROR: [IP_Flow 19-627] HDL Parameter 'AXI_WORD_SIZE (Axi Word Size)': XPath expression failed: Undefined parameter "AXI_WORD_WIDTH" used in expression "(spirit:decode(id('MODELPARAM_VALUE.AXI_DATA_WIDTH')) / AXI_WORD_WIDTH)".
WARNING: [IP_Flow 19-11770] Clock interface 'clk' has no FREQ_HZ parameter.
ERROR: [IP_Flow 19-4668] Failed to infer definition from module 'axi_cdma'.
ERROR: [BD 41-1699] Unable to add reference type cell for reference-module 'axi_cdma'
ERROR: [BD 5-7] Error: running create_bd_cell  -type module -reference axi_cdma -name axi_cdma_0 .
ERROR: [Common 17-39] 'create_bd_cell' failed due to earlier errors.
remove_files  /home/ryanb/Documents/MINA/hw/custom_ip/axi_cdma_fixed.v
startgroup
create_bd_cell -type ip -vlnv xilinx.com:ip:axi_cdma:4.1 axi_cdma_0
endgroup
set_property location {2 390 -48} [get_bd_cells axi_cdma_0]
set_property location {2.5 1297 337} [get_bd_cells axi_cdma_0]
set_property location {3 1425 379} [get_bd_cells axi_cdma_0]
set_property location {3 1331 521} [get_bd_cells axi_cdma_0]
create_bd_cell -type module -reference axi_axil_adapter axi_axil_adapter_0
set_property location {3 1270 391} [get_bd_cells axi_axil_adapter_0]
set_property location {4 1583 504} [get_bd_cells axi_cdma_0]
set_property location {4.5 1695 419} [get_bd_cells axi_cdma_0]
connect_bd_intf_net [get_bd_intf_pins axi_axil_adapter_0/s_axi] [get_bd_intf_pins axi_crossbar_2x5_0/m04_axi]
connect_bd_intf_net [get_bd_intf_pins axi_axil_adapter_0/m_axil] [get_bd_intf_pins axi_cdma_0/S_AXI_LITE]
set_property location {4.5 1553 421} [get_bd_cells axi_cdma_0]
set_property location {4.5 1387 416} [get_bd_cells axi_cdma_0]
set_property location {5 1271 424} [get_bd_cells axi_cdma_0]
startgroup
set_property CONFIG.C_INCLUDE_SG {0} [get_bd_cells axi_cdma_0]
endgroup
set_property location {4.5 1271 419} [get_bd_cells axi_cdma_0]
connect_bd_intf_net [get_bd_intf_pins axi_cdma_0/M_AXI] [get_bd_intf_pins axi_crossbar_2x5_0/s01_axi]
copy_bd_objs /  [get_bd_cells {axi_axil_adapter_0}]
set_property location {4 1102 271} [get_bd_cells axi_axil_adapter_1]
set_property location {4 1057 300} [get_bd_cells axi_axil_adapter_1]
set_property location {4 1059 317} [get_bd_cells axi_axil_adapter_1]
set_property location {4 1058 303} [get_bd_cells axi_axil_adapter_1]
connect_bd_intf_net [get_bd_intf_pins axi_crossbar_2x5_0/m02_axi] [get_bd_intf_pins axi_axil_adapter_1/s_axi]
save_bd_design
Wrote  : </home/ryanb/Documents/MINA/hw/custom_ip/MINA_proj/MINA_proj.srcs/sources_1/bd/design_1/design_1.bd> 
Wrote  : </home/ryanb/Documents/MINA/hw/custom_ip/MINA_proj/MINA_proj.srcs/sources_1/bd/design_1/ui/bd_1f5defd0.ui> 
close [ open /home/ryanb/Documents/MINA/hw/custom_ip/plic.vhd w ]
add_files /home/ryanb/Documents/MINA/hw/custom_ip/plic.vhd
update_compile_order -fileset sources_1
WARNING: [filemgmt 56-199] Attempt to get parsing info during refresh. "On-the-fly" syntax checking information may be incorrect. [/home/ryanb/Documents/MINA/hw/custom_ip/plic.vhd:]
WARNING: [filemgmt 56-199] Attempt to get parsing info during refresh. "On-the-fly" syntax checking information may be incorrect. [/home/ryanb/Documents/MINA/hw/ip/verilog-axi/rtl/axi_crossbar_1x4.v:]
WARNING: [filemgmt 56-199] Attempt to get parsing info during refresh. "On-the-fly" syntax checking information may be incorrect. [/home/ryanb/Documents/MINA/hw/custom_ip/axi_cdma_fixed.v:]
WARNING: [filemgmt 56-199] Attempt to get parsing info during refresh. "On-the-fly" syntax checking information may be incorrect. [/home/ryanb/Documents/MINA/hw/ip/verilog-axi/rtl/axi_cdma.v:]
WARNING: [filemgmt 56-199] Attempt to get parsing info during refresh. "On-the-fly" syntax checking information may be incorrect. [/home/ryanb/Documents/MINA/hw/custom_ip/plic.vhd:]
WARNING: [filemgmt 56-199] Attempt to get parsing info during refresh. "On-the-fly" syntax checking information may be incorrect. [/home/ryanb/Documents/MINA/hw/custom_ip/plic.vhd:]
WARNING: [filemgmt 56-199] Attempt to get parsing info during refresh. "On-the-fly" syntax checking information may be incorrect. [/home/ryanb/Documents/MINA/hw/custom_ip/plic.vhd:]
WARNING: [filemgmt 56-199] Attempt to get parsing info during refresh. "On-the-fly" syntax checking information may be incorrect. [/home/ryanb/Documents/MINA/hw/ip/verilog-axi/rtl/axi_crossbar_1x4.v:]
WARNING: [filemgmt 56-199] Attempt to get parsing info during refresh. "On-the-fly" syntax checking information may be incorrect. [/home/ryanb/Documents/MINA/hw/custom_ip/axi_cdma_fixed.v:]
WARNING: [filemgmt 56-199] Attempt to get parsing info during refresh. "On-the-fly" syntax checking information may be incorrect. [/home/ryanb/Documents/MINA/hw/ip/verilog-axi/rtl/axi_cdma.v:]
WARNING: [filemgmt 56-199] Attempt to get parsing info during refresh. "On-the-fly" syntax checking information may be incorrect. [/home/ryanb/Documents/MINA/hw/custom_ip/plic.vhd:]
WARNING: [filemgmt 56-199] Attempt to get parsing info during refresh. "On-the-fly" syntax checking information may be incorrect. [/home/ryanb/Documents/MINA/hw/custom_ip/plic.vhd:]
WARNING: [filemgmt 56-199] Attempt to get parsing info during refresh. "On-the-fly" syntax checking information may be incorrect. [/home/ryanb/Documents/MINA/hw/custom_ip/plic.vhd:]
WARNING: [filemgmt 56-199] Attempt to get parsing info during refresh. "On-the-fly" syntax checking information may be incorrect. [/home/ryanb/Documents/MINA/hw/ip/verilog-axi/rtl/axi_crossbar_1x4.v:]
WARNING: [filemgmt 56-199] Attempt to get parsing info during refresh. "On-the-fly" syntax checking information may be incorrect. [/home/ryanb/Documents/MINA/hw/custom_ip/axi_cdma_fixed.v:]
WARNING: [filemgmt 56-199] Attempt to get parsing info during refresh. "On-the-fly" syntax checking information may be incorrect. [/home/ryanb/Documents/MINA/hw/ip/verilog-axi/rtl/axi_cdma.v:]
WARNING: [filemgmt 56-199] Attempt to get parsing info during refresh. "On-the-fly" syntax checking information may be incorrect. [/home/ryanb/Documents/MINA/hw/custom_ip/plic.vhd:]
WARNING: [filemgmt 56-199] Attempt to get parsing info during refresh. "On-the-fly" syntax checking information may be incorrect. [/home/ryanb/Documents/MINA/hw/custom_ip/plic.vhd:]
close [ open /home/ryanb/Documents/MINA/hw/custom_ip/plic_axil.vhd w ]
add_files /home/ryanb/Documents/MINA/hw/custom_ip/plic_axil.vhd
WARNING: [filemgmt 56-199] Attempt to get parsing info during refresh. "On-the-fly" syntax checking information may be incorrect. [/home/ryanb/Documents/MINA/hw/custom_ip/plic.vhd:]
WARNING: [filemgmt 56-199] Attempt to get parsing info during refresh. "On-the-fly" syntax checking information may be incorrect. [/home/ryanb/Documents/MINA/hw/ip/verilog-axi/rtl/axi_crossbar_1x4.v:]
WARNING: [filemgmt 56-199] Attempt to get parsing info during refresh. "On-the-fly" syntax checking information may be incorrect. [/home/ryanb/Documents/MINA/hw/custom_ip/axi_cdma_fixed.v:]
WARNING: [filemgmt 56-199] Attempt to get parsing info during refresh. "On-the-fly" syntax checking information may be incorrect. [/home/ryanb/Documents/MINA/hw/ip/verilog-axi/rtl/axi_cdma.v:]
WARNING: [filemgmt 56-199] Attempt to get parsing info during refresh. "On-the-fly" syntax checking information may be incorrect. [/home/ryanb/Documents/MINA/hw/custom_ip/plic.vhd:]
WARNING: [filemgmt 56-199] Attempt to get parsing info during refresh. "On-the-fly" syntax checking information may be incorrect. [/home/ryanb/Documents/MINA/hw/custom_ip/plic.vhd:]
WARNING: [filemgmt 56-199] Attempt to get parsing info during refresh. "On-the-fly" syntax checking information may be incorrect. [/home/ryanb/Documents/MINA/hw/custom_ip/plic.vhd:]
WARNING: [filemgmt 56-199] Attempt to get parsing info during refresh. "On-the-fly" syntax checking information may be incorrect. [/home/ryanb/Documents/MINA/hw/ip/verilog-axi/rtl/axi_crossbar_1x4.v:]
WARNING: [filemgmt 56-199] Attempt to get parsing info during refresh. "On-the-fly" syntax checking information may be incorrect. [/home/ryanb/Documents/MINA/hw/custom_ip/axi_cdma_fixed.v:]
WARNING: [filemgmt 56-199] Attempt to get parsing info during refresh. "On-the-fly" syntax checking information may be incorrect. [/home/ryanb/Documents/MINA/hw/ip/verilog-axi/rtl/axi_cdma.v:]
WARNING: [filemgmt 56-199] Attempt to get parsing info during refresh. "On-the-fly" syntax checking information may be incorrect. [/home/ryanb/Documents/MINA/hw/custom_ip/plic.vhd:]
WARNING: [filemgmt 56-199] Attempt to get parsing info during refresh. "On-the-fly" syntax checking information may be incorrect. [/home/ryanb/Documents/MINA/hw/custom_ip/plic.vhd:]
WARNING: [filemgmt 56-199] Attempt to get parsing info during refresh. "On-the-fly" syntax checking information may be incorrect. [/home/ryanb/Documents/MINA/hw/custom_ip/plic.vhd:]
WARNING: [filemgmt 56-199] Attempt to get parsing info during refresh. "On-the-fly" syntax checking information may be incorrect. [/home/ryanb/Documents/MINA/hw/ip/verilog-axi/rtl/axi_crossbar_1x4.v:]
WARNING: [filemgmt 56-199] Attempt to get parsing info during refresh. "On-the-fly" syntax checking information may be incorrect. [/home/ryanb/Documents/MINA/hw/custom_ip/axi_cdma_fixed.v:]
WARNING: [filemgmt 56-199] Attempt to get parsing info during refresh. "On-the-fly" syntax checking information may be incorrect. [/home/ryanb/Documents/MINA/hw/ip/verilog-axi/rtl/axi_cdma.v:]
WARNING: [filemgmt 56-199] Attempt to get parsing info during refresh. "On-the-fly" syntax checking information may be incorrect. [/home/ryanb/Documents/MINA/hw/ip/verilog-axi/rtl/axi_crossbar_1x4.v:]
WARNING: [filemgmt 56-199] Attempt to get parsing info during refresh. "On-the-fly" syntax checking information may be incorrect. [/home/ryanb/Documents/MINA/hw/ip/verilog-axi/rtl/axi_crossbar_1x4.v:]
update_compile_order -fileset sources_1
WARNING: [filemgmt 56-199] Attempt to get parsing info during refresh. "On-the-fly" syntax checking information may be incorrect. [/home/ryanb/Documents/MINA/hw/custom_ip/plic.vhd:]
WARNING: [filemgmt 56-199] Attempt to get parsing info during refresh. "On-the-fly" syntax checking information may be incorrect. [/home/ryanb/Documents/MINA/hw/ip/verilog-axi/rtl/axi_crossbar_1x4.v:]
WARNING: [filemgmt 56-199] Attempt to get parsing info during refresh. "On-the-fly" syntax checking information may be incorrect. [/home/ryanb/Documents/MINA/hw/custom_ip/axi_cdma_fixed.v:]
WARNING: [filemgmt 56-199] Attempt to get parsing info during refresh. "On-the-fly" syntax checking information may be incorrect. [/home/ryanb/Documents/MINA/hw/ip/verilog-axi/rtl/axi_cdma.v:]
WARNING: [filemgmt 56-199] Attempt to get parsing info during refresh. "On-the-fly" syntax checking information may be incorrect. [/home/ryanb/Documents/MINA/hw/custom_ip/plic_axil.vhd:]
WARNING: [filemgmt 56-199] Attempt to get parsing info during refresh. "On-the-fly" syntax checking information may be incorrect. [/home/ryanb/Documents/MINA/hw/custom_ip/plic.vhd:]
WARNING: [filemgmt 56-199] Attempt to get parsing info during refresh. "On-the-fly" syntax checking information may be incorrect. [/home/ryanb/Documents/MINA/hw/custom_ip/plic.vhd:]
WARNING: [filemgmt 56-199] Attempt to get parsing info during refresh. "On-the-fly" syntax checking information may be incorrect. [/home/ryanb/Documents/MINA/hw/custom_ip/plic.vhd:]
WARNING: [filemgmt 56-199] Attempt to get parsing info during refresh. "On-the-fly" syntax checking information may be incorrect. [/home/ryanb/Documents/MINA/hw/ip/verilog-axi/rtl/axi_crossbar_1x4.v:]
WARNING: [filemgmt 56-199] Attempt to get parsing info during refresh. "On-the-fly" syntax checking information may be incorrect. [/home/ryanb/Documents/MINA/hw/custom_ip/axi_cdma_fixed.v:]
WARNING: [filemgmt 56-199] Attempt to get parsing info during refresh. "On-the-fly" syntax checking information may be incorrect. [/home/ryanb/Documents/MINA/hw/ip/verilog-axi/rtl/axi_cdma.v:]
WARNING: [filemgmt 56-199] Attempt to get parsing info during refresh. "On-the-fly" syntax checking information may be incorrect. [/home/ryanb/Documents/MINA/hw/custom_ip/plic_axil.vhd:]
WARNING: [filemgmt 56-199] Attempt to get parsing info during refresh. "On-the-fly" syntax checking information may be incorrect. [/home/ryanb/Documents/MINA/hw/custom_ip/plic_axil.vhd:]
WARNING: [filemgmt 56-199] Attempt to get parsing info during refresh. "On-the-fly" syntax checking information may be incorrect. [/home/ryanb/Documents/MINA/hw/custom_ip/plic_axil.vhd:]
create_bd_cell -type module -reference plic_axil_wrapper plic_axil_wrapper_0
INFO: [IP_Flow 19-5107] Inferred bus interface 'S_AXI' of definition 'xilinx.com:interface:aximm:1.0' (from Xilinx Repository).
INFO: [IP_Flow 19-5107] Inferred bus interface 'S_AXI_ARESETN' of definition 'xilinx.com:signal:reset:1.0' (from Xilinx Repository).
INFO: [IP_Flow 19-5107] Inferred bus interface 'S_AXI_ACLK' of definition 'xilinx.com:signal:clock:1.0' (from Xilinx Repository).
INFO: [IP_Flow 19-5107] Inferred bus interface 'ext_intr' of definition 'xilinx.com:signal:interrupt:1.0' (from Xilinx Repository).
INFO: [IP_Flow 19-4728] Bus Interface 'S_AXI_ARESETN': Added interface parameter 'POLARITY' with value 'ACTIVE_LOW'.
INFO: [IP_Flow 19-4728] Bus Interface 'ext_intr': Added interface parameter 'SENSITIVITY' with value 'LEVEL_HIGH'.
INFO: [IP_Flow 19-4728] Bus Interface 'S_AXI_ACLK': Added interface parameter 'ASSOCIATED_BUSIF' with value 'S_AXI'.
INFO: [IP_Flow 19-4728] Bus Interface 'S_AXI_ACLK': Added interface parameter 'ASSOCIATED_RESET' with value 'S_AXI_ARESETN'.
WARNING: [IP_Flow 19-11770] Clock interface 'S_AXI_ACLK' has no FREQ_HZ parameter.
set_property location {3.5 993 71} [get_bd_cells plic_axil_wrapper_0]
set_property location {6 1436 48} [get_bd_cells plic_axil_wrapper_0]
save_bd_design
Wrote  : </home/ryanb/Documents/MINA/hw/custom_ip/MINA_proj/MINA_proj.srcs/sources_1/bd/design_1/design_1.bd> 
Wrote  : </home/ryanb/Documents/MINA/hw/custom_ip/MINA_proj/MINA_proj.srcs/sources_1/bd/design_1/ui/bd_1f5defd0.ui> 
WARNING: [filemgmt 56-199] Attempt to get parsing info during refresh. "On-the-fly" syntax checking information may be incorrect. [/home/ryanb/Documents/MINA/hw/custom_ip/plic.vhd:]
WARNING: [filemgmt 56-199] Attempt to get parsing info during refresh. "On-the-fly" syntax checking information may be incorrect. [/home/ryanb/Documents/MINA/hw/ip/verilog-axi/rtl/axi_crossbar_1x4.v:]
WARNING: [filemgmt 56-199] Attempt to get parsing info during refresh. "On-the-fly" syntax checking information may be incorrect. [/home/ryanb/Documents/MINA/hw/custom_ip/axi_cdma_fixed.v:]
WARNING: [filemgmt 56-199] Attempt to get parsing info during refresh. "On-the-fly" syntax checking information may be incorrect. [/home/ryanb/Documents/MINA/hw/ip/verilog-axi/rtl/axi_cdma.v:]
WARNING: [filemgmt 56-199] Attempt to get parsing info during refresh. "On-the-fly" syntax checking information may be incorrect. [/home/ryanb/Documents/MINA/hw/custom_ip/plic_axil.vhd:]
WARNING: [filemgmt 56-199] Attempt to get parsing info during refresh. "On-the-fly" syntax checking information may be incorrect. [/home/ryanb/Documents/MINA/hw/custom_ip/plic.vhd:]
WARNING: [filemgmt 56-199] Attempt to get parsing info during refresh. "On-the-fly" syntax checking information may be incorrect. [/home/ryanb/Documents/MINA/hw/custom_ip/plic.vhd:]
WARNING: [filemgmt 56-199] Attempt to get parsing info during refresh. "On-the-fly" syntax checking information may be incorrect. [/home/ryanb/Documents/MINA/hw/custom_ip/plic.vhd:]
WARNING: [filemgmt 56-199] Attempt to get parsing info during refresh. "On-the-fly" syntax checking information may be incorrect. [/home/ryanb/Documents/MINA/hw/ip/verilog-axi/rtl/axi_crossbar_1x4.v:]
WARNING: [filemgmt 56-199] Attempt to get parsing info during refresh. "On-the-fly" syntax checking information may be incorrect. [/home/ryanb/Documents/MINA/hw/custom_ip/axi_cdma_fixed.v:]
WARNING: [filemgmt 56-199] Attempt to get parsing info during refresh. "On-the-fly" syntax checking information may be incorrect. [/home/ryanb/Documents/MINA/hw/ip/verilog-axi/rtl/axi_cdma.v:]
WARNING: [filemgmt 56-199] Attempt to get parsing info during refresh. "On-the-fly" syntax checking information may be incorrect. [/home/ryanb/Documents/MINA/hw/custom_ip/plic_axil.vhd:]
WARNING: [filemgmt 56-199] Attempt to get parsing info during refresh. "On-the-fly" syntax checking information may be incorrect. [/home/ryanb/Documents/MINA/hw/custom_ip/plic_axil.vhd:]
WARNING: [filemgmt 56-199] Attempt to get parsing info during refresh. "On-the-fly" syntax checking information may be incorrect. [/home/ryanb/Documents/MINA/hw/custom_ip/plic_axil.vhd:]
WARNING: [filemgmt 56-199] Attempt to get parsing info during refresh. "On-the-fly" syntax checking information may be incorrect. [/home/ryanb/Documents/MINA/hw/custom_ip/plic.vhd:]
WARNING: [filemgmt 56-199] Attempt to get parsing info during refresh. "On-the-fly" syntax checking information may be incorrect. [/home/ryanb/Documents/MINA/hw/ip/verilog-axi/rtl/axi_crossbar_1x4.v:]
WARNING: [filemgmt 56-199] Attempt to get parsing info during refresh. "On-the-fly" syntax checking information may be incorrect. [/home/ryanb/Documents/MINA/hw/custom_ip/axi_cdma_fixed.v:]
WARNING: [filemgmt 56-199] Attempt to get parsing info during refresh. "On-the-fly" syntax checking information may be incorrect. [/home/ryanb/Documents/MINA/hw/ip/verilog-axi/rtl/axi_cdma.v:]
WARNING: [filemgmt 56-199] Attempt to get parsing info during refresh. "On-the-fly" syntax checking information may be incorrect. [/home/ryanb/Documents/MINA/hw/custom_ip/plic_axil.vhd:]
WARNING: [filemgmt 56-199] Attempt to get parsing info during refresh. "On-the-fly" syntax checking information may be incorrect. [/home/ryanb/Documents/MINA/hw/custom_ip/plic.vhd:]
WARNING: [filemgmt 56-199] Attempt to get parsing info during refresh. "On-the-fly" syntax checking information may be incorrect. [/home/ryanb/Documents/MINA/hw/custom_ip/plic.vhd:]
WARNING: [filemgmt 56-199] Attempt to get parsing info during refresh. "On-the-fly" syntax checking information may be incorrect. [/home/ryanb/Documents/MINA/hw/custom_ip/plic.vhd:]
WARNING: [filemgmt 56-199] Attempt to get parsing info during refresh. "On-the-fly" syntax checking information may be incorrect. [/home/ryanb/Documents/MINA/hw/ip/verilog-axi/rtl/axi_crossbar_1x4.v:]
WARNING: [filemgmt 56-199] Attempt to get parsing info during refresh. "On-the-fly" syntax checking information may be incorrect. [/home/ryanb/Documents/MINA/hw/custom_ip/axi_cdma_fixed.v:]
WARNING: [filemgmt 56-199] Attempt to get parsing info during refresh. "On-the-fly" syntax checking information may be incorrect. [/home/ryanb/Documents/MINA/hw/ip/verilog-axi/rtl/axi_cdma.v:]
WARNING: [filemgmt 56-199] Attempt to get parsing info during refresh. "On-the-fly" syntax checking information may be incorrect. [/home/ryanb/Documents/MINA/hw/custom_ip/plic_axil.vhd:]
WARNING: [filemgmt 56-199] Attempt to get parsing info during refresh. "On-the-fly" syntax checking information may be incorrect. [/home/ryanb/Documents/MINA/hw/custom_ip/plic_axil.vhd:]
WARNING: [filemgmt 56-199] Attempt to get parsing info during refresh. "On-the-fly" syntax checking information may be incorrect. [/home/ryanb/Documents/MINA/hw/custom_ip/plic_axil.vhd:]
WARNING: [filemgmt 56-199] Attempt to get parsing info during refresh. "On-the-fly" syntax checking information may be incorrect. [/home/ryanb/Documents/MINA/hw/custom_ip/plic.vhd:]
WARNING: [filemgmt 56-199] Attempt to get parsing info during refresh. "On-the-fly" syntax checking information may be incorrect. [/home/ryanb/Documents/MINA/hw/ip/verilog-axi/rtl/axi_crossbar_1x4.v:]
WARNING: [filemgmt 56-199] Attempt to get parsing info during refresh. "On-the-fly" syntax checking information may be incorrect. [/home/ryanb/Documents/MINA/hw/custom_ip/axi_cdma_fixed.v:]
WARNING: [filemgmt 56-199] Attempt to get parsing info during refresh. "On-the-fly" syntax checking information may be incorrect. [/home/ryanb/Documents/MINA/hw/ip/verilog-axi/rtl/axi_cdma.v:]
WARNING: [filemgmt 56-199] Attempt to get parsing info during refresh. "On-the-fly" syntax checking information may be incorrect. [/home/ryanb/Documents/MINA/hw/custom_ip/plic_axil.vhd:]
WARNING: [filemgmt 56-199] Attempt to get parsing info during refresh. "On-the-fly" syntax checking information may be incorrect. [/home/ryanb/Documents/MINA/hw/custom_ip/plic.vhd:]
WARNING: [filemgmt 56-199] Attempt to get parsing info during refresh. "On-the-fly" syntax checking information may be incorrect. [/home/ryanb/Documents/MINA/hw/custom_ip/plic.vhd:]
WARNING: [filemgmt 56-199] Attempt to get parsing info during refresh. "On-the-fly" syntax checking information may be incorrect. [/home/ryanb/Documents/MINA/hw/custom_ip/plic.vhd:]
WARNING: [filemgmt 56-199] Attempt to get parsing info during refresh. "On-the-fly" syntax checking information may be incorrect. [/home/ryanb/Documents/MINA/hw/ip/verilog-axi/rtl/axi_crossbar_1x4.v:]
WARNING: [filemgmt 56-199] Attempt to get parsing info during refresh. "On-the-fly" syntax checking information may be incorrect. [/home/ryanb/Documents/MINA/hw/custom_ip/axi_cdma_fixed.v:]
WARNING: [filemgmt 56-199] Attempt to get parsing info during refresh. "On-the-fly" syntax checking information may be incorrect. [/home/ryanb/Documents/MINA/hw/ip/verilog-axi/rtl/axi_cdma.v:]
WARNING: [filemgmt 56-199] Attempt to get parsing info during refresh. "On-the-fly" syntax checking information may be incorrect. [/home/ryanb/Documents/MINA/hw/custom_ip/plic_axil.vhd:]
WARNING: [filemgmt 56-199] Attempt to get parsing info during refresh. "On-the-fly" syntax checking information may be incorrect. [/home/ryanb/Documents/MINA/hw/custom_ip/plic_axil.vhd:]
WARNING: [filemgmt 56-199] Attempt to get parsing info during refresh. "On-the-fly" syntax checking information may be incorrect. [/home/ryanb/Documents/MINA/hw/custom_ip/plic_axil.vhd:]
WARNING: [filemgmt 56-199] Attempt to get parsing info during refresh. "On-the-fly" syntax checking information may be incorrect. [/home/ryanb/Documents/MINA/hw/custom_ip/plic.vhd:]
WARNING: [filemgmt 56-199] Attempt to get parsing info during refresh. "On-the-fly" syntax checking information may be incorrect. [/home/ryanb/Documents/MINA/hw/ip/verilog-axi/rtl/axi_crossbar_1x4.v:]
WARNING: [filemgmt 56-199] Attempt to get parsing info during refresh. "On-the-fly" syntax checking information may be incorrect. [/home/ryanb/Documents/MINA/hw/custom_ip/axi_cdma_fixed.v:]
WARNING: [filemgmt 56-199] Attempt to get parsing info during refresh. "On-the-fly" syntax checking information may be incorrect. [/home/ryanb/Documents/MINA/hw/ip/verilog-axi/rtl/axi_cdma.v:]
WARNING: [filemgmt 56-199] Attempt to get parsing info during refresh. "On-the-fly" syntax checking information may be incorrect. [/home/ryanb/Documents/MINA/hw/custom_ip/plic_axil.vhd:]
WARNING: [filemgmt 56-199] Attempt to get parsing info during refresh. "On-the-fly" syntax checking information may be incorrect. [/home/ryanb/Documents/MINA/hw/custom_ip/plic.vhd:]
WARNING: [filemgmt 56-199] Attempt to get parsing info during refresh. "On-the-fly" syntax checking information may be incorrect. [/home/ryanb/Documents/MINA/hw/custom_ip/plic.vhd:]
WARNING: [filemgmt 56-199] Attempt to get parsing info during refresh. "On-the-fly" syntax checking information may be incorrect. [/home/ryanb/Documents/MINA/hw/custom_ip/plic.vhd:]
WARNING: [filemgmt 56-199] Attempt to get parsing info during refresh. "On-the-fly" syntax checking information may be incorrect. [/home/ryanb/Documents/MINA/hw/ip/verilog-axi/rtl/axi_crossbar_1x4.v:]
WARNING: [filemgmt 56-199] Attempt to get parsing info during refresh. "On-the-fly" syntax checking information may be incorrect. [/home/ryanb/Documents/MINA/hw/custom_ip/axi_cdma_fixed.v:]
WARNING: [filemgmt 56-199] Attempt to get parsing info during refresh. "On-the-fly" syntax checking information may be incorrect. [/home/ryanb/Documents/MINA/hw/ip/verilog-axi/rtl/axi_cdma.v:]
WARNING: [filemgmt 56-199] Attempt to get parsing info during refresh. "On-the-fly" syntax checking information may be incorrect. [/home/ryanb/Documents/MINA/hw/custom_ip/plic_axil.vhd:]
WARNING: [filemgmt 56-199] Attempt to get parsing info during refresh. "On-the-fly" syntax checking information may be incorrect. [/home/ryanb/Documents/MINA/hw/custom_ip/plic_axil.vhd:]
WARNING: [filemgmt 56-199] Attempt to get parsing info during refresh. "On-the-fly" syntax checking information may be incorrect. [/home/ryanb/Documents/MINA/hw/custom_ip/plic_axil.vhd:]
WARNING: [filemgmt 56-199] Attempt to get parsing info during refresh. "On-the-fly" syntax checking information may be incorrect. [/home/ryanb/Documents/MINA/hw/custom_ip/plic.vhd:]
WARNING: [filemgmt 56-199] Attempt to get parsing info during refresh. "On-the-fly" syntax checking information may be incorrect. [/home/ryanb/Documents/MINA/hw/ip/verilog-axi/rtl/axi_crossbar_1x4.v:]
WARNING: [filemgmt 56-199] Attempt to get parsing info during refresh. "On-the-fly" syntax checking information may be incorrect. [/home/ryanb/Documents/MINA/hw/custom_ip/axi_cdma_fixed.v:]
WARNING: [filemgmt 56-199] Attempt to get parsing info during refresh. "On-the-fly" syntax checking information may be incorrect. [/home/ryanb/Documents/MINA/hw/ip/verilog-axi/rtl/axi_cdma.v:]
WARNING: [filemgmt 56-199] Attempt to get parsing info during refresh. "On-the-fly" syntax checking information may be incorrect. [/home/ryanb/Documents/MINA/hw/custom_ip/plic_axil.vhd:]
WARNING: [filemgmt 56-199] Attempt to get parsing info during refresh. "On-the-fly" syntax checking information may be incorrect. [/home/ryanb/Documents/MINA/hw/custom_ip/plic.vhd:]
WARNING: [filemgmt 56-199] Attempt to get parsing info during refresh. "On-the-fly" syntax checking information may be incorrect. [/home/ryanb/Documents/MINA/hw/custom_ip/plic.vhd:]
WARNING: [filemgmt 56-199] Attempt to get parsing info during refresh. "On-the-fly" syntax checking information may be incorrect. [/home/ryanb/Documents/MINA/hw/custom_ip/plic.vhd:]
WARNING: [filemgmt 56-199] Attempt to get parsing info during refresh. "On-the-fly" syntax checking information may be incorrect. [/home/ryanb/Documents/MINA/hw/ip/verilog-axi/rtl/axi_crossbar_1x4.v:]
WARNING: [filemgmt 56-199] Attempt to get parsing info during refresh. "On-the-fly" syntax checking information may be incorrect. [/home/ryanb/Documents/MINA/hw/custom_ip/axi_cdma_fixed.v:]
WARNING: [filemgmt 56-199] Attempt to get parsing info during refresh. "On-the-fly" syntax checking information may be incorrect. [/home/ryanb/Documents/MINA/hw/ip/verilog-axi/rtl/axi_cdma.v:]
WARNING: [filemgmt 56-199] Attempt to get parsing info during refresh. "On-the-fly" syntax checking information may be incorrect. [/home/ryanb/Documents/MINA/hw/custom_ip/plic_axil.vhd:]
WARNING: [filemgmt 56-199] Attempt to get parsing info during refresh. "On-the-fly" syntax checking information may be incorrect. [/home/ryanb/Documents/MINA/hw/custom_ip/plic_axil.vhd:]
WARNING: [filemgmt 56-199] Attempt to get parsing info during refresh. "On-the-fly" syntax checking information may be incorrect. [/home/ryanb/Documents/MINA/hw/custom_ip/plic_axil.vhd:]
WARNING: [filemgmt 56-199] Attempt to get parsing info during refresh. "On-the-fly" syntax checking information may be incorrect. [/home/ryanb/Documents/MINA/hw/custom_ip/plic.vhd:]
WARNING: [filemgmt 56-199] Attempt to get parsing info during refresh. "On-the-fly" syntax checking information may be incorrect. [/home/ryanb/Documents/MINA/hw/ip/verilog-axi/rtl/axi_crossbar_1x4.v:]
WARNING: [filemgmt 56-199] Attempt to get parsing info during refresh. "On-the-fly" syntax checking information may be incorrect. [/home/ryanb/Documents/MINA/hw/custom_ip/axi_cdma_fixed.v:]
WARNING: [filemgmt 56-199] Attempt to get parsing info during refresh. "On-the-fly" syntax checking information may be incorrect. [/home/ryanb/Documents/MINA/hw/ip/verilog-axi/rtl/axi_cdma.v:]
WARNING: [filemgmt 56-199] Attempt to get parsing info during refresh. "On-the-fly" syntax checking information may be incorrect. [/home/ryanb/Documents/MINA/hw/custom_ip/plic_axil.vhd:]
WARNING: [filemgmt 56-199] Attempt to get parsing info during refresh. "On-the-fly" syntax checking information may be incorrect. [/home/ryanb/Documents/MINA/hw/custom_ip/plic.vhd:]
WARNING: [filemgmt 56-199] Attempt to get parsing info during refresh. "On-the-fly" syntax checking information may be incorrect. [/home/ryanb/Documents/MINA/hw/custom_ip/plic.vhd:]
WARNING: [filemgmt 56-199] Attempt to get parsing info during refresh. "On-the-fly" syntax checking information may be incorrect. [/home/ryanb/Documents/MINA/hw/custom_ip/plic.vhd:]
WARNING: [filemgmt 56-199] Attempt to get parsing info during refresh. "On-the-fly" syntax checking information may be incorrect. [/home/ryanb/Documents/MINA/hw/ip/verilog-axi/rtl/axi_crossbar_1x4.v:]
WARNING: [filemgmt 56-199] Attempt to get parsing info during refresh. "On-the-fly" syntax checking information may be incorrect. [/home/ryanb/Documents/MINA/hw/custom_ip/axi_cdma_fixed.v:]
WARNING: [filemgmt 56-199] Attempt to get parsing info during refresh. "On-the-fly" syntax checking information may be incorrect. [/home/ryanb/Documents/MINA/hw/ip/verilog-axi/rtl/axi_cdma.v:]
WARNING: [filemgmt 56-199] Attempt to get parsing info during refresh. "On-the-fly" syntax checking information may be incorrect. [/home/ryanb/Documents/MINA/hw/custom_ip/plic_axil.vhd:]
WARNING: [filemgmt 56-199] Attempt to get parsing info during refresh. "On-the-fly" syntax checking information may be incorrect. [/home/ryanb/Documents/MINA/hw/custom_ip/plic_axil.vhd:]
WARNING: [filemgmt 56-199] Attempt to get parsing info during refresh. "On-the-fly" syntax checking information may be incorrect. [/home/ryanb/Documents/MINA/hw/custom_ip/plic_axil.vhd:]
WARNING: [filemgmt 56-199] Attempt to get parsing info during refresh. "On-the-fly" syntax checking information may be incorrect. [/home/ryanb/Documents/MINA/hw/custom_ip/plic.vhd:]
WARNING: [filemgmt 56-199] Attempt to get parsing info during refresh. "On-the-fly" syntax checking information may be incorrect. [/home/ryanb/Documents/MINA/hw/ip/verilog-axi/rtl/axi_crossbar_1x4.v:]
WARNING: [filemgmt 56-199] Attempt to get parsing info during refresh. "On-the-fly" syntax checking information may be incorrect. [/home/ryanb/Documents/MINA/hw/custom_ip/axi_cdma_fixed.v:]
WARNING: [filemgmt 56-199] Attempt to get parsing info during refresh. "On-the-fly" syntax checking information may be incorrect. [/home/ryanb/Documents/MINA/hw/ip/verilog-axi/rtl/axi_cdma.v:]
WARNING: [filemgmt 56-199] Attempt to get parsing info during refresh. "On-the-fly" syntax checking information may be incorrect. [/home/ryanb/Documents/MINA/hw/custom_ip/plic_axil.vhd:]
WARNING: [filemgmt 56-199] Attempt to get parsing info during refresh. "On-the-fly" syntax checking information may be incorrect. [/home/ryanb/Documents/MINA/hw/custom_ip/plic.vhd:]
WARNING: [filemgmt 56-199] Attempt to get parsing info during refresh. "On-the-fly" syntax checking information may be incorrect. [/home/ryanb/Documents/MINA/hw/custom_ip/plic.vhd:]
WARNING: [filemgmt 56-199] Attempt to get parsing info during refresh. "On-the-fly" syntax checking information may be incorrect. [/home/ryanb/Documents/MINA/hw/custom_ip/plic.vhd:]
WARNING: [filemgmt 56-199] Attempt to get parsing info during refresh. "On-the-fly" syntax checking information may be incorrect. [/home/ryanb/Documents/MINA/hw/ip/verilog-axi/rtl/axi_crossbar_1x4.v:]
WARNING: [filemgmt 56-199] Attempt to get parsing info during refresh. "On-the-fly" syntax checking information may be incorrect. [/home/ryanb/Documents/MINA/hw/custom_ip/axi_cdma_fixed.v:]
WARNING: [filemgmt 56-199] Attempt to get parsing info during refresh. "On-the-fly" syntax checking information may be incorrect. [/home/ryanb/Documents/MINA/hw/ip/verilog-axi/rtl/axi_cdma.v:]
WARNING: [filemgmt 56-199] Attempt to get parsing info during refresh. "On-the-fly" syntax checking information may be incorrect. [/home/ryanb/Documents/MINA/hw/custom_ip/plic_axil.vhd:]
WARNING: [filemgmt 56-199] Attempt to get parsing info during refresh. "On-the-fly" syntax checking information may be incorrect. [/home/ryanb/Documents/MINA/hw/custom_ip/plic_axil.vhd:]
WARNING: [filemgmt 56-199] Attempt to get parsing info during refresh. "On-the-fly" syntax checking information may be incorrect. [/home/ryanb/Documents/MINA/hw/custom_ip/plic_axil.vhd:]
update_module_reference design_1_plic_axil_wrapper_0_0
INFO: [IP_Flow 19-5107] Inferred bus interface 'S_AXI' of definition 'xilinx.com:interface:aximm:1.0' (from Xilinx Repository).
INFO: [IP_Flow 19-5107] Inferred bus interface 'S_AXI_ARESETN' of definition 'xilinx.com:signal:reset:1.0' (from Xilinx Repository).
INFO: [IP_Flow 19-5107] Inferred bus interface 'S_AXI_ACLK' of definition 'xilinx.com:signal:clock:1.0' (from Xilinx Repository).
INFO: [IP_Flow 19-5107] Inferred bus interface 'ext_intr' of definition 'xilinx.com:signal:interrupt:1.0' (from Xilinx Repository).
INFO: [IP_Flow 19-4728] Bus Interface 'S_AXI_ARESETN': Added interface parameter 'POLARITY' with value 'ACTIVE_LOW'.
INFO: [IP_Flow 19-4728] Bus Interface 'ext_intr': Added interface parameter 'SENSITIVITY' with value 'LEVEL_HIGH'.
INFO: [IP_Flow 19-4728] Bus Interface 'S_AXI_ACLK': Added interface parameter 'ASSOCIATED_BUSIF' with value 'S_AXI'.
INFO: [IP_Flow 19-4728] Bus Interface 'S_AXI_ACLK': Added interface parameter 'ASSOCIATED_RESET' with value 'S_AXI_ARESETN'.
WARNING: [IP_Flow 19-11770] Clock interface 'S_AXI_ACLK' has no FREQ_HZ parameter.
INFO: [IP_Flow 19-5107] Inferred bus interface 'S_AXI' of definition 'xilinx.com:interface:aximm:1.0' (from Xilinx Repository).
INFO: [IP_Flow 19-5107] Inferred bus interface 'S_AXI_ARESETN' of definition 'xilinx.com:signal:reset:1.0' (from Xilinx Repository).
INFO: [IP_Flow 19-5107] Inferred bus interface 'S_AXI_ACLK' of definition 'xilinx.com:signal:clock:1.0' (from Xilinx Repository).
INFO: [IP_Flow 19-5107] Inferred bus interface 'ext_intr' of definition 'xilinx.com:signal:interrupt:1.0' (from Xilinx Repository).
INFO: [IP_Flow 19-4728] Bus Interface 'S_AXI_ARESETN': Added interface parameter 'POLARITY' with value 'ACTIVE_LOW'.
INFO: [IP_Flow 19-4728] Bus Interface 'ext_intr': Added interface parameter 'SENSITIVITY' with value 'LEVEL_HIGH'.
INFO: [IP_Flow 19-4728] Bus Interface 'S_AXI_ACLK': Added interface parameter 'ASSOCIATED_BUSIF' with value 'S_AXI'.
INFO: [IP_Flow 19-4728] Bus Interface 'S_AXI_ACLK': Added interface parameter 'ASSOCIATED_RESET' with value 'S_AXI_ARESETN'.
WARNING: [IP_Flow 19-11770] Clock interface 'S_AXI_ACLK' has no FREQ_HZ parameter.
Upgrading '/home/ryanb/Documents/MINA/hw/custom_ip/MINA_proj/MINA_proj.srcs/sources_1/bd/design_1/design_1.bd'
INFO: [IP_Flow 19-3420] Updated design_1_plic_axil_wrapper_0_0 to use current project options
Wrote  : </home/ryanb/Documents/MINA/hw/custom_ip/MINA_proj/MINA_proj.srcs/sources_1/bd/design_1/design_1.bd> 
set_property location {3.5 939 86} [get_bd_cells axi_ram_0]
set_property location {4 878 98} [get_bd_cells axi_ram_0]
set_property location {4.5 1130 325} [get_bd_cells axi_axil_adapter_1]
set_property location {5.5 1263 440} [get_bd_cells axi_cdma_0]
set_property location {5 1110 446} [get_bd_cells axi_cdma_0]
set_property location {6 1424 150} [get_bd_cells plic_axil_wrapper_0]
add_files -norecurse -scan_for_includes /home/ryanb/Documents/MINA/hw/ip/verilog-axi/rtl/axil_crossbar_1x5.v
WARNING: [filemgmt 56-199] Attempt to get parsing info during refresh. "On-the-fly" syntax checking information may be incorrect. [/home/ryanb/Documents/MINA/hw/custom_ip/plic.vhd:]
WARNING: [filemgmt 56-199] Attempt to get parsing info during refresh. "On-the-fly" syntax checking information may be incorrect. [/home/ryanb/Documents/MINA/hw/ip/verilog-axi/rtl/axi_crossbar_1x4.v:]
WARNING: [filemgmt 56-199] Attempt to get parsing info during refresh. "On-the-fly" syntax checking information may be incorrect. [/home/ryanb/Documents/MINA/hw/custom_ip/axi_cdma_fixed.v:]
WARNING: [filemgmt 56-199] Attempt to get parsing info during refresh. "On-the-fly" syntax checking information may be incorrect. [/home/ryanb/Documents/MINA/hw/ip/verilog-axi/rtl/axi_cdma.v:]
WARNING: [filemgmt 56-199] Attempt to get parsing info during refresh. "On-the-fly" syntax checking information may be incorrect. [/home/ryanb/Documents/MINA/hw/custom_ip/plic_axil.vhd:]
WARNING: [filemgmt 56-199] Attempt to get parsing info during refresh. "On-the-fly" syntax checking information may be incorrect. [/home/ryanb/Documents/MINA/hw/custom_ip/plic.vhd:]
WARNING: [filemgmt 56-199] Attempt to get parsing info during refresh. "On-the-fly" syntax checking information may be incorrect. [/home/ryanb/Documents/MINA/hw/custom_ip/plic.vhd:]
WARNING: [filemgmt 56-199] Attempt to get parsing info during refresh. "On-the-fly" syntax checking information may be incorrect. [/home/ryanb/Documents/MINA/hw/custom_ip/plic.vhd:]
WARNING: [filemgmt 56-199] Attempt to get parsing info during refresh. "On-the-fly" syntax checking information may be incorrect. [/home/ryanb/Documents/MINA/hw/ip/verilog-axi/rtl/axi_crossbar_1x4.v:]
WARNING: [filemgmt 56-199] Attempt to get parsing info during refresh. "On-the-fly" syntax checking information may be incorrect. [/home/ryanb/Documents/MINA/hw/custom_ip/axi_cdma_fixed.v:]
WARNING: [filemgmt 56-199] Attempt to get parsing info during refresh. "On-the-fly" syntax checking information may be incorrect. [/home/ryanb/Documents/MINA/hw/ip/verilog-axi/rtl/axi_cdma.v:]
WARNING: [filemgmt 56-199] Attempt to get parsing info during refresh. "On-the-fly" syntax checking information may be incorrect. [/home/ryanb/Documents/MINA/hw/custom_ip/plic_axil.vhd:]
WARNING: [filemgmt 56-199] Attempt to get parsing info during refresh. "On-the-fly" syntax checking information may be incorrect. [/home/ryanb/Documents/MINA/hw/custom_ip/plic_axil.vhd:]
WARNING: [filemgmt 56-199] Attempt to get parsing info during refresh. "On-the-fly" syntax checking information may be incorrect. [/home/ryanb/Documents/MINA/hw/custom_ip/plic_axil.vhd:]
update_compile_order -fileset sources_1
WARNING: [filemgmt 56-199] Attempt to get parsing info during refresh. "On-the-fly" syntax checking information may be incorrect. [/home/ryanb/Documents/MINA/hw/custom_ip/plic.vhd:]
WARNING: [filemgmt 56-199] Attempt to get parsing info during refresh. "On-the-fly" syntax checking information may be incorrect. [/home/ryanb/Documents/MINA/hw/ip/verilog-axi/rtl/axi_crossbar_1x4.v:]
WARNING: [filemgmt 56-199] Attempt to get parsing info during refresh. "On-the-fly" syntax checking information may be incorrect. [/home/ryanb/Documents/MINA/hw/custom_ip/axi_cdma_fixed.v:]
WARNING: [filemgmt 56-199] Attempt to get parsing info during refresh. "On-the-fly" syntax checking information may be incorrect. [/home/ryanb/Documents/MINA/hw/ip/verilog-axi/rtl/axi_cdma.v:]
WARNING: [filemgmt 56-199] Attempt to get parsing info during refresh. "On-the-fly" syntax checking information may be incorrect. [/home/ryanb/Documents/MINA/hw/custom_ip/plic_axil.vhd:]
WARNING: [filemgmt 56-199] Attempt to get parsing info during refresh. "On-the-fly" syntax checking information may be incorrect. [/home/ryanb/Documents/MINA/hw/custom_ip/plic.vhd:]
WARNING: [filemgmt 56-199] Attempt to get parsing info during refresh. "On-the-fly" syntax checking information may be incorrect. [/home/ryanb/Documents/MINA/hw/custom_ip/plic.vhd:]
WARNING: [filemgmt 56-199] Attempt to get parsing info during refresh. "On-the-fly" syntax checking information may be incorrect. [/home/ryanb/Documents/MINA/hw/custom_ip/plic.vhd:]
WARNING: [filemgmt 56-199] Attempt to get parsing info during refresh. "On-the-fly" syntax checking information may be incorrect. [/home/ryanb/Documents/MINA/hw/ip/verilog-axi/rtl/axi_crossbar_1x4.v:]
WARNING: [filemgmt 56-199] Attempt to get parsing info during refresh. "On-the-fly" syntax checking information may be incorrect. [/home/ryanb/Documents/MINA/hw/custom_ip/axi_cdma_fixed.v:]
WARNING: [filemgmt 56-199] Attempt to get parsing info during refresh. "On-the-fly" syntax checking information may be incorrect. [/home/ryanb/Documents/MINA/hw/ip/verilog-axi/rtl/axi_cdma.v:]
WARNING: [filemgmt 56-199] Attempt to get parsing info during refresh. "On-the-fly" syntax checking information may be incorrect. [/home/ryanb/Documents/MINA/hw/custom_ip/plic_axil.vhd:]
WARNING: [filemgmt 56-199] Attempt to get parsing info during refresh. "On-the-fly" syntax checking information may be incorrect. [/home/ryanb/Documents/MINA/hw/custom_ip/plic_axil.vhd:]
WARNING: [filemgmt 56-199] Attempt to get parsing info during refresh. "On-the-fly" syntax checking information may be incorrect. [/home/ryanb/Documents/MINA/hw/custom_ip/plic_axil.vhd:]
create_bd_cell -type module -reference axil_crossbar_1x5 axil_crossbar_1x5_0
INFO: [IP_Flow 19-4821] For module 'axil_crossbar_1x5', parameter 'M00_CONNECT_READ' is inferred to be bitString format.
INFO: [IP_Flow 19-4821] For module 'axil_crossbar_1x5', parameter 'M00_CONNECT_WRITE' is inferred to be bitString format.
INFO: [IP_Flow 19-4821] For module 'axil_crossbar_1x5', parameter 'M01_CONNECT_READ' is inferred to be bitString format.
INFO: [IP_Flow 19-4821] For module 'axil_crossbar_1x5', parameter 'M01_CONNECT_WRITE' is inferred to be bitString format.
INFO: [IP_Flow 19-4821] For module 'axil_crossbar_1x5', parameter 'M02_CONNECT_READ' is inferred to be bitString format.
INFO: [IP_Flow 19-4821] For module 'axil_crossbar_1x5', parameter 'M02_CONNECT_WRITE' is inferred to be bitString format.
INFO: [IP_Flow 19-4821] For module 'axil_crossbar_1x5', parameter 'M03_CONNECT_READ' is inferred to be bitString format.
INFO: [IP_Flow 19-4821] For module 'axil_crossbar_1x5', parameter 'M03_CONNECT_WRITE' is inferred to be bitString format.
INFO: [IP_Flow 19-4821] For module 'axil_crossbar_1x5', parameter 'M04_CONNECT_READ' is inferred to be bitString format.
INFO: [IP_Flow 19-4821] For module 'axil_crossbar_1x5', parameter 'M04_CONNECT_WRITE' is inferred to be bitString format.
INFO: [IP_Flow 19-5107] Inferred bus interface 'm00_axil' of definition 'xilinx.com:interface:aximm:1.0' (from Xilinx Repository).
INFO: [IP_Flow 19-5107] Inferred bus interface 'm01_axil' of definition 'xilinx.com:interface:aximm:1.0' (from Xilinx Repository).
INFO: [IP_Flow 19-5107] Inferred bus interface 'm02_axil' of definition 'xilinx.com:interface:aximm:1.0' (from Xilinx Repository).
INFO: [IP_Flow 19-5107] Inferred bus interface 'm03_axil' of definition 'xilinx.com:interface:aximm:1.0' (from Xilinx Repository).
INFO: [IP_Flow 19-5107] Inferred bus interface 'm04_axil' of definition 'xilinx.com:interface:aximm:1.0' (from Xilinx Repository).
INFO: [IP_Flow 19-5107] Inferred bus interface 's00_axil' of definition 'xilinx.com:interface:aximm:1.0' (from Xilinx Repository).
INFO: [IP_Flow 19-5107] Inferred bus interface 'rst' of definition 'xilinx.com:signal:reset:1.0' (from Xilinx Repository).
INFO: [IP_Flow 19-5107] Inferred bus interface 'clk' of definition 'xilinx.com:signal:clock:1.0' (from Xilinx Repository).
INFO: [IP_Flow 19-4728] Bus Interface 'clk': Added interface parameter 'ASSOCIATED_BUSIF' with value 'm00_axil'.
INFO: [IP_Flow 19-4728] Bus Interface 'clk': Added interface parameter 'ASSOCIATED_RESET' with value 'rst'.
INFO: [IP_Flow 19-818] Not transferring value dependency attribute "(spirit:decode(id('MODELPARAM_VALUE.DATA_WIDTH')) / 8)" into user parameter "STRB_WIDTH".
INFO: [IP_Flow 19-818] Not transferring value dependency attribute "{spirit:decode(id('MODELPARAM_VALUE.M_REGIONS')){0x00000018}}" into user parameter "M00_ADDR_WIDTH".
INFO: [IP_Flow 19-818] Not transferring value dependency attribute "{spirit:decode(id('MODELPARAM_VALUE.M_REGIONS')){0x00000018}}" into user parameter "M01_ADDR_WIDTH".
INFO: [IP_Flow 19-818] Not transferring value dependency attribute "{spirit:decode(id('MODELPARAM_VALUE.M_REGIONS')){0x00000018}}" into user parameter "M02_ADDR_WIDTH".
INFO: [IP_Flow 19-818] Not transferring value dependency attribute "{spirit:decode(id('MODELPARAM_VALUE.M_REGIONS')){0x00000018}}" into user parameter "M03_ADDR_WIDTH".
INFO: [IP_Flow 19-818] Not transferring value dependency attribute "{spirit:decode(id('MODELPARAM_VALUE.M_REGIONS')){0x00000018}}" into user parameter "M04_ADDR_WIDTH".
WARNING: [IP_Flow 19-11770] Clock interface 'clk' has no FREQ_HZ parameter.
set_property location {5.5 1415 297} [get_bd_cells axil_crossbar_1x5_0]
connect_bd_intf_net [get_bd_intf_pins axi_axil_adapter_1/m_axil] [get_bd_intf_pins axil_crossbar_1x5_0/s00_axil]
set_property location {6 1404 349} [get_bd_cells axil_crossbar_1x5_0]
set_property location {6 1408 322} [get_bd_cells axil_crossbar_1x5_0]
set_property location {7 1743 245} [get_bd_cells plic_axil_wrapper_0]
connect_bd_intf_net [get_bd_intf_pins axil_crossbar_1x5_0/m00_axil] [get_bd_intf_pins plic_axil_wrapper_0/S_AXI]
validate_bd_design
WARNING: [BD 41-2670] Found an incomplete address path from address space '/VexRiscvMcuAxi_0/iBusAxi' to master interface '/VexRiscvMcuAxi_0/iBusAxi'. Please either complete or remove this path to resolve.
WARNING: [BD 41-2670] Found an incomplete address path from address space '/axil_crossbar_1x5_0/m01_axil' to master interface '/axil_crossbar_1x5_0/m01_axil'. Please either complete or remove this path to resolve.
WARNING: [BD 41-2670] Found an incomplete address path from address space '/axil_crossbar_1x5_0/m02_axil' to master interface '/axil_crossbar_1x5_0/m02_axil'. Please either complete or remove this path to resolve.
WARNING: [BD 41-2670] Found an incomplete address path from address space '/axil_crossbar_1x5_0/m03_axil' to master interface '/axil_crossbar_1x5_0/m03_axil'. Please either complete or remove this path to resolve.
WARNING: [BD 41-2670] Found an incomplete address path from address space '/axil_crossbar_1x5_0/m04_axil' to master interface '/axil_crossbar_1x5_0/m04_axil'. Please either complete or remove this path to resolve.
WARNING: [BD 41-2670] Found an incomplete address path from address space '/axi_crossbar_2x5_0/m00_axi' to master interface '/axi_crossbar_2x5_0/m00_axi'. Please either complete or remove this path to resolve.
WARNING: [BD 41-2670] Found an incomplete address path from address space '/axi_crossbar_2x5_0/m03_axi' to master interface '/axi_crossbar_2x5_0/m03_axi'. Please either complete or remove this path to resolve.
CRITICAL WARNING: [BD 41-1356] Slave segment </axi_cdma_0/S_AXI_LITE/Reg> is not assigned into address space </axi_axil_adapter_0/m_axil>. Please use Address Editor to either assign or exclude it.
CRITICAL WARNING: [BD 41-1356] Slave segment </axi_axil_adapter_0/s_axi/reg0> is not assigned into address space </axi_crossbar_2x5_0/m04_axi>. Please use Address Editor to either assign or exclude it.
CRITICAL WARNING: [BD 41-1356] Slave segment </axi_axil_adapter_1/s_axi/reg0> is not assigned into address space </axi_crossbar_2x5_0/m02_axi>. Please use Address Editor to either assign or exclude it.
CRITICAL WARNING: [BD 41-1356] Slave segment </axi_ram_0/s_axi/reg0> is not assigned into address space </axi_crossbar_2x5_0/m01_axi>. Please use Address Editor to either assign or exclude it.
CRITICAL WARNING: [BD 41-1356] Slave segment </axi_crossbar_2x5_0/s01_axi/reg0> is not assigned into address space </axi_cdma_0/Data>. Please use Address Editor to either assign or exclude it.
CRITICAL WARNING: [BD 41-1356] Slave segment </axi_crossbar_2x5_0/s00_axi/reg0> is not assigned into address space </VexRiscvMcuAxi_0/dBusAxi>. Please use Address Editor to either assign or exclude it.
CRITICAL WARNING: [BD 41-1356] Slave segment </axil_crossbar_1x5_0/s00_axil/reg0> is not assigned into address space </axi_axil_adapter_1/m_axil>. Please use Address Editor to either assign or exclude it.
CRITICAL WARNING: [BD 41-1356] Slave segment </plic_axil_wrapper_0/S_AXI/reg0> is not assigned into address space </axil_crossbar_1x5_0/m00_axil>. Please use Address Editor to either assign or exclude it.
ERROR: [BD 41-758] The following clock pins are not connected to a valid clock source: 
/VexRiscvMcuAxi_0/clk
/axi_crossbar_2x5_0/clk
/axi_ram_0/clk
/axi_cdma_0/m_axi_aclk
/axi_cdma_0/s_axi_lite_aclk
/axi_axil_adapter_0/clk
/axi_axil_adapter_1/clk
/plic_axil_wrapper_0/S_AXI_ACLK
/axil_crossbar_1x5_0/clk

ERROR: [Common 17-39] 'validate_bd_design' failed due to earlier errors.
set_property location {7 1673 217} [get_bd_cells plic_axil_wrapper_0]
connect_bd_net [get_bd_pins plic_axil_wrapper_0/ext_intr] [get_bd_pins VexRiscvMcuAxi_0/externalInterrupt]
close [ open /home/ryanb/Documents/MINA/hw/custom_ip/sysclock.vhd w ]
add_files /home/ryanb/Documents/MINA/hw/custom_ip/sysclock.vhd
WARNING: [filemgmt 56-199] Attempt to get parsing info during refresh. "On-the-fly" syntax checking information may be incorrect. [/home/ryanb/Documents/MINA/hw/custom_ip/plic.vhd:]
WARNING: [filemgmt 56-199] Attempt to get parsing info during refresh. "On-the-fly" syntax checking information may be incorrect. [/home/ryanb/Documents/MINA/hw/custom_ip/axi_cdma_fixed.v:]
WARNING: [filemgmt 56-199] Attempt to get parsing info during refresh. "On-the-fly" syntax checking information may be incorrect. [/home/ryanb/Documents/MINA/hw/ip/verilog-axi/rtl/axi_cdma.v:]
WARNING: [filemgmt 56-199] Attempt to get parsing info during refresh. "On-the-fly" syntax checking information may be incorrect. [/home/ryanb/Documents/MINA/hw/custom_ip/plic_axil.vhd:]
WARNING: [filemgmt 56-199] Attempt to get parsing info during refresh. "On-the-fly" syntax checking information may be incorrect. [/home/ryanb/Documents/MINA/hw/custom_ip/plic.vhd:]
WARNING: [filemgmt 56-199] Attempt to get parsing info during refresh. "On-the-fly" syntax checking information may be incorrect. [/home/ryanb/Documents/MINA/hw/custom_ip/plic.vhd:]
WARNING: [filemgmt 56-199] Attempt to get parsing info during refresh. "On-the-fly" syntax checking information may be incorrect. [/home/ryanb/Documents/MINA/hw/custom_ip/plic.vhd:]
WARNING: [filemgmt 56-199] Attempt to get parsing info during refresh. "On-the-fly" syntax checking information may be incorrect. [/home/ryanb/Documents/MINA/hw/custom_ip/axi_cdma_fixed.v:]
WARNING: [filemgmt 56-199] Attempt to get parsing info during refresh. "On-the-fly" syntax checking information may be incorrect. [/home/ryanb/Documents/MINA/hw/ip/verilog-axi/rtl/axi_cdma.v:]
WARNING: [filemgmt 56-199] Attempt to get parsing info during refresh. "On-the-fly" syntax checking information may be incorrect. [/home/ryanb/Documents/MINA/hw/custom_ip/plic_axil.vhd:]
WARNING: [filemgmt 56-199] Attempt to get parsing info during refresh. "On-the-fly" syntax checking information may be incorrect. [/home/ryanb/Documents/MINA/hw/custom_ip/plic.vhd:]
WARNING: [filemgmt 56-199] Attempt to get parsing info during refresh. "On-the-fly" syntax checking information may be incorrect. [/home/ryanb/Documents/MINA/hw/custom_ip/plic.vhd:]
update_compile_order -fileset sources_1
WARNING: [filemgmt 56-199] Attempt to get parsing info during refresh. "On-the-fly" syntax checking information may be incorrect. [/home/ryanb/Documents/MINA/hw/custom_ip/plic.vhd:]
WARNING: [filemgmt 56-199] Attempt to get parsing info during refresh. "On-the-fly" syntax checking information may be incorrect. [/home/ryanb/Documents/MINA/hw/custom_ip/sysclock.vhd:]
WARNING: [filemgmt 56-199] Attempt to get parsing info during refresh. "On-the-fly" syntax checking information may be incorrect. [/home/ryanb/Documents/MINA/hw/custom_ip/axi_cdma_fixed.v:]
WARNING: [filemgmt 56-199] Attempt to get parsing info during refresh. "On-the-fly" syntax checking information may be incorrect. [/home/ryanb/Documents/MINA/hw/ip/verilog-axi/rtl/axi_cdma.v:]
WARNING: [filemgmt 56-199] Attempt to get parsing info during refresh. "On-the-fly" syntax checking information may be incorrect. [/home/ryanb/Documents/MINA/hw/custom_ip/plic_axil.vhd:]
WARNING: [filemgmt 56-199] Attempt to get parsing info during refresh. "On-the-fly" syntax checking information may be incorrect. [/home/ryanb/Documents/MINA/hw/custom_ip/plic.vhd:]
WARNING: [filemgmt 56-199] Attempt to get parsing info during refresh. "On-the-fly" syntax checking information may be incorrect. [/home/ryanb/Documents/MINA/hw/custom_ip/plic.vhd:]
WARNING: [filemgmt 56-199] Attempt to get parsing info during refresh. "On-the-fly" syntax checking information may be incorrect. [/home/ryanb/Documents/MINA/hw/custom_ip/plic.vhd:]
WARNING: [filemgmt 56-199] Attempt to get parsing info during refresh. "On-the-fly" syntax checking information may be incorrect. [/home/ryanb/Documents/MINA/hw/custom_ip/sysclock.vhd:]
WARNING: [filemgmt 56-199] Attempt to get parsing info during refresh. "On-the-fly" syntax checking information may be incorrect. [/home/ryanb/Documents/MINA/hw/custom_ip/axi_cdma_fixed.v:]
WARNING: [filemgmt 56-199] Attempt to get parsing info during refresh. "On-the-fly" syntax checking information may be incorrect. [/home/ryanb/Documents/MINA/hw/ip/verilog-axi/rtl/axi_cdma.v:]
WARNING: [filemgmt 56-199] Attempt to get parsing info during refresh. "On-the-fly" syntax checking information may be incorrect. [/home/ryanb/Documents/MINA/hw/custom_ip/plic_axil.vhd:]
WARNING: [filemgmt 56-199] Attempt to get parsing info during refresh. "On-the-fly" syntax checking information may be incorrect. [/home/ryanb/Documents/MINA/hw/custom_ip/sysclock.vhd:]
WARNING: [filemgmt 56-199] Attempt to get parsing info during refresh. "On-the-fly" syntax checking information may be incorrect. [/home/ryanb/Documents/MINA/hw/custom_ip/sysclock.vhd:]
WARNING: [filemgmt 56-199] Attempt to get parsing info during refresh. "On-the-fly" syntax checking information may be incorrect. [/home/ryanb/Documents/MINA/hw/custom_ip/plic.vhd:]
WARNING: [filemgmt 56-199] Attempt to get parsing info during refresh. "On-the-fly" syntax checking information may be incorrect. [/home/ryanb/Documents/MINA/hw/custom_ip/sysclock.vhd:]
WARNING: [filemgmt 56-199] Attempt to get parsing info during refresh. "On-the-fly" syntax checking information may be incorrect. [/home/ryanb/Documents/MINA/hw/custom_ip/axi_cdma_fixed.v:]
WARNING: [filemgmt 56-199] Attempt to get parsing info during refresh. "On-the-fly" syntax checking information may be incorrect. [/home/ryanb/Documents/MINA/hw/ip/verilog-axi/rtl/axi_cdma.v:]
WARNING: [filemgmt 56-199] Attempt to get parsing info during refresh. "On-the-fly" syntax checking information may be incorrect. [/home/ryanb/Documents/MINA/hw/custom_ip/plic_axil.vhd:]
WARNING: [filemgmt 56-199] Attempt to get parsing info during refresh. "On-the-fly" syntax checking information may be incorrect. [/home/ryanb/Documents/MINA/hw/custom_ip/plic.vhd:]
WARNING: [filemgmt 56-199] Attempt to get parsing info during refresh. "On-the-fly" syntax checking information may be incorrect. [/home/ryanb/Documents/MINA/hw/custom_ip/plic.vhd:]
WARNING: [filemgmt 56-199] Attempt to get parsing info during refresh. "On-the-fly" syntax checking information may be incorrect. [/home/ryanb/Documents/MINA/hw/custom_ip/plic.vhd:]
WARNING: [filemgmt 56-199] Attempt to get parsing info during refresh. "On-the-fly" syntax checking information may be incorrect. [/home/ryanb/Documents/MINA/hw/custom_ip/sysclock.vhd:]
WARNING: [filemgmt 56-199] Attempt to get parsing info during refresh. "On-the-fly" syntax checking information may be incorrect. [/home/ryanb/Documents/MINA/hw/custom_ip/axi_cdma_fixed.v:]
WARNING: [filemgmt 56-199] Attempt to get parsing info during refresh. "On-the-fly" syntax checking information may be incorrect. [/home/ryanb/Documents/MINA/hw/ip/verilog-axi/rtl/axi_cdma.v:]
WARNING: [filemgmt 56-199] Attempt to get parsing info during refresh. "On-the-fly" syntax checking information may be incorrect. [/home/ryanb/Documents/MINA/hw/custom_ip/plic_axil.vhd:]
WARNING: [filemgmt 56-199] Attempt to get parsing info during refresh. "On-the-fly" syntax checking information may be incorrect. [/home/ryanb/Documents/MINA/hw/custom_ip/sysclock.vhd:]
WARNING: [filemgmt 56-199] Attempt to get parsing info during refresh. "On-the-fly" syntax checking information may be incorrect. [/home/ryanb/Documents/MINA/hw/custom_ip/sysclock.vhd:]
create_bd_cell -type module -reference axil_timer_64 axil_timer_64_0
INFO: [IP_Flow 19-5107] Inferred bus interface 'S_AXI' of definition 'xilinx.com:interface:aximm:1.0' (from Xilinx Repository).
INFO: [IP_Flow 19-5107] Inferred bus interface 'S_AXI_ARESETN' of definition 'xilinx.com:signal:reset:1.0' (from Xilinx Repository).
INFO: [IP_Flow 19-5107] Inferred bus interface 'S_AXI_ACLK' of definition 'xilinx.com:signal:clock:1.0' (from Xilinx Repository).
INFO: [IP_Flow 19-5107] Inferred bus interface 'IRQ' of definition 'xilinx.com:signal:interrupt:1.0' (from Xilinx Repository).
INFO: [IP_Flow 19-4728] Bus Interface 'S_AXI_ARESETN': Added interface parameter 'POLARITY' with value 'ACTIVE_LOW'.
INFO: [IP_Flow 19-4728] Bus Interface 'IRQ': Added interface parameter 'SENSITIVITY' with value 'LEVEL_HIGH'.
INFO: [IP_Flow 19-4728] Bus Interface 'S_AXI_ACLK': Added interface parameter 'ASSOCIATED_BUSIF' with value 'S_AXI'.
INFO: [IP_Flow 19-4728] Bus Interface 'S_AXI_ACLK': Added interface parameter 'ASSOCIATED_RESET' with value 'S_AXI_ARESETN'.
WARNING: [IP_Flow 19-11770] Clock interface 'S_AXI_ACLK' has no FREQ_HZ parameter.
set_property location {7 1662 361} [get_bd_cells axil_timer_64_0]
set_property location {7.5 1755 356} [get_bd_cells axil_timer_64_0]
set_property location {8 1717 210} [get_bd_cells plic_axil_wrapper_0]
connect_bd_intf_net [get_bd_intf_pins axil_timer_64_0/S_AXI] [get_bd_intf_pins axil_crossbar_1x5_0/m01_axil]
connect_bd_net [get_bd_pins axil_timer_64_0/IRQ] [get_bd_pins VexRiscvMcuAxi_0/timerInterrupt]
startgroup
set_property CONFIG.M00_BASE_ADDR {0} [get_bd_cells axi_crossbar_2x5_0]
endgroup
assign_bd_address -target_address_space /axi_crossbar_2x5_0/m01_axi [get_bd_addr_segs axi_ram_0/s_axi/reg0] -force
Slave segment '/axi_ram_0/s_axi/reg0' is being assigned into address space '/axi_crossbar_2x5_0/m01_axi' at <0x0000_0000 [ 64K ]>.
set_property offset 0x1000000 [get_bd_addr_segs {axi_crossbar_2x5_0/m01_axi/SEG_axi_ram_0_reg0}]
set_property offset 0x10000000 [get_bd_addr_segs {axi_crossbar_2x5_0/m01_axi/SEG_axi_ram_0_reg0}]
assign_bd_address -target_address_space /axi_crossbar_2x5_0/m02_axi [get_bd_addr_segs axi_axil_adapter_1/s_axi/reg0] -force
Slave segment '/axi_axil_adapter_1/s_axi/reg0' is being assigned into address space '/axi_crossbar_2x5_0/m02_axi' at <0x0_0000_0000 [ 4G ]>.
set_property range 1M [get_bd_addr_segs {axi_crossbar_2x5_0/m02_axi/SEG_axi_axil_adapter_1_reg0}]
set_property offset 0x20000000 [get_bd_addr_segs {axi_crossbar_2x5_0/m02_axi/SEG_axi_axil_adapter_1_reg0}]
startgroup
create_bd_cell -type ip -vlnv xilinx.com:ip:smartconnect:1.0 smartconnect_0
endgroup
set_property CONFIG.NUM_MI {5} [get_bd_cells smartconnect_0]
delete_bd_objs [get_bd_intf_nets axi_crossbar_2x5_0_m02_axi] [get_bd_intf_nets axi_cdma_0_M_AXI] [get_bd_intf_nets axi_crossbar_2x5_0_m04_axi] [get_bd_intf_nets axi_crossbar_2x5_0_m01_axi] [get_bd_intf_nets VexRiscvMcuAxi_0_dBusAxi] [get_bd_cells axi_crossbar_2x5_0]
set_property location {3 572 125} [get_bd_cells smartconnect_0]
set_property location {1.5 364 347} [get_bd_cells smartconnect_0]
set_property location {2 384 269} [get_bd_cells smartconnect_0]
connect_bd_intf_net [get_bd_intf_pins VexRiscvMcuAxi_0/dBusAxi] [get_bd_intf_pins smartconnect_0/S00_AXI]
connect_bd_intf_net [get_bd_intf_pins smartconnect_0/M01_AXI] [get_bd_intf_pins axi_ram_0/s_axi]
connect_bd_intf_net [get_bd_intf_pins smartconnect_0/M02_AXI] [get_bd_intf_pins axi_axil_adapter_1/s_axi]
set_property location {3.5 958 447} [get_bd_cells axi_axil_adapter_0]
set_property location {3 966 405} [get_bd_cells axi_axil_adapter_0]
set_property location {3 967 432} [get_bd_cells axi_axil_adapter_0]
set_property location {3 967 418} [get_bd_cells axi_axil_adapter_0]
connect_bd_intf_net [get_bd_intf_pins smartconnect_0/M04_AXI] [get_bd_intf_pins axi_axil_adapter_0/s_axi]
connect_bd_net [get_bd_pins smartconnect_0/aclk] [get_bd_pins VexRiscvMcuAxi_0/jtag_tdo]
delete_bd_objs [get_bd_nets VexRiscvMcuAxi_0_jtag_tdo]
connect_bd_net [get_bd_pins axi_cdma_0/cdma_introut] [get_bd_pins plic_axil_wrapper_0/intr_pins]
delete_bd_objs [get_bd_nets axi_cdma_0_cdma_introut]
connect_bd_intf_net [get_bd_intf_pins axi_cdma_0/M_AXI] [get_bd_intf_pins smartconnect_0/S01_AXI]
delete_bd_objs [get_bd_intf_nets axil_crossbar_1x5_0_m01_axil] [get_bd_intf_nets axi_axil_adapter_1_m_axil] [get_bd_intf_nets axil_crossbar_1x5_0_m00_axil] [get_bd_cells axil_crossbar_1x5_0]
startgroup
create_bd_cell -type ip -vlnv xilinx.com:ip:smartconnect:1.0 smartconnect_1
endgroup
set_property location {5.5 1697 299} [get_bd_cells smartconnect_1]
set_property -dict [list \
  CONFIG.NUM_MI {5} \
  CONFIG.NUM_SI {1} \
] [get_bd_cells smartconnect_1]
connect_bd_intf_net [get_bd_intf_pins axi_axil_adapter_1/m_axil] [get_bd_intf_pins smartconnect_1/S00_AXI]
connect_bd_intf_net [get_bd_intf_pins smartconnect_1/M00_AXI] [get_bd_intf_pins plic_axil_wrapper_0/S_AXI]
connect_bd_intf_net [get_bd_intf_pins smartconnect_1/M01_AXI] [get_bd_intf_pins axil_timer_64_0/S_AXI]
delete_bd_objs [get_bd_intf_nets axi_axil_adapter_1_m_axil] [get_bd_intf_nets smartconnect_0_M02_AXI] [get_bd_cells axi_axil_adapter_1]
connect_bd_intf_net [get_bd_intf_pins smartconnect_0/M02_AXI] [get_bd_intf_pins smartconnect_1/S00_AXI]
delete_bd_objs [get_bd_intf_nets axi_axil_adapter_0_m_axil] [get_bd_intf_nets smartconnect_0_M04_AXI] [get_bd_cells axi_axil_adapter_0]
connect_bd_intf_net [get_bd_intf_pins smartconnect_0/M03_AXI] [get_bd_intf_pins axi_cdma_0/S_AXI_LITE]
assign_bd_address -target_address_space /axi_cdma_0/Data [get_bd_addr_segs plic_axil_wrapper_0/S_AXI/reg0] -force
Slave segment '/plic_axil_wrapper_0/S_AXI/reg0' is being assigned into address space '/axi_cdma_0/Data' at <0x0000_0000 [ 4K ]>.
assign_bd_address -target_address_space /axi_cdma_0/Data [get_bd_addr_segs axil_timer_64_0/S_AXI/reg0] -force
Slave segment '/axil_timer_64_0/S_AXI/reg0' is being assigned into address space '/axi_cdma_0/Data' at <0x0001_0000 [ 4K ]>.
assign_bd_address -target_address_space /axi_cdma_0/Data [get_bd_addr_segs axi_ram_0/s_axi/reg0] -force
Slave segment '/axi_ram_0/s_axi/reg0' is being assigned into address space '/axi_cdma_0/Data' at <0x0002_0000 [ 64K ]>.
assign_bd_address -target_address_space /axi_cdma_0/Data [get_bd_addr_segs axi_cdma_0/S_AXI_LITE/Reg] -force
Slave segment '/axi_cdma_0/S_AXI_LITE/Reg' is being assigned into address space '/axi_cdma_0/Data' at <0x44A0_0000 [ 64K ]>.
assign_bd_address -target_address_space /VexRiscvMcuAxi_0/dBusAxi [get_bd_addr_segs axi_cdma_0/S_AXI_LITE/Reg] -force
Slave segment '/axi_cdma_0/S_AXI_LITE/Reg' is being assigned into address space '/VexRiscvMcuAxi_0/dBusAxi' at <0x44A0_0000 [ 64K ]>.
assign_bd_address -target_address_space /VexRiscvMcuAxi_0/dBusAxi [get_bd_addr_segs plic_axil_wrapper_0/S_AXI/reg0] -force
Slave segment '/plic_axil_wrapper_0/S_AXI/reg0' is being assigned into address space '/VexRiscvMcuAxi_0/dBusAxi' at <0x0000_0000 [ 4K ]>.
assign_bd_address -target_address_space /VexRiscvMcuAxi_0/dBusAxi [get_bd_addr_segs axil_timer_64_0/S_AXI/reg0] -force
Slave segment '/axil_timer_64_0/S_AXI/reg0' is being assigned into address space '/VexRiscvMcuAxi_0/dBusAxi' at <0x0001_0000 [ 4K ]>.
assign_bd_address -target_address_space /VexRiscvMcuAxi_0/dBusAxi [get_bd_addr_segs axi_ram_0/s_axi/reg0] -force
Slave segment '/axi_ram_0/s_axi/reg0' is being assigned into address space '/VexRiscvMcuAxi_0/dBusAxi' at <0x0002_0000 [ 64K ]>.
set_property location {2.5 904 225} [get_bd_cells axi_ram_0]
set_property location {3 888 363} [get_bd_cells axi_ram_0]
set_property location {3 858 300} [get_bd_cells axi_ram_0]
set_property location {3 837 98} [get_bd_cells axi_ram_0]
set_property location {3 900 81} [get_bd_cells axi_ram_0]
set_property location {3 874 436} [get_bd_cells axi_cdma_0]
set_property location {3 808 425} [get_bd_cells axi_cdma_0]
set_property location {3 789 491} [get_bd_cells axi_cdma_0]
delete_bd_objs [get_bd_intf_nets smartconnect_0_M02_AXI]
connect_bd_intf_net [get_bd_intf_pins smartconnect_0/M02_AXI] [get_bd_intf_pins smartconnect_1/S00_AXI]
startgroup
create_bd_cell -type ip -vlnv xilinx.com:ip:axi_bram_ctrl:4.1 axi_bram_ctrl_0
INFO: [xilinx.com:ip:axi_bram_ctrl:4.1-2] design_1_axi_bram_ctrl_0_0: In IP Integrator, please note that memory depth value gets calculated based on the Data Width of the IP and Address range selected in the Address Editor.Incase a validation error occured on the range of this parameter, please check if the selected Data width and the Address Range are valid. For valid Data width and memory depth values, please refer to the AXI BRAM Controller Product Guide.
INFO: [xilinx.com:ip:axi_bram_ctrl:4.1-1] design_1_axi_bram_ctrl_0_0: In IP Integrator, The Maximum address range supported is 2G. Selecting the address range more than 2G in the address editor may resets the value of Memory depth to default value (1024). please refer to the AXI BRAM Controller Product Guide.
endgroup
delete_bd_objs [get_bd_cells axi_bram_ctrl_0]
startgroup
create_bd_cell -type ip -vlnv xilinx.com:ip:axi_bram_ctrl:4.1 axi_bram_ctrl_0
INFO: [xilinx.com:ip:axi_bram_ctrl:4.1-2] design_1_axi_bram_ctrl_0_1: In IP Integrator, please note that memory depth value gets calculated based on the Data Width of the IP and Address range selected in the Address Editor.Incase a validation error occured on the range of this parameter, please check if the selected Data width and the Address Range are valid. For valid Data width and memory depth values, please refer to the AXI BRAM Controller Product Guide.
INFO: [xilinx.com:ip:axi_bram_ctrl:4.1-1] design_1_axi_bram_ctrl_0_1: In IP Integrator, The Maximum address range supported is 2G. Selecting the address range more than 2G in the address editor may resets the value of Memory depth to default value (1024). please refer to the AXI BRAM Controller Product Guide.
endgroup
set_property location {4 885 -128} [get_bd_cells axi_bram_ctrl_0]
connect_bd_intf_net [get_bd_intf_pins axi_bram_ctrl_0/S_AXI] [get_bd_intf_pins smartconnect_0/M00_AXI]
set_property location {4 916 72} [get_bd_cells axi_ram_0]
set_property location {4 975 72} [get_bd_cells axi_ram_0]
set_property location {4 918 69} [get_bd_cells axi_ram_0]
startgroup
set_property CONFIG.SINGLE_PORT_BRAM {1} [get_bd_cells axi_bram_ctrl_0]
endgroup
copy_bd_objs /  [get_bd_cells {axi_bram_ctrl_0}]
INFO: [xilinx.com:ip:axi_bram_ctrl:4.1-2] design_1_axi_bram_ctrl_0_2: In IP Integrator, please note that memory depth value gets calculated based on the Data Width of the IP and Address range selected in the Address Editor.Incase a validation error occured on the range of this parameter, please check if the selected Data width and the Address Range are valid. For valid Data width and memory depth values, please refer to the AXI BRAM Controller Product Guide.
INFO: [xilinx.com:ip:axi_bram_ctrl:4.1-1] design_1_axi_bram_ctrl_0_2: In IP Integrator, The Maximum address range supported is 2G. Selecting the address range more than 2G in the address editor may resets the value of Memory depth to default value (1024). please refer to the AXI BRAM Controller Product Guide.
INFO: [xilinx.com:ip:axi_bram_ctrl:4.1-2] design_1_axi_bram_ctrl_0_2: In IP Integrator, please note that memory depth value gets calculated based on the Data Width of the IP and Address range selected in the Address Editor.Incase a validation error occured on the range of this parameter, please check if the selected Data width and the Address Range are valid. For valid Data width and memory depth values, please refer to the AXI BRAM Controller Product Guide.
INFO: [xilinx.com:ip:axi_bram_ctrl:4.1-1] design_1_axi_bram_ctrl_0_2: In IP Integrator, The Maximum address range supported is 2G. Selecting the address range more than 2G in the address editor may resets the value of Memory depth to default value (1024). please refer to the AXI BRAM Controller Product Guide.
set_property location {4 900 -239} [get_bd_cells axi_bram_ctrl_1]
connect_bd_intf_net [get_bd_intf_pins axi_bram_ctrl_1/S_AXI] [get_bd_intf_pins VexRiscvMcuAxi_0/iBusAxi]
close [ open /home/ryanb/Documents/MINA/hw/custom_ip/muxed_ram.v w ]
add_files /home/ryanb/Documents/MINA/hw/custom_ip/muxed_ram.v
WARNING: [filemgmt 56-199] Attempt to get parsing info during refresh. "On-the-fly" syntax checking information may be incorrect. [/home/ryanb/Documents/MINA/hw/custom_ip/plic.vhd:]
WARNING: [filemgmt 56-199] Attempt to get parsing info during refresh. "On-the-fly" syntax checking information may be incorrect. [/home/ryanb/Documents/MINA/hw/custom_ip/sysclock.vhd:]
WARNING: [filemgmt 56-199] Attempt to get parsing info during refresh. "On-the-fly" syntax checking information may be incorrect. [/home/ryanb/Documents/MINA/hw/custom_ip/axi_cdma_fixed.v:]
WARNING: [filemgmt 56-199] Attempt to get parsing info during refresh. "On-the-fly" syntax checking information may be incorrect. [/home/ryanb/Documents/MINA/hw/ip/verilog-axi/rtl/axi_cdma.v:]
WARNING: [filemgmt 56-199] Attempt to get parsing info during refresh. "On-the-fly" syntax checking information may be incorrect. [/home/ryanb/Documents/MINA/hw/custom_ip/plic_axil.vhd:]
WARNING: [filemgmt 56-199] Attempt to get parsing info during refresh. "On-the-fly" syntax checking information may be incorrect. [/home/ryanb/Documents/MINA/hw/custom_ip/plic.vhd:]
WARNING: [filemgmt 56-199] Attempt to get parsing info during refresh. "On-the-fly" syntax checking information may be incorrect. [/home/ryanb/Documents/MINA/hw/custom_ip/plic.vhd:]
WARNING: [filemgmt 56-199] Attempt to get parsing info during refresh. "On-the-fly" syntax checking information may be incorrect. [/home/ryanb/Documents/MINA/hw/custom_ip/plic.vhd:]
WARNING: [filemgmt 56-199] Attempt to get parsing info during refresh. "On-the-fly" syntax checking information may be incorrect. [/home/ryanb/Documents/MINA/hw/custom_ip/sysclock.vhd:]
WARNING: [filemgmt 56-199] Attempt to get parsing info during refresh. "On-the-fly" syntax checking information may be incorrect. [/home/ryanb/Documents/MINA/hw/custom_ip/axi_cdma_fixed.v:]
WARNING: [filemgmt 56-199] Attempt to get parsing info during refresh. "On-the-fly" syntax checking information may be incorrect. [/home/ryanb/Documents/MINA/hw/ip/verilog-axi/rtl/axi_cdma.v:]
WARNING: [filemgmt 56-199] Attempt to get parsing info during refresh. "On-the-fly" syntax checking information may be incorrect. [/home/ryanb/Documents/MINA/hw/custom_ip/plic_axil.vhd:]
WARNING: [filemgmt 56-199] Attempt to get parsing info during refresh. "On-the-fly" syntax checking information may be incorrect. [/home/ryanb/Documents/MINA/hw/custom_ip/sysclock.vhd:]
WARNING: [filemgmt 56-199] Attempt to get parsing info during refresh. "On-the-fly" syntax checking information may be incorrect. [/home/ryanb/Documents/MINA/hw/custom_ip/sysclock.vhd:]
WARNING: [filemgmt 56-199] Attempt to get parsing info during refresh. "On-the-fly" syntax checking information may be incorrect. [/home/ryanb/Documents/MINA/hw/custom_ip/plic.vhd:]
WARNING: [filemgmt 56-199] Attempt to get parsing info during refresh. "On-the-fly" syntax checking information may be incorrect. [/home/ryanb/Documents/MINA/hw/custom_ip/sysclock.vhd:]
WARNING: [filemgmt 56-199] Attempt to get parsing info during refresh. "On-the-fly" syntax checking information may be incorrect. [/home/ryanb/Documents/MINA/hw/custom_ip/axi_cdma_fixed.v:]
WARNING: [filemgmt 56-199] Attempt to get parsing info during refresh. "On-the-fly" syntax checking information may be incorrect. [/home/ryanb/Documents/MINA/hw/ip/verilog-axi/rtl/axi_cdma.v:]
WARNING: [filemgmt 56-199] Attempt to get parsing info during refresh. "On-the-fly" syntax checking information may be incorrect. [/home/ryanb/Documents/MINA/hw/custom_ip/plic_axil.vhd:]
WARNING: [filemgmt 56-199] Attempt to get parsing info during refresh. "On-the-fly" syntax checking information may be incorrect. [/home/ryanb/Documents/MINA/hw/custom_ip/plic.vhd:]
WARNING: [filemgmt 56-199] Attempt to get parsing info during refresh. "On-the-fly" syntax checking information may be incorrect. [/home/ryanb/Documents/MINA/hw/custom_ip/plic.vhd:]
WARNING: [filemgmt 56-199] Attempt to get parsing info during refresh. "On-the-fly" syntax checking information may be incorrect. [/home/ryanb/Documents/MINA/hw/custom_ip/plic.vhd:]
WARNING: [filemgmt 56-199] Attempt to get parsing info during refresh. "On-the-fly" syntax checking information may be incorrect. [/home/ryanb/Documents/MINA/hw/custom_ip/sysclock.vhd:]
WARNING: [filemgmt 56-199] Attempt to get parsing info during refresh. "On-the-fly" syntax checking information may be incorrect. [/home/ryanb/Documents/MINA/hw/custom_ip/axi_cdma_fixed.v:]
WARNING: [filemgmt 56-199] Attempt to get parsing info during refresh. "On-the-fly" syntax checking information may be incorrect. [/home/ryanb/Documents/MINA/hw/ip/verilog-axi/rtl/axi_cdma.v:]
WARNING: [filemgmt 56-199] Attempt to get parsing info during refresh. "On-the-fly" syntax checking information may be incorrect. [/home/ryanb/Documents/MINA/hw/custom_ip/plic_axil.vhd:]
WARNING: [filemgmt 56-199] Attempt to get parsing info during refresh. "On-the-fly" syntax checking information may be incorrect. [/home/ryanb/Documents/MINA/hw/custom_ip/sysclock.vhd:]
WARNING: [filemgmt 56-199] Attempt to get parsing info during refresh. "On-the-fly" syntax checking information may be incorrect. [/home/ryanb/Documents/MINA/hw/custom_ip/sysclock.vhd:]
update_compile_order -fileset sources_1
WARNING: [filemgmt 56-199] Attempt to get parsing info during refresh. "On-the-fly" syntax checking information may be incorrect. [/home/ryanb/Documents/MINA/hw/custom_ip/plic.vhd:]
WARNING: [filemgmt 56-199] Attempt to get parsing info during refresh. "On-the-fly" syntax checking information may be incorrect. [/home/ryanb/Documents/MINA/hw/custom_ip/sysclock.vhd:]
WARNING: [filemgmt 56-199] Attempt to get parsing info during refresh. "On-the-fly" syntax checking information may be incorrect. [/home/ryanb/Documents/MINA/hw/custom_ip/axi_cdma_fixed.v:]
WARNING: [filemgmt 56-199] Attempt to get parsing info during refresh. "On-the-fly" syntax checking information may be incorrect. [/home/ryanb/Documents/MINA/hw/ip/verilog-axi/rtl/axi_cdma.v:]
WARNING: [filemgmt 56-199] Attempt to get parsing info during refresh. "On-the-fly" syntax checking information may be incorrect. [/home/ryanb/Documents/MINA/hw/custom_ip/plic_axil.vhd:]
WARNING: [filemgmt 56-199] Attempt to get parsing info during refresh. "On-the-fly" syntax checking information may be incorrect. [/home/ryanb/Documents/MINA/hw/custom_ip/plic.vhd:]
WARNING: [filemgmt 56-199] Attempt to get parsing info during refresh. "On-the-fly" syntax checking information may be incorrect. [/home/ryanb/Documents/MINA/hw/custom_ip/plic.vhd:]
WARNING: [filemgmt 56-199] Attempt to get parsing info during refresh. "On-the-fly" syntax checking information may be incorrect. [/home/ryanb/Documents/MINA/hw/custom_ip/plic.vhd:]
WARNING: [filemgmt 56-199] Attempt to get parsing info during refresh. "On-the-fly" syntax checking information may be incorrect. [/home/ryanb/Documents/MINA/hw/custom_ip/sysclock.vhd:]
WARNING: [filemgmt 56-199] Attempt to get parsing info during refresh. "On-the-fly" syntax checking information may be incorrect. [/home/ryanb/Documents/MINA/hw/custom_ip/axi_cdma_fixed.v:]
WARNING: [filemgmt 56-199] Attempt to get parsing info during refresh. "On-the-fly" syntax checking information may be incorrect. [/home/ryanb/Documents/MINA/hw/ip/verilog-axi/rtl/axi_cdma.v:]
WARNING: [filemgmt 56-199] Attempt to get parsing info during refresh. "On-the-fly" syntax checking information may be incorrect. [/home/ryanb/Documents/MINA/hw/custom_ip/plic_axil.vhd:]
WARNING: [filemgmt 56-199] Attempt to get parsing info during refresh. "On-the-fly" syntax checking information may be incorrect. [/home/ryanb/Documents/MINA/hw/custom_ip/sysclock.vhd:]
WARNING: [filemgmt 56-199] Attempt to get parsing info during refresh. "On-the-fly" syntax checking information may be incorrect. [/home/ryanb/Documents/MINA/hw/custom_ip/sysclock.vhd:]
WARNING: [filemgmt 56-199] Attempt to get parsing info during refresh. "On-the-fly" syntax checking information may be incorrect. [/home/ryanb/Documents/MINA/hw/custom_ip/plic.vhd:]
WARNING: [filemgmt 56-199] Attempt to get parsing info during refresh. "On-the-fly" syntax checking information may be incorrect. [/home/ryanb/Documents/MINA/hw/custom_ip/sysclock.vhd:]
WARNING: [filemgmt 56-199] Attempt to get parsing info during refresh. "On-the-fly" syntax checking information may be incorrect. [/home/ryanb/Documents/MINA/hw/custom_ip/axi_cdma_fixed.v:]
WARNING: [filemgmt 56-199] Attempt to get parsing info during refresh. "On-the-fly" syntax checking information may be incorrect. [/home/ryanb/Documents/MINA/hw/ip/verilog-axi/rtl/axi_cdma.v:]
WARNING: [filemgmt 56-199] Attempt to get parsing info during refresh. "On-the-fly" syntax checking information may be incorrect. [/home/ryanb/Documents/MINA/hw/custom_ip/plic_axil.vhd:]
WARNING: [filemgmt 56-199] Attempt to get parsing info during refresh. "On-the-fly" syntax checking information may be incorrect. [/home/ryanb/Documents/MINA/hw/custom_ip/muxed_ram.v:]
WARNING: [filemgmt 56-199] Attempt to get parsing info during refresh. "On-the-fly" syntax checking information may be incorrect. [/home/ryanb/Documents/MINA/hw/custom_ip/plic.vhd:]
WARNING: [filemgmt 56-199] Attempt to get parsing info during refresh. "On-the-fly" syntax checking information may be incorrect. [/home/ryanb/Documents/MINA/hw/custom_ip/plic.vhd:]
WARNING: [filemgmt 56-199] Attempt to get parsing info during refresh. "On-the-fly" syntax checking information may be incorrect. [/home/ryanb/Documents/MINA/hw/custom_ip/plic.vhd:]
WARNING: [filemgmt 56-199] Attempt to get parsing info during refresh. "On-the-fly" syntax checking information may be incorrect. [/home/ryanb/Documents/MINA/hw/custom_ip/sysclock.vhd:]
WARNING: [filemgmt 56-199] Attempt to get parsing info during refresh. "On-the-fly" syntax checking information may be incorrect. [/home/ryanb/Documents/MINA/hw/custom_ip/axi_cdma_fixed.v:]
WARNING: [filemgmt 56-199] Attempt to get parsing info during refresh. "On-the-fly" syntax checking information may be incorrect. [/home/ryanb/Documents/MINA/hw/ip/verilog-axi/rtl/axi_cdma.v:]
WARNING: [filemgmt 56-199] Attempt to get parsing info during refresh. "On-the-fly" syntax checking information may be incorrect. [/home/ryanb/Documents/MINA/hw/custom_ip/plic_axil.vhd:]
WARNING: [filemgmt 56-199] Attempt to get parsing info during refresh. "On-the-fly" syntax checking information may be incorrect. [/home/ryanb/Documents/MINA/hw/custom_ip/muxed_ram.v:]
WARNING: [filemgmt 56-199] Attempt to get parsing info during refresh. "On-the-fly" syntax checking information may be incorrect. [/home/ryanb/Documents/MINA/hw/custom_ip/muxed_ram.v:]
WARNING: [filemgmt 56-199] Attempt to get parsing info during refresh. "On-the-fly" syntax checking information may be incorrect. [/home/ryanb/Documents/MINA/hw/custom_ip/muxed_ram.v:]
WARNING: [filemgmt 56-199] Attempt to get parsing info during refresh. "On-the-fly" syntax checking information may be incorrect. [/home/ryanb/Documents/MINA/hw/custom_ip/plic.vhd:]
WARNING: [filemgmt 56-199] Attempt to get parsing info during refresh. "On-the-fly" syntax checking information may be incorrect. [/home/ryanb/Documents/MINA/hw/custom_ip/sysclock.vhd:]
WARNING: [filemgmt 56-199] Attempt to get parsing info during refresh. "On-the-fly" syntax checking information may be incorrect. [/home/ryanb/Documents/MINA/hw/custom_ip/axi_cdma_fixed.v:]
WARNING: [filemgmt 56-199] Attempt to get parsing info during refresh. "On-the-fly" syntax checking information may be incorrect. [/home/ryanb/Documents/MINA/hw/ip/verilog-axi/rtl/axi_cdma.v:]
WARNING: [filemgmt 56-199] Attempt to get parsing info during refresh. "On-the-fly" syntax checking information may be incorrect. [/home/ryanb/Documents/MINA/hw/custom_ip/plic_axil.vhd:]
WARNING: [filemgmt 56-199] Attempt to get parsing info during refresh. "On-the-fly" syntax checking information may be incorrect. [/home/ryanb/Documents/MINA/hw/custom_ip/muxed_ram.v:]
WARNING: [filemgmt 56-199] Attempt to get parsing info during refresh. "On-the-fly" syntax checking information may be incorrect. [/home/ryanb/Documents/MINA/hw/custom_ip/sysclock.vhd:]
WARNING: [filemgmt 56-199] Attempt to get parsing info during refresh. "On-the-fly" syntax checking information may be incorrect. [/home/ryanb/Documents/MINA/hw/custom_ip/sysclock.vhd:]
create_bd_cell -type module -reference muxed_dual_port_ram muxed_dual_port_ram_0
INFO: [IP_Flow 19-5107] Inferred bus interface 'clk' of definition 'xilinx.com:signal:clock:1.0' (from Xilinx Repository).
WARNING: [IP_Flow 19-5661] Bus Interface 'clk' does not have any bus interfaces associated with it.
WARNING: [IP_Flow 19-11770] Clock interface 'clk' has no FREQ_HZ parameter.
set_property location {5 1300 -103} [get_bd_cells muxed_dual_port_ram_0]
set_property location {5.5 1391 -143} [get_bd_cells muxed_dual_port_ram_0]
set_property location {6 1460 -99} [get_bd_cells muxed_dual_port_ram_0]
set_property location {5.5 1321 -97} [get_bd_cells muxed_dual_port_ram_0]
set_property location {5 1156 -94} [get_bd_cells muxed_dual_port_ram_0]
connect_bd_net [get_bd_pins muxed_dual_port_ram_0/axi_a_en] [get_bd_pins axi_bram_ctrl_0/bram_en_a]
WARNING: [BD 41-1306] The connection to interface pin </axi_bram_ctrl_0/bram_en_a> is being overridden by the user with net <axi_bram_ctrl_0_bram_en_a>. This pin will not be connected as a part of interface connection <BRAM_PORTA>, and might not recreate the connectivity as expected using the writ_bd_tcl command.
connect_bd_net [get_bd_pins muxed_dual_port_ram_0/axi_a_we] [get_bd_pins axi_bram_ctrl_0/bram_we_a]
WARNING: [BD 41-1306] The connection to interface pin </axi_bram_ctrl_0/bram_we_a> is being overridden by the user with net <axi_bram_ctrl_0_bram_we_a>. This pin will not be connected as a part of interface connection <BRAM_PORTA>, and might not recreate the connectivity as expected using the writ_bd_tcl command.
connect_bd_net [get_bd_pins muxed_dual_port_ram_0/axi_a_addr] [get_bd_pins axi_bram_ctrl_0/bram_wrdata_a]
WARNING: [BD 41-1306] The connection to interface pin </axi_bram_ctrl_0/bram_wrdata_a> is being overridden by the user with net <axi_bram_ctrl_0_bram_wrdata_a>. This pin will not be connected as a part of interface connection <BRAM_PORTA>, and might not recreate the connectivity as expected using the writ_bd_tcl command.
connect_bd_net [get_bd_pins muxed_dual_port_ram_0/axi_a_din] [get_bd_pins axi_bram_ctrl_0/bram_we_a]
delete_bd_objs [get_bd_nets axi_bram_ctrl_0_bram_we_a]
connect_bd_net [get_bd_pins muxed_dual_port_ram_0/axi_a_we] [get_bd_pins axi_bram_ctrl_0/bram_we_a]
WARNING: [BD 41-1306] The connection to interface pin </axi_bram_ctrl_0/bram_we_a> is being overridden by the user with net <axi_bram_ctrl_0_bram_we_a>. This pin will not be connected as a part of interface connection <BRAM_PORTA>, and might not recreate the connectivity as expected using the writ_bd_tcl command.
connect_bd_net [get_bd_pins muxed_dual_port_ram_0/axi_a_dout] [get_bd_pins axi_bram_ctrl_0/bram_rddata_a]
WARNING: [BD 41-1306] The connection to interface pin </axi_bram_ctrl_0/bram_rddata_a> is being overridden by the user with net <muxed_dual_port_ram_0_axi_a_dout>. This pin will not be connected as a part of interface connection <BRAM_PORTA>, and might not recreate the connectivity as expected using the writ_bd_tcl command.
connect_bd_net [get_bd_pins axi_bram_ctrl_0/bram_clk_a] [get_bd_pins muxed_dual_port_ram_0/clk]
WARNING: [BD 41-1306] The connection to interface pin </axi_bram_ctrl_0/bram_clk_a> is being overridden by the user with net <axi_bram_ctrl_0_bram_clk_a>. This pin will not be connected as a part of interface connection <BRAM_PORTA>, and might not recreate the connectivity as expected using the writ_bd_tcl command.
delete_bd_objs [get_bd_nets axi_bram_ctrl_0_bram_wrdata_a]
connect_bd_net [get_bd_pins axi_bram_ctrl_0/bram_addr_a] [get_bd_pins muxed_dual_port_ram_0/axi_a_addr]
WARNING: [BD 41-1306] The connection to interface pin </axi_bram_ctrl_0/bram_addr_a> is being overridden by the user with net <axi_bram_ctrl_0_bram_addr_a>. This pin will not be connected as a part of interface connection <BRAM_PORTA>, and might not recreate the connectivity as expected using the writ_bd_tcl command.
connect_bd_net [get_bd_pins axi_bram_ctrl_0/bram_wrdata_a] [get_bd_pins muxed_dual_port_ram_0/axi_a_din]
WARNING: [BD 41-1306] The connection to interface pin </axi_bram_ctrl_0/bram_wrdata_a> is being overridden by the user with net <axi_bram_ctrl_0_bram_wrdata_a>. This pin will not be connected as a part of interface connection <BRAM_PORTA>, and might not recreate the connectivity as expected using the writ_bd_tcl command.
set_property location {5.5 1322 -213} [get_bd_cells muxed_dual_port_ram_0]
create_bd_cell -type hier instr_ram
/instr_ram
delete_bd_objs [get_bd_nets axi_bram_ctrl_0_bram_clk_a]
delete_bd_objs [get_bd_nets axi_bram_ctrl_0_bram_en_a]
delete_bd_objs [get_bd_nets axi_bram_ctrl_0_bram_we_a]
delete_bd_objs [get_bd_nets axi_bram_ctrl_0_bram_addr_a]
delete_bd_objs [get_bd_nets axi_bram_ctrl_0_bram_wrdata_a]
delete_bd_objs [get_bd_nets muxed_dual_port_ram_0_axi_a_dout]
move_bd_cells [get_bd_cells instr_ram] [get_bd_cells muxed_dual_port_ram_0]
set_property location {3 423 -260} [get_bd_cells axi_bram_ctrl_1]
move_bd_cells [get_bd_cells instr_ram] [get_bd_cells axi_bram_ctrl_1]
move_bd_cells [get_bd_cells instr_ram] [get_bd_cells axi_bram_ctrl_0]
set_property location {-171 195} [get_bd_intf_pins instr_ram/S_AXI]
set_property location {-130 60} [get_bd_intf_pins instr_ram/S_AXI1]
set_property location {-13 50} [get_bd_intf_pins instr_ram/S_AXI1]
set_property location {1.5 498 324} [get_bd_cells instr_ram/muxed_dual_port_ram_0]
set_property location {2 581 189} [get_bd_cells instr_ram/muxed_dual_port_ram_0]
set_property location {2 592 159} [get_bd_cells instr_ram/muxed_dual_port_ram_0]
set_property location {2 590 158} [get_bd_cells instr_ram/muxed_dual_port_ram_0]
set_property location {2.5 744 164} [get_bd_cells instr_ram/muxed_dual_port_ram_0]
set_property location {0 297} [get_bd_intf_pins instr_ram/S_AXI]
create_bd_pin -dir I instr_ram/s_axi_aclk
set_property location {-12 121} [get_bd_pins instr_ram/s_axi_aclk]
startgroup
connect_bd_net [get_bd_pins instr_ram/s_axi_aclk] [get_bd_pins instr_ram/axi_bram_ctrl_0/s_axi_aclk]
endgroup
connect_bd_net [get_bd_pins instr_ram/s_axi_aclk] [get_bd_pins instr_ram/axi_bram_ctrl_1/s_axi_aclk]
copy_bd_objs instr_ram  [get_bd_pins {instr_ram/s_axi_aclk}]
set_property name s_axi_aresetn [get_bd_pins instr_ram/s_axi_aclk1]
startgroup
connect_bd_net [get_bd_pins instr_ram/s_axi_aresetn] [get_bd_pins instr_ram/axi_bram_ctrl_0/s_axi_aresetn]
connect_bd_net [get_bd_pins instr_ram/s_axi_aresetn] [get_bd_pins instr_ram/axi_bram_ctrl_1/s_axi_aresetn]
set_property location {-18 186} [get_bd_pins instr_ram/s_axi_aresetn]
set_property location {2 691 249} [get_bd_cells instr_ram/muxed_dual_port_ram_0]
set_property location {2 690 242} [get_bd_cells instr_ram/muxed_dual_port_ram_0]
set_property name S_AXI_INST [get_bd_intf_pins instr_ram/S_AXI1]
S_AXI_INST
set_property name S_AXI_DATA [get_bd_intf_pins instr_ram/S_AXI]
S_AXI_DATA
delete_bd_objs [get_bd_intf_nets VexRiscvMcuAxi_0_iBusAxi]
endgroup
delete_bd_objs [get_bd_intf_nets smartconnect_0_M00_AXI]
set_property location {3 360 -57} [get_bd_cells instr_ram]
connect_bd_net [get_bd_pins instr_ram/axi_bram_ctrl_0/bram_clk_a] [get_bd_pins instr_ram/muxed_dual_port_ram_0/clk]
WARNING: [BD 41-1306] The connection to interface pin </instr_ram/axi_bram_ctrl_0/bram_clk_a> is being overridden by the user with net <axi_bram_ctrl_0_bram_clk_a>. This pin will not be connected as a part of interface connection <BRAM_PORTA>, and might not recreate the connectivity as expected using the writ_bd_tcl command.
connect_bd_net [get_bd_pins instr_ram/axi_bram_ctrl_0/bram_addr_a] [get_bd_pins instr_ram/muxed_dual_port_ram_0/axi_a_addr]
WARNING: [BD 41-1306] The connection to interface pin </instr_ram/axi_bram_ctrl_0/bram_addr_a> is being overridden by the user with net <axi_bram_ctrl_0_bram_addr_a>. This pin will not be connected as a part of interface connection <BRAM_PORTA>, and might not recreate the connectivity as expected using the writ_bd_tcl command.
connect_bd_net [get_bd_pins instr_ram/axi_bram_ctrl_0/bram_wrdata_a] [get_bd_pins instr_ram/muxed_dual_port_ram_0/axi_a_din]
WARNING: [BD 41-1306] The connection to interface pin </instr_ram/axi_bram_ctrl_0/bram_wrdata_a> is being overridden by the user with net <axi_bram_ctrl_0_bram_wrdata_a>. This pin will not be connected as a part of interface connection <BRAM_PORTA>, and might not recreate the connectivity as expected using the writ_bd_tcl command.
connect_bd_net [get_bd_pins instr_ram/axi_bram_ctrl_0/bram_rddata_a] [get_bd_pins instr_ram/muxed_dual_port_ram_0/axi_a_dout]
WARNING: [BD 41-1306] The connection to interface pin </instr_ram/axi_bram_ctrl_0/bram_rddata_a> is being overridden by the user with net <muxed_dual_port_ram_0_axi_a_dout>. This pin will not be connected as a part of interface connection <BRAM_PORTA>, and might not recreate the connectivity as expected using the writ_bd_tcl command.
connect_bd_net [get_bd_pins instr_ram/axi_bram_ctrl_0/bram_en_a] [get_bd_pins instr_ram/muxed_dual_port_ram_0/axi_a_en]
WARNING: [BD 41-1306] The connection to interface pin </instr_ram/axi_bram_ctrl_0/bram_en_a> is being overridden by the user with net <axi_bram_ctrl_0_bram_en_a>. This pin will not be connected as a part of interface connection <BRAM_PORTA>, and might not recreate the connectivity as expected using the writ_bd_tcl command.
connect_bd_net [get_bd_pins instr_ram/axi_bram_ctrl_0/bram_we_a] [get_bd_pins instr_ram/muxed_dual_port_ram_0/axi_a_we]
WARNING: [BD 41-1306] The connection to interface pin </instr_ram/axi_bram_ctrl_0/bram_we_a> is being overridden by the user with net <axi_bram_ctrl_0_bram_we_a>. This pin will not be connected as a part of interface connection <BRAM_PORTA>, and might not recreate the connectivity as expected using the writ_bd_tcl command.
connect_bd_net [get_bd_pins instr_ram/axi_bram_ctrl_1/bram_addr_a] [get_bd_pins instr_ram/muxed_dual_port_ram_0/axi_b_addr]
WARNING: [BD 41-1306] The connection to interface pin </instr_ram/axi_bram_ctrl_1/bram_addr_a> is being overridden by the user with net <axi_bram_ctrl_1_bram_addr_a>. This pin will not be connected as a part of interface connection <BRAM_PORTA>, and might not recreate the connectivity as expected using the writ_bd_tcl command.
connect_bd_net [get_bd_pins instr_ram/axi_bram_ctrl_1/bram_wrdata_a] [get_bd_pins instr_ram/muxed_dual_port_ram_0/axi_b_din]
WARNING: [BD 41-1306] The connection to interface pin </instr_ram/axi_bram_ctrl_1/bram_wrdata_a> is being overridden by the user with net <axi_bram_ctrl_1_bram_wrdata_a>. This pin will not be connected as a part of interface connection <BRAM_PORTA>, and might not recreate the connectivity as expected using the writ_bd_tcl command.
connect_bd_net [get_bd_pins instr_ram/axi_bram_ctrl_1/bram_rddata_a] [get_bd_pins instr_ram/muxed_dual_port_ram_0/axi_b_dout]
WARNING: [BD 41-1306] The connection to interface pin </instr_ram/axi_bram_ctrl_1/bram_rddata_a> is being overridden by the user with net <muxed_dual_port_ram_0_axi_b_dout>. This pin will not be connected as a part of interface connection <BRAM_PORTA>, and might not recreate the connectivity as expected using the writ_bd_tcl command.
connect_bd_net [get_bd_pins instr_ram/axi_bram_ctrl_1/bram_en_a] [get_bd_pins instr_ram/muxed_dual_port_ram_0/raw_b_en]
WARNING: [BD 41-1306] The connection to interface pin </instr_ram/axi_bram_ctrl_1/bram_en_a> is being overridden by the user with net <axi_bram_ctrl_1_bram_en_a>. This pin will not be connected as a part of interface connection <BRAM_PORTA>, and might not recreate the connectivity as expected using the writ_bd_tcl command.
delete_bd_objs [get_bd_nets instr_ram/axi_bram_ctrl_1_bram_en_a]
connect_bd_net [get_bd_pins instr_ram/axi_bram_ctrl_1/bram_en_a] [get_bd_pins instr_ram/muxed_dual_port_ram_0/axi_b_en]
WARNING: [BD 41-1306] The connection to interface pin </instr_ram/axi_bram_ctrl_1/bram_en_a> is being overridden by the user with net <axi_bram_ctrl_1_bram_en_a>. This pin will not be connected as a part of interface connection <BRAM_PORTA>, and might not recreate the connectivity as expected using the writ_bd_tcl command.
connect_bd_net [get_bd_pins instr_ram/axi_bram_ctrl_1/bram_we_a] [get_bd_pins instr_ram/muxed_dual_port_ram_0/axi_b_we]
WARNING: [BD 41-1306] The connection to interface pin </instr_ram/axi_bram_ctrl_1/bram_we_a> is being overridden by the user with net <axi_bram_ctrl_1_bram_we_a>. This pin will not be connected as a part of interface connection <BRAM_PORTA>, and might not recreate the connectivity as expected using the writ_bd_tcl command.
create_bd_intf_pin -mode Slave -vlnv xilinx.com:interface:bram_rtl:1.0 instr_ram/bram
set_property name bram_raw [get_bd_intf_pins instr_ram/bram]
bram_raw
set_property location {376 10} [get_bd_intf_pins instr_ram/bram_raw]
delete_bd_objs [get_bd_intf_pins instr_ram/bram_raw]
copy_bd_objs instr_ram  [get_bd_pins {instr_ram/s_axi_aclk}]
set_property location {524 29} [get_bd_pins instr_ram/s_axi_aclk1]
set_property name ram_mux_select [get_bd_pins instr_ram/s_axi_aclk1]
connect_bd_net [get_bd_pins instr_ram/ram_mux_select] [get_bd_pins instr_ram/muxed_dual_port_ram_0/mode_pin]
copy_bd_objs instr_ram  [get_bd_pins {instr_ram/ram_mux_select}]
set_property name ram_en [get_bd_pins instr_ram/ram_mux_select1]
startgroup
connect_bd_net [get_bd_pins instr_ram/ram_en] [get_bd_pins instr_ram/muxed_dual_port_ram_0/raw_b_en]
copy_bd_objs instr_ram  [get_bd_pins {instr_ram/ram_en}]
set_property name ram_we [get_bd_pins instr_ram/ram_en1]
connect_bd_net [get_bd_pins instr_ram/ram_we] [get_bd_pins instr_ram/muxed_dual_port_ram_0/raw_b_we]
copy_bd_objs instr_ram  [get_bd_pins {instr_ram/ram_we}]
set_property name ram_addr [get_bd_pins instr_ram/ram_we1]
connect_bd_net [get_bd_pins instr_ram/ram_addr] [get_bd_pins instr_ram/muxed_dual_port_ram_0/raw_b_addr]
copy_bd_objs instr_ram  [get_bd_pins {instr_ram/ram_addr}]
set_property name ram_din [get_bd_pins instr_ram/ram_addr1]
connect_bd_net [get_bd_pins instr_ram/ram_din] [get_bd_pins instr_ram/muxed_dual_port_ram_0/raw_b_din]
copy_bd_objs instr_ram  [get_bd_pins {instr_ram/ram_en}]
set_property name ram_dout [get_bd_pins instr_ram/ram_en1]
set_property location {1252 252} [get_bd_pins instr_ram/ram_dout]
set_property location {1043 308} [get_bd_pins instr_ram/ram_dout]
delete_bd_objs [get_bd_pins instr_ram/ram_dout]
endgroup
create_bd_pin -dir O instr_ram/ram_dout
connect_bd_net [get_bd_pins instr_ram/ram_dout] [get_bd_pins instr_ram/muxed_dual_port_ram_0/raw_b_dout]
set_property location {1274 297} [get_bd_pins instr_ram/ram_dout]
regenerate_bd_layout -hierarchy [get_bd_cells instr_ram]
delete_bd_objs [get_bd_nets instr_ram/axi_bram_ctrl_0_bram_clk_a]
copy_bd_objs instr_ram  [get_bd_pins {instr_ram/ram_mux_select}]
set_property name ram_clk [get_bd_pins instr_ram/ram_mux_select1]
set_property location {275 141} [get_bd_pins instr_ram/ram_clk]
startgroup
connect_bd_net [get_bd_pins instr_ram/ram_clk] [get_bd_pins instr_ram/muxed_dual_port_ram_0/clk]
regenerate_bd_layout -hierarchy [get_bd_cells instr_ram]
connect_bd_intf_net -boundary_type upper [get_bd_intf_pins instr_ram/S_AXI_DATA] [get_bd_intf_pins smartconnect_0/M00_AXI]
connect_bd_intf_net -boundary_type upper [get_bd_intf_pins instr_ram/S_AXI_INST] [get_bd_intf_pins VexRiscvMcuAxi_0/iBusAxi]
assign_bd_address -target_address_space /axi_cdma_0/Data [get_bd_addr_segs instr_ram/axi_bram_ctrl_1/S_AXI/Mem0] -force
Slave segment '/instr_ram/axi_bram_ctrl_1/S_AXI/Mem0' is being assigned into address space '/axi_cdma_0/Data' at <0xC000_0000 [ 8K ]>.
assign_bd_address -target_address_space /VexRiscvMcuAxi_0/dBusAxi [get_bd_addr_segs instr_ram/axi_bram_ctrl_1/S_AXI/Mem0] -force
Slave segment '/instr_ram/axi_bram_ctrl_1/S_AXI/Mem0' is being assigned into address space '/VexRiscvMcuAxi_0/dBusAxi' at <0xC000_0000 [ 8K ]>.
set_property CONFIG.ADDR_WIDTH {12} [get_bd_cells instr_ram/muxed_dual_port_ram_0]
assign_bd_address
INFO: [BD 41-3093] Triggering Legacy Auto Assign Algorithm
Slave segment '/instr_ram/axi_bram_ctrl_0/S_AXI/Mem0' is being assigned into address space '/VexRiscvMcuAxi_0/iBusAxi' at <0xC000_0000 [ 8K ]>.
delete_bd_objs [get_bd_addr_segs] [get_bd_addr_segs -excluded]
assign_bd_address
INFO: [BD 41-3093] Triggering Legacy Auto Assign Algorithm
Slave segment '/axi_ram_0/s_axi/reg0' is being assigned into address space '/VexRiscvMcuAxi_0/dBusAxi' at <0x0000_0000 [ 64K ]>.
Slave segment '/axi_ram_0/s_axi/reg0' is being assigned into address space '/axi_cdma_0/Data' at <0x0000_0000 [ 64K ]>.
WARNING: [BD 41-1051] Slave segment '/axi_ram_0/s_axi/reg0' with 'register' usage does not match address space '/axi_cdma_0/Data' with 'memory' usage so will be excluded from this address space. Please use the 'include_bd_addr_seg' command to override this precaution if required.
Excluding slave segment /axi_ram_0/s_axi/reg0 from address space /axi_cdma_0/Data.
Slave segment '/axil_timer_64_0/S_AXI/reg0' is being assigned into address space '/VexRiscvMcuAxi_0/dBusAxi' at <0x0001_0000 [ 4K ]>.
Slave segment '/axil_timer_64_0/S_AXI/reg0' is being assigned into address space '/axi_cdma_0/Data' at <0x0001_0000 [ 4K ]>.
WARNING: [BD 41-1051] Slave segment '/axil_timer_64_0/S_AXI/reg0' with 'register' usage does not match address space '/axi_cdma_0/Data' with 'memory' usage so will be excluded from this address space. Please use the 'include_bd_addr_seg' command to override this precaution if required.
Excluding slave segment /axil_timer_64_0/S_AXI/reg0 from address space /axi_cdma_0/Data.
Slave segment '/plic_axil_wrapper_0/S_AXI/reg0' is being assigned into address space '/VexRiscvMcuAxi_0/dBusAxi' at <0x0001_1000 [ 4K ]>.
Slave segment '/plic_axil_wrapper_0/S_AXI/reg0' is being assigned into address space '/axi_cdma_0/Data' at <0x0001_1000 [ 4K ]>.
WARNING: [BD 41-1051] Slave segment '/plic_axil_wrapper_0/S_AXI/reg0' with 'register' usage does not match address space '/axi_cdma_0/Data' with 'memory' usage so will be excluded from this address space. Please use the 'include_bd_addr_seg' command to override this precaution if required.
Excluding slave segment /plic_axil_wrapper_0/S_AXI/reg0 from address space /axi_cdma_0/Data.
Slave segment '/instr_ram/axi_bram_ctrl_0/S_AXI/Mem0' is being assigned into address space '/VexRiscvMcuAxi_0/iBusAxi' at <0xC000_0000 [ 8K ]>.
Slave segment '/instr_ram/axi_bram_ctrl_1/S_AXI/Mem0' is being assigned into address space '/VexRiscvMcuAxi_0/dBusAxi' at <0xC000_0000 [ 8K ]>.
Slave segment '/instr_ram/axi_bram_ctrl_1/S_AXI/Mem0' is being assigned into address space '/axi_cdma_0/Data' at <0xC000_0000 [ 8K ]>.
Slave segment '/axi_cdma_0/S_AXI_LITE/Reg' is being assigned into address space '/VexRiscvMcuAxi_0/dBusAxi' at <0x44A0_0000 [ 64K ]>.
Slave segment '/axi_cdma_0/S_AXI_LITE/Reg' is being assigned into address space '/axi_cdma_0/Data' at <0x44A0_0000 [ 64K ]>.
WARNING: [BD 41-1051] Slave segment '/axi_cdma_0/S_AXI_LITE/Reg' with 'register' usage does not match address space '/axi_cdma_0/Data' with 'memory' usage so will be excluded from this address space. Please use the 'include_bd_addr_seg' command to override this precaution if required.
Excluding slave segment /axi_cdma_0/S_AXI_LITE/Reg from address space /axi_cdma_0/Data.
delete_bd_objs [get_bd_addr_segs] [get_bd_addr_segs -excluded]
assign_bd_address -target_address_space /VexRiscvMcuAxi_0/dBusAxi [get_bd_addr_segs instr_ram/axi_bram_ctrl_1/S_AXI/Mem0] -force
Slave segment '/instr_ram/axi_bram_ctrl_1/S_AXI/Mem0' is being assigned into address space '/VexRiscvMcuAxi_0/dBusAxi' at <0xC000_0000 [ 8K ]>.
set_property offset 0x00000000 [get_bd_addr_segs {VexRiscvMcuAxi_0/dBusAxi/SEG_axi_bram_ctrl_1_Mem0}]
set_property range 16K [get_bd_addr_segs {VexRiscvMcuAxi_0/dBusAxi/SEG_axi_bram_ctrl_1_Mem0}]
assign_bd_address
INFO: [BD 41-3093] Triggering Legacy Auto Assign Algorithm
Slave segment '/axi_ram_0/s_axi/reg0' is being assigned into address space '/VexRiscvMcuAxi_0/dBusAxi' at <0x0001_0000 [ 64K ]>.
Slave segment '/axi_ram_0/s_axi/reg0' is being assigned into address space '/axi_cdma_0/Data' at <0x0001_0000 [ 64K ]>.
WARNING: [BD 41-1051] Slave segment '/axi_ram_0/s_axi/reg0' with 'register' usage does not match address space '/axi_cdma_0/Data' with 'memory' usage so will be excluded from this address space. Please use the 'include_bd_addr_seg' command to override this precaution if required.
Excluding slave segment /axi_ram_0/s_axi/reg0 from address space /axi_cdma_0/Data.
Slave segment '/axil_timer_64_0/S_AXI/reg0' is being assigned into address space '/VexRiscvMcuAxi_0/dBusAxi' at <0x0000_4000 [ 4K ]>.
Slave segment '/axil_timer_64_0/S_AXI/reg0' is being assigned into address space '/axi_cdma_0/Data' at <0x0000_4000 [ 4K ]>.
WARNING: [BD 41-1051] Slave segment '/axil_timer_64_0/S_AXI/reg0' with 'register' usage does not match address space '/axi_cdma_0/Data' with 'memory' usage so will be excluded from this address space. Please use the 'include_bd_addr_seg' command to override this precaution if required.
Excluding slave segment /axil_timer_64_0/S_AXI/reg0 from address space /axi_cdma_0/Data.
Slave segment '/plic_axil_wrapper_0/S_AXI/reg0' is being assigned into address space '/VexRiscvMcuAxi_0/dBusAxi' at <0x0000_5000 [ 4K ]>.
Slave segment '/plic_axil_wrapper_0/S_AXI/reg0' is being assigned into address space '/axi_cdma_0/Data' at <0x0000_5000 [ 4K ]>.
WARNING: [BD 41-1051] Slave segment '/plic_axil_wrapper_0/S_AXI/reg0' with 'register' usage does not match address space '/axi_cdma_0/Data' with 'memory' usage so will be excluded from this address space. Please use the 'include_bd_addr_seg' command to override this precaution if required.
Excluding slave segment /plic_axil_wrapper_0/S_AXI/reg0 from address space /axi_cdma_0/Data.
Slave segment '/instr_ram/axi_bram_ctrl_0/S_AXI/Mem0' is being assigned into address space '/VexRiscvMcuAxi_0/iBusAxi' at <0xC000_0000 [ 8K ]>.
Slave segment '/instr_ram/axi_bram_ctrl_1/S_AXI/Mem0' is being assigned into address space '/axi_cdma_0/Data' at <0x0000_0000 [ 16K ]>.
Slave segment '/axi_cdma_0/S_AXI_LITE/Reg' is being assigned into address space '/VexRiscvMcuAxi_0/dBusAxi' at <0x44A0_0000 [ 64K ]>.
Slave segment '/axi_cdma_0/S_AXI_LITE/Reg' is being assigned into address space '/axi_cdma_0/Data' at <0x44A0_0000 [ 64K ]>.
WARNING: [BD 41-1051] Slave segment '/axi_cdma_0/S_AXI_LITE/Reg' with 'register' usage does not match address space '/axi_cdma_0/Data' with 'memory' usage so will be excluded from this address space. Please use the 'include_bd_addr_seg' command to override this precaution if required.
Excluding slave segment /axi_cdma_0/S_AXI_LITE/Reg from address space /axi_cdma_0/Data.
delete_bd_objs [get_bd_addr_segs VexRiscvMcuAxi_0/dBusAxi/SEG_axi_cdma_0_Reg] [get_bd_addr_segs VexRiscvMcuAxi_0/dBusAxi/SEG_plic_axil_wrapper_0_reg0] [get_bd_addr_segs VexRiscvMcuAxi_0/dBusAxi/SEG_axil_timer_64_0_reg0] [get_bd_addr_segs VexRiscvMcuAxi_0/dBusAxi/SEG_axi_ram_0_reg0] [get_bd_addr_segs VexRiscvMcuAxi_0/iBusAxi/SEG_axi_bram_ctrl_0_Mem0]
assign_bd_address -target_address_space /VexRiscvMcuAxi_0/dBusAxi [get_bd_addr_segs axi_ram_0/s_axi/reg0] -force
Slave segment '/axi_ram_0/s_axi/reg0' is being assigned into address space '/VexRiscvMcuAxi_0/dBusAxi' at <0x0001_0000 [ 64K ]>.
set_property offset 0x10000000 [get_bd_addr_segs {VexRiscvMcuAxi_0/dBusAxi/SEG_axi_ram_0_reg0}]
delete_bd_objs [get_bd_addr_segs axi_cdma_0/Data/SEG_axi_bram_ctrl_1_Mem0]
assign_bd_address -target_address_space /VexRiscvMcuAxi_0/iBusAxi [get_bd_addr_segs instr_ram/axi_bram_ctrl_0/S_AXI/Mem0] -force
Slave segment '/instr_ram/axi_bram_ctrl_0/S_AXI/Mem0' is being assigned into address space '/VexRiscvMcuAxi_0/iBusAxi' at <0xC000_0000 [ 8K ]>.
set_property offset 0x00000000 [get_bd_addr_segs {VexRiscvMcuAxi_0/iBusAxi/SEG_axi_bram_ctrl_0_Mem0}]
set_property range 16K [get_bd_addr_segs {VexRiscvMcuAxi_0/iBusAxi/SEG_axi_bram_ctrl_0_Mem0}]
assign_bd_address -target_address_space /VexRiscvMcuAxi_0/dBusAxi [get_bd_addr_segs plic_axil_wrapper_0/S_AXI/reg0] -force
Slave segment '/plic_axil_wrapper_0/S_AXI/reg0' is being assigned into address space '/VexRiscvMcuAxi_0/dBusAxi' at <0x0000_5000 [ 4K ]>.
assign_bd_address -target_address_space /VexRiscvMcuAxi_0/dBusAxi [get_bd_addr_segs axil_timer_64_0/S_AXI/reg0] -force
Slave segment '/axil_timer_64_0/S_AXI/reg0' is being assigned into address space '/VexRiscvMcuAxi_0/dBusAxi' at <0x0000_4000 [ 4K ]>.
set_property range 256 [get_bd_addr_segs {VexRiscvMcuAxi_0/dBusAxi/SEG_plic_axil_wrapper_0_reg0}]
set_property offset 0x00020000 [get_bd_addr_segs {VexRiscvMcuAxi_0/dBusAxi/SEG_plic_axil_wrapper_0_reg0}]
set_property offset 0x20000000 [get_bd_addr_segs {VexRiscvMcuAxi_0/dBusAxi/SEG_plic_axil_wrapper_0_reg0}]
set_property offset 0x20001000 [get_bd_addr_segs {VexRiscvMcuAxi_0/dBusAxi/SEG_axil_timer_64_0_reg0}]
set_property range 256 [get_bd_addr_segs {VexRiscvMcuAxi_0/dBusAxi/SEG_axil_timer_64_0_reg0}]
ERROR: [Common 17-243] Documentation data file not found.
assign_bd_address -target_address_space /VexRiscvMcuAxi_0/dBusAxi [get_bd_addr_segs axi_cdma_0/S_AXI_LITE/Reg] -force
Slave segment '/axi_cdma_0/S_AXI_LITE/Reg' is being assigned into address space '/VexRiscvMcuAxi_0/dBusAxi' at <0x44A0_0000 [ 64K ]>.
set_property offset 0x30000000 [get_bd_addr_segs {VexRiscvMcuAxi_0/dBusAxi/SEG_axi_cdma_0_Reg}]
assign_bd_address
INFO: [BD 41-3093] Triggering Legacy Auto Assign Algorithm
Slave segment '/instr_ram/axi_bram_ctrl_1/S_AXI/Mem0' is being assigned into address space '/axi_cdma_0/Data' at <0x0000_0000 [ 16K ]>.
delete_bd_objs [get_bd_addr_segs] [get_bd_addr_segs -excluded]
undo
WARNING: [Common 17-378] Calling 'undo' without closing open command group.
INFO: [Common 17-17] undo 'delete_bd_objs [get_bd_addr_segs] [get_bd_addr_segs -excluded]'
Excluding slave segment /plic_axil_wrapper_0/S_AXI/reg0 from address space /axi_cdma_0/Data.
Excluding slave segment /axil_timer_64_0/S_AXI/reg0 from address space /axi_cdma_0/Data.
Excluding slave segment /axi_ram_0/s_axi/reg0 from address space /axi_cdma_0/Data.
Excluding slave segment /axi_cdma_0/S_AXI_LITE/Reg from address space /axi_cdma_0/Data.
delete_bd_objs [get_bd_addr_segs axi_cdma_0/Data/SEG_axi_bram_ctrl_1_Mem0]
delete_bd_objs [get_bd_addr_segs -excluded axi_cdma_0/Data/SEG_axi_cdma_0_Reg]
delete_bd_objs [get_bd_addr_segs -excluded axi_cdma_0/Data/SEG_axi_ram_0_reg0]
delete_bd_objs [get_bd_addr_segs -excluded axi_cdma_0/Data/SEG_axil_timer_64_0_reg0]
delete_bd_objs [get_bd_addr_segs -excluded axi_cdma_0/Data/SEG_plic_axil_wrapper_0_reg0]
create_bd_cell -type hier peripherals
/peripherals
move_bd_cells [get_bd_cells peripherals] [get_bd_cells smartconnect_1]
move_bd_cells [get_bd_cells peripherals] [get_bd_cells plic_axil_wrapper_0]
move_bd_cells [get_bd_cells peripherals] [get_bd_cells axil_timer_64_0]
set_property location {3 643 -108} [get_bd_cells peripherals/plic_axil_wrapper_0]
set_property location {2 630 -217} [get_bd_cells peripherals/plic_axil_wrapper_0]
set_property location {2 641 -64} [get_bd_cells peripherals/axil_timer_64_0]
set_property location {795 -37} [get_bd_pins peripherals/IRQ]
set_property location {795 -60} [get_bd_pins peripherals/IRQ]
set_property location {3 415 260} [get_bd_cells axi_cdma_0]
set_property location {3 423 300} [get_bd_cells axi_cdma_0]
set_property location {3 421 320} [get_bd_cells axi_cdma_0]
startgroup
make_bd_pins_external  [get_bd_cells peripherals/plic_axil_wrapper_0]
make_bd_intf_pins_external  [get_bd_cells peripherals/plic_axil_wrapper_0]
endgroup
undo
WARNING: [Common 17-378] Calling 'undo' without closing open command group.
INFO: [Common 17-17] undo 'endgroup'
INFO: [Common 17-17] undo 'make_bd_intf_pins_external  [get_bd_cells peripherals/plic_axil_wrapper_0]'
INFO: [Common 17-17] undo 'make_bd_pins_external  [get_bd_cells peripherals/plic_axil_wrapper_0]'
INFO: [Common 17-17] undo 'startgroup'
set_property location {3.5 542 81} [get_bd_cells axi_ram_0]
set_property location {4 524 114} [get_bd_cells axi_ram_0]
set_property location {4 491 210} [get_bd_cells axi_ram_0]
set_property location {3 371 427} [get_bd_cells axi_cdma_0]
set_property location {3.5 435 440} [get_bd_cells axi_cdma_0]
set_property location {4 475 254} [get_bd_cells axi_ram_0]
set_property location {4 427 273} [get_bd_cells axi_ram_0]
set_property location {4.5 778 79} [get_bd_cells peripherals]
set_property location {4.5 683 144} [get_bd_cells peripherals]
set_property location {5 629 244} [get_bd_cells peripherals]
set_property location {5 700 334} [get_bd_cells peripherals]
set_property location {5 703 358} [get_bd_cells peripherals]
set_property location {5 713 354} [get_bd_cells peripherals]
set_property location {5.5 1064 279} [get_bd_cells instr_ram]
set_property location {5 1067 249} [get_bd_cells instr_ram]
set_property location {4 732 308} [get_bd_cells peripherals]
regenerate_bd_layout
save_bd_design
Wrote  : </home/ryanb/Documents/MINA/hw/custom_ip/MINA_proj/MINA_proj.srcs/sources_1/bd/design_1/design_1.bd> 
Wrote  : </home/ryanb/Documents/MINA/hw/custom_ip/MINA_proj/MINA_proj.srcs/sources_1/bd/design_1/ui/bd_1f5defd0.ui> 
Wrote  : </home/ryanb/Documents/MINA/hw/custom_ip/MINA_proj/MINA_proj.srcs/sources_1/bd/design_1/ui/bd_ec15ec3b.ui> 
Wrote  : </home/ryanb/Documents/MINA/hw/custom_ip/MINA_proj/MINA_proj.srcs/sources_1/bd/design_1/ui/bd_fbe1e0a7.ui> 
reset_run synth_1
INFO: [Project 1-1160] Copying file /home/ryanb/Documents/MINA/hw/custom_ip/MINA_proj/MINA_proj.runs/synth_1/VexRiscvMcuAxi.dcp to /home/ryanb/Documents/MINA/hw/custom_ip/MINA_proj/MINA_proj.srcs/utils_1/imports/synth_1 and adding it to utils fileset
launch_runs synth_1 -jobs 8
[Sat Sep  5 21:29:54 2026] Launched synth_1...
Run output will be captured here: /home/ryanb/Documents/MINA/hw/custom_ip/MINA_proj/MINA_proj.runs/synth_1/runme.log
open_run synth_1 -name synth_1
Design is defaulting to impl run constrset: constrs_1
Design is defaulting to synth run part: xc7s50csga324-1
INFO: [Device 21-403] Loading part xc7s50csga324-1
INFO: [Project 1-5699] Read binary netlist with skipMacroContent - 1
Netlist sorting complete. Time (s): cpu = 00:00:00.01 ; elapsed = 00:00:00.01 . Memory (MB): peak = 12305.875 ; gain = 0.000 ; free physical = 2977 ; free virtual = 12747
INFO: [Netlist 29-17] Analyzing 115 Unisim elements for replacement
INFO: [Netlist 29-28] Unisim Transformation completed in 0 CPU seconds
INFO: [Project 1-479] Netlist was created with Vivado 2025.2
INFO: [Project 1-570] Preparing netlist for logic optimization
INFO: [Opt 31-138] Pushed 0 inverter(s) to 0 load pin(s).
Netlist sorting complete. Time (s): cpu = 00:00:00 ; elapsed = 00:00:00 . Memory (MB): peak = 12415.738 ; gain = 0.000 ; free physical = 2902 ; free virtual = 12673
INFO: [Project 1-111] Unisim Transformation Summary:
No Unisim elements were transformed.

close_design
close_bd_design [get_bd_designs design_1]
Wrote  : </home/ryanb/Documents/MINA/hw/custom_ip/MINA_proj/MINA_proj.srcs/sources_1/bd/design_1/ui/bd_1f5defd0.ui> 
Wrote  : </home/ryanb/Documents/MINA/hw/custom_ip/MINA_proj/MINA_proj.srcs/sources_1/bd/design_1/ui/bd_ec15ec3b.ui> 
Wrote  : </home/ryanb/Documents/MINA/hw/custom_ip/MINA_proj/MINA_proj.srcs/sources_1/bd/design_1/ui/bd_fbe1e0a7.ui> 
INFO: [IP_Flow 19-234] Refreshing IP repositories
INFO: [IP_Flow 19-1704] No user IP repositories specified
INFO: [IP_Flow 19-234] Refreshing IP repositories
INFO: [IP_Flow 19-1704] No user IP repositories specified
INFO: [IP_Flow 19-234] Refreshing IP repositories
INFO: [IP_Flow 19-1704] No user IP repositories specified
INFO: [IP_Flow 19-234] Refreshing IP repositories
INFO: [IP_Flow 19-1704] No user IP repositories specified
open_bd_design {/home/ryanb/Documents/MINA/hw/custom_ip/MINA_proj/MINA_proj.srcs/sources_1/bd/design_1/design_1.bd}
Reading block design file </home/ryanb/Documents/MINA/hw/custom_ip/MINA_proj/MINA_proj.srcs/sources_1/bd/design_1/design_1.bd>...
Adding component instance block -- xilinx.com:module_ref:VexRiscvMcuAxi:1.0 - VexRiscvMcuAxi_0
Adding component instance block -- xilinx.com:module_ref:axi_ram:1.0 - axi_ram_0
Adding component instance block -- xilinx.com:ip:axi_cdma:4.1 - axi_cdma_0
Adding component instance block -- xilinx.com:ip:smartconnect:1.0 - smartconnect_0
Adding component instance block -- xilinx.com:module_ref:muxed_dual_port_ram:1.0 - muxed_dual_port_ram_0
Adding component instance block -- xilinx.com:ip:axi_bram_ctrl:4.1 - axi_bram_ctrl_1
Adding component instance block -- xilinx.com:ip:axi_bram_ctrl:4.1 - axi_bram_ctrl_0
Adding component instance block -- xilinx.com:ip:smartconnect:1.0 - smartconnect_1
Adding component instance block -- xilinx.com:module_ref:plic_axil_wrapper:1.0 - plic_axil_wrapper_0
Adding component instance block -- xilinx.com:module_ref:axil_timer_64:1.0 - axil_timer_64_0
Successfully read diagram <design_1> from block design file </home/ryanb/Documents/MINA/hw/custom_ip/MINA_proj/MINA_proj.srcs/sources_1/bd/design_1/design_1.bd>
close [ open /home/ryanb/Documents/MINA/hw/custom_ip/uart_with_bootloader.vhd w ]
add_files /home/ryanb/Documents/MINA/hw/custom_ip/uart_with_bootloader.vhd
update_compile_order -fileset sources_1
create_bd_cell -type module -reference axi_uart_bootloader axi_uart_bootloader_0
INFO: [IP_Flow 19-5107] Inferred bus interface 's_axi' of definition 'xilinx.com:interface:aximm:1.0' (from Xilinx Repository).
INFO: [IP_Flow 19-5107] Inferred bus interface 's_axi_aresetn' of definition 'xilinx.com:signal:reset:1.0' (from Xilinx Repository).
INFO: [IP_Flow 19-5107] Inferred bus interface 's_axi_aclk' of definition 'xilinx.com:signal:clock:1.0' (from Xilinx Repository).
INFO: [IP_Flow 19-5107] Inferred bus interface 'uart_irq' of definition 'xilinx.com:signal:interrupt:1.0' (from Xilinx Repository).
INFO: [IP_Flow 19-4728] Bus Interface 's_axi_aresetn': Added interface parameter 'POLARITY' with value 'ACTIVE_LOW'.
INFO: [IP_Flow 19-4728] Bus Interface 'uart_irq': Added interface parameter 'SENSITIVITY' with value 'LEVEL_HIGH'.
INFO: [IP_Flow 19-4728] Bus Interface 's_axi_aclk': Added interface parameter 'ASSOCIATED_BUSIF' with value 's_axi'.
INFO: [IP_Flow 19-4728] Bus Interface 's_axi_aclk': Added interface parameter 'ASSOCIATED_RESET' with value 's_axi_aresetn'.
WARNING: [IP_Flow 19-11770] Clock interface 's_axi_aclk' has no FREQ_HZ parameter.
set_property location {3.5 1169 498} [get_bd_cells axi_uart_bootloader_0]
set_property location {3 862 530} [get_bd_cells axi_uart_bootloader_0]
move_bd_cells [get_bd_cells peripherals] [get_bd_cells axi_uart_bootloader_0]
move_bd_cells [get_bd_cells /] [get_bd_cells peripherals/axi_uart_bootloader_0]
undo
INFO: [Common 17-17] undo 'move_bd_cells [get_bd_cells /] [get_bd_cells peripherals/axi_uart_bootloader_0]'
undo
INFO: [Common 17-17] undo 'move_bd_cells [get_bd_cells peripherals] [get_bd_cells axi_uart_bootloader_0]'
undo
INFO: [Common 17-17] undo 'set_property location {3 862 530} [get_bd_cells axi_uart_bootloader_0]'
undo
INFO: [Common 17-17] undo 'set_property location {3.5 1169 498} [get_bd_cells axi_uart_bootloader_0]'
undo
INFO: [Common 17-17] undo 'create_bd_cell -type module -reference axi_uart_bootloader axi_uart_bootloader_0'
redo
INFO: [Common 17-16] redo 'create_bd_cell -type module -reference axi_uart_bootloader axi_uart_bootloader_0'
move_bd_cells [get_bd_cells peripherals] [get_bd_cells axi_uart_bootloader_0]
set_property location {2 567 103} [get_bd_cells peripherals/axi_uart_bootloader_0]
connect_bd_intf_net [get_bd_intf_pins peripherals/axi_uart_bootloader_0/s_axi] [get_bd_intf_pins peripherals/smartconnect_1/M02_AXI]
create_bd_pin -dir I peripherals/axi_resetn
startgroup
connect_bd_net [get_bd_pins peripherals/axi_resetn] [get_bd_pins peripherals/plic_axil_wrapper_0/S_AXI_ARESETN]
connect_bd_net [get_bd_pins peripherals/axi_resetn] [get_bd_pins peripherals/axil_timer_64_0/S_AXI_ARESETN]
connect_bd_net [get_bd_pins peripherals/axi_resetn] [get_bd_pins peripherals/axi_uart_bootloader_0/s_axi_aresetn]
copy_bd_objs peripherals  [get_bd_pins {peripherals/axi_resetn}]
set_property name axi_clk [get_bd_pins peripherals/axi_resetn1]
WARNING: [Vivado 12-107] Warning: command group already in progress: resetting Undo stack
startgroup
connect_bd_net [get_bd_pins peripherals/axi_clk] [get_bd_pins peripherals/plic_axil_wrapper_0/S_AXI_ACLK]
connect_bd_net [get_bd_pins peripherals/axi_clk] [get_bd_pins peripherals/axil_timer_64_0/S_AXI_ACLK]
connect_bd_net [get_bd_pins peripherals/axi_clk] [get_bd_pins peripherals/axi_uart_bootloader_0/s_axi_aclk]
copy_bd_objs peripherals  [get_bd_pins {peripherals/axi_resetn}]
set_property name timer_clk_in [get_bd_pins peripherals/axi_resetn1]
connect_bd_net [get_bd_pins peripherals/timer_clk_in] [get_bd_pins peripherals/axil_timer_64_0/TIMER_CLK_IN]
regenerate_bd_layout -hierarchy [get_bd_cells peripherals]
set_property name timer_irq [get_bd_pins peripherals/IRQ]
set_property name ext_irq [get_bd_pins peripherals/ext_intr]
copy_bd_objs peripherals  [get_bd_pins {peripherals/axi_resetn}]
set_property location {-7 125} [get_bd_pins peripherals/axi_resetn1]
set_property name boot_mode [get_bd_pins peripherals/axi_resetn1]
WARNING: [Vivado 12-107] Warning: command group already in progress: resetting Undo stack
startgroup
connect_bd_net [get_bd_pins peripherals/boot_mode] [get_bd_pins peripherals/axi_uart_bootloader_0/boot_mode]
endgroup
set_property location {-11 120} [get_bd_pins peripherals/boot_mode]
startgroup
create_bd_cell -type ip -vlnv xilinx.com:ip:xlslice:1.0 peripherals/xlslice_0
INFO: [BD 5-1043] It is recommended to use inline hdl version xilinx.com:inline_hdl:ilslice:1.0 for the IP type xilinx.com:ip:xlslice:1.0 for improved performance and reduced disk space. IPs with VLNV xilinx.com:ip:xlslice:1.0 will not be supported from release 2025.2. More information on inline hdl IP is available in UG994 
endgroup
delete_bd_objs [get_bd_cells peripherals/xlslice_0]
startgroup
create_bd_cell -type ip -vlnv xilinx.com:ip:xlconcat:2.1 peripherals/xlconcat_0
INFO: [BD 5-1043] It is recommended to use inline hdl version xilinx.com:inline_hdl:ilconcat:1.0 for the IP type xilinx.com:ip:xlconcat:2.1 for improved performance and reduced disk space. IPs with VLNV xilinx.com:ip:xlconcat:2.1 will not be supported from release 2025.2. More information on inline hdl IP is available in UG994 
endgroup
set_property CONFIG.NUM_PORTS {7} [get_bd_cells peripherals/xlconcat_0]
set_property CONFIG.NUM_PORTS {8} [get_bd_cells peripherals/xlconcat_0]
connect_bd_net [get_bd_pins peripherals/xlconcat_0/dout] [get_bd_pins peripherals/plic_axil_wrapper_0/intr_pins]
regenerate_bd_layout -hierarchy [get_bd_cells peripherals]
connect_bd_net [get_bd_pins peripherals/axi_uart_bootloader_0/uart_irq] [get_bd_pins peripherals/xlconcat_0/In0]
regenerate_bd_layout -hierarchy [get_bd_cells peripherals]
copy_bd_objs peripherals  [get_bd_pins {peripherals/axi_clk}]
set_property location {-16 470} [get_bd_pins peripherals/axi_clk1]
set_property location {-19 446} [get_bd_pins peripherals/axi_clk1]
connect_bd_net [get_bd_pins peripherals/axi_clk1] [get_bd_pins peripherals/xlconcat_0/In1]
set_property name cdma_irq [get_bd_pins peripherals/axi_clk1]
connect_bd_net [get_bd_pins peripherals/cdma_irq] [get_bd_pins axi_cdma_0/cdma_introut]
startgroup
set_property CONFIG.BRAM_ADDR_WIDTH {12} [get_bd_cells peripherals/axi_uart_bootloader_0]
endgroup
startgroup
make_bd_pins_external  [get_bd_pins peripherals/axi_uart_bootloader_0/uart_tx]
endgroup
startgroup
make_bd_pins_external  [get_bd_pins peripherals/axi_uart_bootloader_0/uart_rx]
endgroup
create_bd_pin -dir O peripherals/bram_en
connect_bd_net [get_bd_pins peripherals/bram_en] [get_bd_pins peripherals/axi_uart_bootloader_0/bram_en]
copy_bd_objs peripherals  [get_bd_pins {peripherals/bram_en}]
set_property name bram_we [get_bd_pins peripherals/bram_en1]
connect_bd_net [get_bd_pins peripherals/bram_we] [get_bd_pins peripherals/axi_uart_bootloader_0/bram_we]
copy_bd_objs peripherals  [get_bd_pins {peripherals/bram_we}]
set_property name bram_addr [get_bd_pins peripherals/bram_we1]
connect_bd_net [get_bd_pins peripherals/bram_addr] [get_bd_pins peripherals/axi_uart_bootloader_0/bram_addr]
copy_bd_objs peripherals  [get_bd_pins {peripherals/bram_addr}]
set_property name bram_d [get_bd_pins peripherals/bram_addr1]
connect_bd_net [get_bd_pins peripherals/bram_d] [get_bd_pins peripherals/axi_uart_bootloader_0/bram_din]
regenerate_bd_layout -hierarchy [get_bd_cells instr_ram]
regenerate_bd_layout -hierarchy [get_bd_cells peripherals]
connect_bd_net [get_bd_pins peripherals/bram_en] [get_bd_pins instr_ram/ram_en] -boundary_type upper
connect_bd_net [get_bd_pins peripherals/bram_we] [get_bd_pins instr_ram/ram_we] -boundary_type upper
connect_bd_net [get_bd_pins peripherals/bram_addr] [get_bd_pins instr_ram/ram_addr] -boundary_type upper
connect_bd_net [get_bd_pins peripherals/bram_d] [get_bd_pins instr_ram/ram_din] -boundary_type upper
regenerate_bd_layout
startgroup
create_bd_cell -type ip -vlnv xilinx.com:ip:axi_gpio:2.0 axi_gpio_0
endgroup
move_bd_cells [get_bd_cells peripherals] [get_bd_cells axi_gpio_0]
move_bd_cells [get_bd_cells /] [get_bd_cells peripherals/axi_gpio_0]
move_bd_cells [get_bd_cells peripherals] [get_bd_cells axi_gpio_0]
regenerate_bd_layout
connect_bd_intf_net [get_bd_intf_pins peripherals/axi_gpio_0/S_AXI] [get_bd_intf_pins peripherals/smartconnect_1/M03_AXI]
connect_bd_net [get_bd_pins peripherals/axi_clk] [get_bd_pins peripherals/axi_gpio_0/s_axi_aclk]
connect_bd_net [get_bd_pins peripherals/axi_resetn] [get_bd_pins peripherals/axi_gpio_0/s_axi_aresetn]
startgroup
set_property -dict [list \
  CONFIG.C_ALL_INPUTS {0} \
  CONFIG.C_INTERRUPT_PRESENT {0} \
] [get_bd_cells peripherals/axi_gpio_0]
endgroup
regenerate_bd_layout -hierarchy [get_bd_cells peripherals]
assign_bd_address -target_address_space /VexRiscvMcuAxi_0/dBusAxi [get_bd_addr_segs peripherals/axi_uart_bootloader_0/s_axi/reg0] -force
Slave segment '/peripherals/axi_uart_bootloader_0/s_axi/reg0' is being assigned into address space '/VexRiscvMcuAxi_0/dBusAxi' at <0x8000_0000 [ 2G ]>.
set_property range 1K [get_bd_addr_segs {VexRiscvMcuAxi_0/dBusAxi/SEG_axi_uart_bootloader_0_reg0}]
set_property offset 0x20002000 [get_bd_addr_segs {VexRiscvMcuAxi_0/dBusAxi/SEG_axi_uart_bootloader_0_reg0}]
assign_bd_address -target_address_space /VexRiscvMcuAxi_0/dBusAxi [get_bd_addr_segs peripherals/axi_gpio_0/S_AXI/Reg] -force
Slave segment '/peripherals/axi_gpio_0/S_AXI/Reg' is being assigned into address space '/VexRiscvMcuAxi_0/dBusAxi' at <0x4000_0000 [ 64K ]>.
set_property range 4K [get_bd_addr_segs {VexRiscvMcuAxi_0/dBusAxi/SEG_axi_gpio_0_Reg}]
set_property offset 0x20003000 [get_bd_addr_segs {VexRiscvMcuAxi_0/dBusAxi/SEG_axi_gpio_0_Reg}]
startgroup
set_property CONFIG.C_INTERRUPT_PRESENT {1} [get_bd_cells peripherals/axi_gpio_0]
endgroup
connect_bd_net [get_bd_pins peripherals/axi_gpio_0/ip2intc_irpt] [get_bd_pins peripherals/xlconcat_0/In2]
regenerate_bd_layout -hierarchy [get_bd_cells peripherals]
